Cnic,Full Name,Status,Disabled,Province,City,Block Code,Serial Number
1000000000001,Muhammad Malik,Active,Yes,Balochistan,Quetta,1,1
,Adnan Gul,Active,Yes,Balochistan,Quetta,1,2
,Adnan Baig,Active,Yes,Balochistan,Quetta,1,3
,Naveed Bugti,Active,Yes,Balochistan,Quetta,1,4
,Samina Ahmed,Active,Yes,Balochistan,Quetta,1,5
,Usman Abbasi,Active,Yes,Balochistan,Quetta,1,6
,Ali Baig,Active,Yes,Balochistan,Quetta,1,7
,Kamran Mahar,Active,Yes,Balochistan,Quetta,1,8
,Imran Memon,Active,Yes,Balochistan,Quetta,1,9
,Muhammad Jan,Active,Yes,Balochistan,Quetta,1,10
,Zubair Chaudhry,Active,Yes,Balochistan,Quetta,1,11
,Muhammad Sheikh,Active,Yes,Balochistan,Quetta,1,12
,Waqas Khan,Active,Yes,Balochistan,Quetta,1,13
,Asim Laghari,Active,Yes,Balochistan,Quetta,1,14
,Arsalan Shah,Active,Yes,Balochistan,Quetta,1,15
,Rashid Tareen,Active,Yes,Balochistan,Quetta,1,16
,Babar Shah,Active,Yes,Balochistan,Quetta,1,17
,Faisal Siddiqui,Active,Yes,Balochistan,Quetta,1,18
,Ali Raza,Active,Yes,Balochistan,Quetta,1,19
,Junaid Butt,Active,Yes,Balochistan,Quetta,1,20
,Waqas Sheikh,Active,Yes,Balochistan,Quetta,1,21
,Arsalan Jan,Active,Yes,Balochistan,Quetta,1,22
,Kashif Khan,Active,Yes,Balochistan,Quetta,1,23
,Usman Mengal,Active,Yes,Balochistan,Quetta,1,24
,Iqra Laghari,Active,Yes,Balochistan,Quetta,1,25
,Kashif Chaudhry,Active,Yes,Balochistan,Quetta,1,26
,Rashid Shah,Active,Yes,Balochistan,Quetta,1,27
,Imran Abbasi,Active,Yes,Balochistan,Quetta,1,28
,Rabia Siddiqui,Active,Yes,Balochistan,Quetta,1,29
,Zainab Ahmed,Active,Yes,Balochistan,Quetta,1,30
,Arsalan Khan,Active,Yes,Balochistan,Quetta,1,31
,Bilal Butt,Active,Yes,Balochistan,Quetta,1,32
,Ahmed Abbasi,Active,Yes,Balochistan,Quetta,1,33
,Tariq Jan,Active,Yes,Balochistan,Quetta,1,34
,Zainab Tareen,Active,Yes,Balochistan,Quetta,1,35
,Samina Baig,Active,Yes,Balochistan,Quetta,1,36
,Sana Siddiqui,Active,Yes,Balochistan,Quetta,1,37
,Usman Mengal,Active,Yes,Balochistan,Quetta,1,38
,Usman Gul,Active,Yes,Balochistan,Quetta,1,39
,Hira Tareen,Active,Yes,Balochistan,Quetta,1,40
,Sana Baig,Active,Yes,Balochistan,Quetta,1,41
,Imran Mengal,Active,Yes,Balochistan,Quetta,1,42
,Hira Mahar,Active,Yes,Balochistan,Quetta,1,43
,Babar Chaudhry,Active,Yes,Balochistan,Quetta,1,44
,Hamza Ansari,Active,Yes,Balochistan,Quetta,1,45
,Muhammad Baig,Active,Yes,Balochistan,Quetta,1,46
,Zainab Jan,Active,Yes,Balochistan,Quetta,1,47
,Ali Qureshi,Active,Yes,Balochistan,Quetta,1,48
,Kashif Chaudhry,Active,Yes,Balochistan,Quetta,1,49
,Rabia Baig,Active,Yes,Balochistan,Quetta,1,50
,Muhammad Khattak,Active,Yes,Balochistan,Quetta,1,51
,Arsalan Siddiqui,Active,Yes,Balochistan,Quetta,1,52
,Usman Raza,Active,Yes,Balochistan,Quetta,1,53
,Iqra Memon,Active,Yes,Balochistan,Quetta,1,54
,Kashif Bugti,Active,Yes,Balochistan,Quetta,1,55
,Fatima Mahar,Active,Yes,Balochistan,Quetta,1,56
,Maryam Memon,Active,Yes,Balochistan,Quetta,1,57
,Sana Mengal,Active,Yes,Balochistan,Quetta,1,58
,Samina Memon,Active,Yes,Balochistan,Quetta,1,59
,Waqas Sheikh,Active,Yes,Balochistan,Quetta,1,60
,Rashid Ansari,Active,Yes,Balochistan,Quetta,1,61
,Tariq Raza,Active,Yes,Balochistan,Quetta,1,62
,Zeeshan Laghari,Active,Yes,Balochistan,Quetta,1,63
,Tariq Baig,Active,Yes,Balochistan,Quetta,1,64
,Usman Bhatti,Active,Yes,Balochistan,Quetta,1,65
,Zubair Mirza,Active,Yes,Balochistan,Quetta,1,66
,Babar Siddiqui,Active,Yes,Balochistan,Quetta,1,67
,Iqra Bugti,Active,Yes,Balochistan,Quetta,1,68
,Shahid Siddiqui,Active,Yes,Balochistan,Quetta,1,69
,Fatima Mirza,Active,Yes,Balochistan,Quetta,1,70
,Fatima Chaudhry,Active,Yes,Balochistan,Quetta,1,71
,Sidra Qureshi,Active,Yes,Balochistan,Quetta,1,72
,Arsalan Qureshi,Active,Yes,Balochistan,Quetta,1,73
,Shahid Khattak,Active,Yes,Balochistan,Quetta,1,74
,Farhan Gul,Active,Yes,Balochistan,Quetta,1,75
,Saad Mengal,Active,Yes,Balochistan,Quetta,1,76
,Ahmed Siddiqui,Active,Yes,Balochistan,Quetta,1,77
,Tariq Bugti,Active,Yes,Balochistan,Quetta,1,78
,Zubair Jan,Active,Yes,Balochistan,Quetta,1,79
,Faisal Khan,Active,Yes,Balochistan,Quetta,1,80
,Muhammad Sheikh,Active,Yes,Balochistan,Quetta,1,81
,Bilal Butt,Active,Yes,Balochistan,Quetta,1,82
,Sana Chaudhry,Active,Yes,Balochistan,Quetta,1,83
,Waqas Butt,Active,Yes,Balochistan,Quetta,1,84
,Saad Mirza,Active,Yes,Balochistan,Quetta,1,85
,Waqas Butt,Active,Yes,Balochistan,Quetta,1,86
,Iqra Khan,Active,Yes,Balochistan,Quetta,1,87
,Adnan Ansari,Active,Yes,Balochistan,Quetta,1,88
,Fatima Memon,Active,Yes,Balochistan,Quetta,1,89
,Naveed Shah,Active,Yes,Balochistan,Quetta,1,90
,Usman Raza,Active,Yes,Balochistan,Quetta,1,91
,Faisal Chaudhry,Active,Yes,Balochistan,Quetta,1,92
,Hira Memon,Active,Yes,Balochistan,Quetta,1,93
,Fatima Rind,Active,Yes,Balochistan,Quetta,1,94
,Arsalan Abbasi,Active,Yes,Balochistan,Quetta,1,95
,Rashid Ansari,Active,Yes,Balochistan,Quetta,1,96
,Naveed Rind,Active,Yes,Balochistan,Quetta,1,97
,Hira Tareen,Active,Yes,Balochistan,Quetta,1,98
,Ali Chaudhry,Active,Yes,Balochistan,Quetta,1,99
,Asim Bhatti,Active,Yes,Balochistan,Quetta,1,100
,Asim Bhatti,Active,Yes,Balochistan,Quetta,2,101
,Iqra Rind,Active,Yes,Balochistan,Quetta,2,102
,Rashid Mengal,Active,Yes,Balochistan,Quetta,2,103
,Zeeshan Khan,Active,Yes,Balochistan,Quetta,2,104
,Zainab Chaudhry,Active,Yes,Balochistan,Quetta,2,105
,Ali Tareen,Active,Yes,Balochistan,Quetta,2,106
,Bilal Tareen,Active,Yes,Balochistan,Quetta,2,107
,Ahmed Ahmed,Active,Yes,Balochistan,Quetta,2,108
,Kamran Mengal,Active,Yes,Balochistan,Quetta,2,109
,Kamran Rind,Active,Yes,Balochistan,Quetta,2,110
,Rabia Siddiqui,Active,Yes,Balochistan,Quetta,2,111
,Hira Tareen,Active,Yes,Balochistan,Quetta,2,112
,Bilal Shah,Active,Yes,Balochistan,Quetta,2,113
,Imran Laghari,Active,Yes,Balochistan,Quetta,2,114
,Babar Jan,Active,Yes,Balochistan,Quetta,2,115
,Asim Raza,Active,Yes,Balochistan,Quetta,2,116
,Ahmed Khan,Active,Yes,Balochistan,Quetta,2,117
,Yasir Laghari,Active,Yes,Balochistan,Quetta,2,118
,Imran Memon,Active,Yes,Balochistan,Quetta,2,119
,Bilal Tareen,Active,Yes,Balochistan,Quetta,2,120
,Kashif Jan,Active,Yes,Balochistan,Quetta,2,121
,Ali Ahmed,Active,Yes,Balochistan,Quetta,2,122
,Yasir Baig,Active,Yes,Balochistan,Quetta,2,123
,Imran Chaudhry,Active,Yes,Balochistan,Quetta,2,124
,Farhan Laghari,Active,Yes,Balochistan,Quetta,2,125
,Sana Jan,Active,Yes,Balochistan,Quetta,2,126
,Kashif Rind,Active,Yes,Balochistan,Quetta,2,127
,Ayesha Ahmed,Active,Yes,Balochistan,Quetta,2,128
,Imran Sheikh,Active,Yes,Balochistan,Quetta,2,129
,Fatima Khattak,Active,Yes,Balochistan,Quetta,2,130
,Kashif Butt,Active,Yes,Balochistan,Quetta,2,131
,Muhammad Chaudhry,Active,Yes,Balochistan,Quetta,2,132
,Imran Shah,Active,Yes,Balochistan,Quetta,2,133
,Kamran Mahar,Active,Yes,Balochistan,Quetta,2,134
,Tariq Shah,Active,Yes,Balochistan,Quetta,2,135
,Yasir Ansari,Active,Yes,Balochistan,Quetta,2,136
,Ali Malik,Active,Yes,Balochistan,Quetta,2,137
,Waqas Mengal,Active,Yes,Balochistan,Quetta,2,138
,Junaid Gul,Active,Yes,Balochistan,Quetta,2,139
,Tariq Chaudhry,Active,Yes,Balochistan,Quetta,2,140
,Rashid Khan,Active,Yes,Balochistan,Quetta,2,141
,Babar Tareen,Active,Yes,Balochistan,Quetta,2,142
,Sidra Mirza,Active,Yes,Balochistan,Quetta,2,143
,Hamza Siddiqui,Active,Yes,Balochistan,Quetta,2,144
,Farhan Khan,Active,Yes,Balochistan,Quetta,2,145
,Rashid Raza,Active,Yes,Balochistan,Quetta,2,146
,Rabia Bugti,Active,Yes,Balochistan,Quetta,2,147
,Zubair Sheikh,Active,Yes,Balochistan,Quetta,2,148
,Hira Memon,Active,Yes,Balochistan,Quetta,2,149
,Babar Mirza,Active,Yes,Balochistan,Quetta,2,150
,Iqra Bugti,Active,Yes,Balochistan,Quetta,2,151
,Maryam Khan,Active,Yes,Balochistan,Quetta,2,152
,Babar Qureshi,Active,Yes,Balochistan,Quetta,2,153
,Babar Butt,Active,Yes,Balochistan,Quetta,2,154
,Ahmed Ansari,Active,Yes,Balochistan,Quetta,2,155
,Saad Butt,Active,Yes,Balochistan,Quetta,2,156
,Tariq Shah,Active,Yes,Balochistan,Quetta,2,157
,Shahid Rind,Active,Yes,Balochistan,Quetta,2,158
,Kamran Gul,Active,Yes,Balochistan,Quetta,2,159
,Babar Gul,Active,Yes,Balochistan,Quetta,2,160
,Arsalan Laghari,Active,Yes,Balochistan,Quetta,2,161
,Iqra Baig,Active,Yes,Balochistan,Quetta,2,162
,Babar Khattak,Active,Yes,Balochistan,Quetta,2,163
,Rabia Sheikh,Active,Yes,Balochistan,Quetta,2,164
,Saad Chaudhry,Active,Yes,Balochistan,Quetta,2,165
,Faisal Ansari,Active,Yes,Balochistan,Quetta,2,166
,Rabia Mengal,Active,Yes,Balochistan,Quetta,2,167
,Adnan Siddiqui,Active,Yes,Balochistan,Quetta,2,168
,Ali Mahar,Active,Yes,Balochistan,Quetta,2,169
,Shahid Laghari,Active,Yes,Balochistan,Quetta,2,170
,Ali Ansari,Active,Yes,Balochistan,Quetta,2,171
,Farhan Bhatti,Active,Yes,Balochistan,Quetta,2,172
,Ayesha Bugti,Active,Yes,Balochistan,Quetta,2,173
,Arsalan Sheikh,Active,Yes,Balochistan,Quetta,2,174
,Saad Siddiqui,Active,Yes,Balochistan,Quetta,2,175
,Zubair Sheikh,Active,Yes,Balochistan,Quetta,2,176
,Kamran Shah,Active,Yes,Balochistan,Quetta,2,177
,Naveed Shah,Active,Yes,Balochistan,Quetta,2,178
,Imran Mahar,Active,Yes,Balochistan,Quetta,2,179
,Bilal Mengal,Active,Yes,Balochistan,Quetta,2,180
,Tariq Ansari,Active,Yes,Balochistan,Quetta,2,181
,Ali Khattak,Active,Yes,Balochistan,Quetta,2,182
,Adnan Raza,Active,Yes,Balochistan,Quetta,2,183
,Faisal Raza,Active,Yes,Balochistan,Quetta,2,184
,Kamran Laghari,Active,Yes,Balochistan,Quetta,2,185
,Waqas Mahar,Active,Yes,Balochistan,Quetta,2,186
,Kashif Malik,Active,Yes,Balochistan,Quetta,2,187
,Asim Rind,Active,Yes,Balochistan,Quetta,2,188
,Junaid Laghari,Active,Yes,Balochistan,Quetta,2,189
,Bilal Baig,Active,Yes,Balochistan,Quetta,2,190
,Adnan Baig,Active,Yes,Balochistan,Quetta,2,191
,Zainab Jan,Active,Yes,Balochistan,Quetta,2,192
,Iqra Abbasi,Active,Yes,Balochistan,Quetta,2,193
,Imran Malik,Active,Yes,Balochistan,Quetta,2,194
,Muhammad Bugti,Active,Yes,Balochistan,Quetta,2,195
,Muhammad Shah,Active,Yes,Balochistan,Quetta,2,196
,Imran Mengal,Active,Yes,Balochistan,Quetta,2,197
,Sana Baig,Active,Yes,Balochistan,Quetta,2,198
,Usman Raza,Active,Yes,Balochistan,Quetta,2,199
,Usman Ansari,Active,Yes,Balochistan,Quetta,2,200
,Sidra Malik,Active,Yes,Balochistan,Quetta,3,201
,Faisal Laghari,Active,Yes,Balochistan,Quetta,3,202
,Arsalan Butt,Active,Yes,Balochistan,Quetta,3,203
,Samina Shah,Active,Yes,Balochistan,Quetta,3,204
,Hamza Bhatti,Active,Yes,Balochistan,Quetta,3,205
,Tariq Mahar,Active,Yes,Balochistan,Quetta,3,206
,Ahmed Bugti,Active,Yes,Balochistan,Quetta,3,207
,Babar Khattak,Active,Yes,Balochistan,Quetta,3,208
,Zeeshan Chaudhry,Active,Yes,Balochistan,Quetta,3,209
,Zainab Tareen,Active,Yes,Balochistan,Quetta,3,210
,Hira Laghari,Active,Yes,Balochistan,Quetta,3,211
,Maryam Gul,Active,Yes,Balochistan,Quetta,3,212
,Faisal Ahmed,Active,Yes,Balochistan,Quetta,3,213
,Muhammad Malik,Active,Yes,Balochistan,Quetta,3,214
,Ali Khan,Active,Yes,Balochistan,Quetta,3,215
,Samina Baig,Active,Yes,Balochistan,Quetta,3,216
,Ayesha Ahmed,Active,Yes,Balochistan,Quetta,3,217
,Farhan Khan,Active,Yes,Balochistan,Quetta,3,218
,Naveed Baig,Active,Yes,Balochistan,Quetta,3,219
,Naveed Shah,Active,Yes,Balochistan,Quetta,3,220
,Farhan Laghari,Active,Yes,Balochistan,Quetta,3,221
,Kashif Butt,Active,Yes,Balochistan,Quetta,3,222
,Zeeshan Mengal,Active,Yes,Balochistan,Quetta,3,223
,Samina Khan,Active,Yes,Balochistan,Quetta,3,224
,Iqra Chaudhry,Active,Yes,Balochistan,Quetta,3,225
,Ayesha Raza,Active,Yes,Balochistan,Quetta,3,226
,Zubair Jan,Active,Yes,Balochistan,Quetta,3,227
,Kamran Chaudhry,Active,Yes,Balochistan,Quetta,3,228
,Fatima Malik,Active,Yes,Balochistan,Quetta,3,229
,Sana Khan,Active,Yes,Balochistan,Quetta,3,230
,Imran Bhatti,Active,Yes,Balochistan,Quetta,3,231
,Imran Rind,Active,Yes,Balochistan,Quetta,3,232
,Kamran Butt,Active,Yes,Balochistan,Quetta,3,233
,Zainab Butt,Active,Yes,Balochistan,Quetta,3,234
,Adnan Sheikh,Active,Yes,Balochistan,Quetta,3,235
,Muhammad Rind,Active,Yes,Balochistan,Quetta,3,236
,Zainab Ahmed,Active,Yes,Balochistan,Quetta,3,237
,Arsalan Khattak,Active,Yes,Balochistan,Quetta,3,238
,Kashif Ahmed,Active,Yes,Balochistan,Quetta,3,239
,Shahid Mengal,Active,Yes,Balochistan,Quetta,3,240
,Ayesha Ansari,Active,Yes,Balochistan,Quetta,3,241
,Samina Khan,Active,Yes,Balochistan,Quetta,3,242
,Fatima Memon,Active,Yes,Balochistan,Quetta,3,243
,Fatima Malik,Active,Yes,Balochistan,Quetta,3,244
,Iqra Qureshi,Active,Yes,Balochistan,Quetta,3,245
,Kashif Gul,Active,Yes,Balochistan,Quetta,3,246
,Bilal Ansari,Active,Yes,Balochistan,Quetta,3,247
,Ali Malik,Active,Yes,Balochistan,Quetta,3,248
,Junaid Laghari,Active,Yes,Balochistan,Quetta,3,249
,Saad Gul,Active,Yes,Balochistan,Quetta,3,250
,Sana Mahar,Active,Yes,Balochistan,Quetta,3,251
,Naveed Laghari,Active,Yes,Balochistan,Quetta,3,252
,Hira Bugti,Active,Yes,Balochistan,Quetta,3,253
,Sana Malik,Active,Yes,Balochistan,Quetta,3,254
,Rabia Ahmed,Active,Yes,Balochistan,Quetta,3,255
,Yasir Rind,Active,Yes,Balochistan,Quetta,3,256
,Usman Butt,Active,Yes,Balochistan,Quetta,3,257
,Adnan Bhatti,Active,Yes,Balochistan,Quetta,3,258
,Farhan Jan,Active,Yes,Balochistan,Quetta,3,259
,Farhan Chaudhry,Active,Yes,Balochistan,Quetta,3,260
,Muhammad Gul,Active,Yes,Balochistan,Quetta,3,261
,Rashid Shah,Active,Yes,Balochistan,Quetta,3,262
,Asim Mengal,Active,Yes,Balochistan,Quetta,3,263
,Faisal Sheikh,Active,Yes,Balochistan,Quetta,3,264
,Maryam Sheikh,Active,Yes,Balochistan,Quetta,3,265
,Imran Khattak,Active,Yes,Balochistan,Quetta,3,266
,Faisal Memon,Active,Yes,Balochistan,Quetta,3,267
,Naveed Bhatti,Active,Yes,Balochistan,Quetta,3,268
,Zainab Gul,Active,Yes,Balochistan,Quetta,3,269
,Muhammad Shah,Active,Yes,Balochistan,Quetta,3,270
,Shahid Khan,Active,Yes,Balochistan,Quetta,3,271
,Faisal Malik,Active,Yes,Balochistan,Quetta,3,272
,Naveed Butt,Active,Yes,Balochistan,Quetta,3,273
,Adnan Malik,Active,Yes,Balochistan,Quetta,3,274
,Maryam Abbasi,Active,Yes,Balochistan,Quetta,3,275
,Rabia Tareen,Active,Yes,Balochistan,Quetta,3,276
,Babar Raza,Active,Yes,Balochistan,Quetta,3,277
,Yasir Ansari,Active,Yes,Balochistan,Quetta,3,278
,Zainab Qureshi,Active,Yes,Balochistan,Quetta,3,279
,Babar Bugti,Active,Yes,Balochistan,Quetta,3,280
,Arsalan Memon,Active,Yes,Balochistan,Quetta,3,281
,Ali Malik,Active,Yes,Balochistan,Quetta,3,282
,Rabia Shah,Active,Yes,Balochistan,Quetta,3,283
,Bilal Khan,Active,Yes,Balochistan,Quetta,3,284
,Bilal Ahmed,Active,Yes,Balochistan,Quetta,3,285
,Zubair Raza,Active,Yes,Balochistan,Quetta,3,286
,Usman Gul,Active,Yes,Balochistan,Quetta,3,287
,Rabia Siddiqui,Active,Yes,Balochistan,Quetta,3,288
,Rabia Bhatti,Active,Yes,Balochistan,Quetta,3,289
,Iqra Memon,Active,Yes,Balochistan,Quetta,3,290
,Rabia Memon,Active,Yes,Balochistan,Quetta,3,291
,Ayesha Qureshi,Active,Yes,Balochistan,Quetta,3,292
,Naveed Mengal,Active,Yes,Balochistan,Quetta,3,293
,Naveed Bhatti,Active,Yes,Balochistan,Quetta,3,294
,Muhammad Bhatti,Active,Yes,Balochistan,Quetta,3,295
,Usman Abbasi,Active,Yes,Balochistan,Quetta,3,296
,Rashid Qureshi,Active,Yes,Balochistan,Quetta,3,297
,Bilal Mahar,Active,Yes,Balochistan,Quetta,3,298
,Shahid Mengal,Active,Yes,Balochistan,Quetta,3,299
,Zainab Memon,Active,Yes,Balochistan,Quetta,3,300
,Sana Memon,Active,Yes,Balochistan,Quetta,4,301
,Adnan Qureshi,Active,Yes,Balochistan,Quetta,4,302
,Muhammad Malik,Active,Yes,Balochistan,Quetta,4,303
,Zainab Butt,Active,Yes,Balochistan,Quetta,4,304
,Rabia Shah,Active,Yes,Balochistan,Quetta,4,305
,Arsalan Qureshi,Active,Yes,Balochistan,Quetta,4,306
,Zainab Malik,Active,Yes,Balochistan,Quetta,4,307
,Kashif Shah,Active,Yes,Balochistan,Quetta,4,308
,Faisal Sheikh,Active,Yes,Balochistan,Quetta,4,309
,Samina Raza,Active,Yes,Balochistan,Quetta,4,310
,Maryam Raza,Active,Yes,Balochistan,Quetta,4,311
,Zainab Malik,Active,Yes,Balochistan,Quetta,4,312
,Ayesha Baig,Active,Yes,Balochistan,Quetta,4,313
,Hamza Chaudhry,Active,Yes,Balochistan,Quetta,4,314
,Muhammad Mahar,Active,Yes,Balochistan,Quetta,4,315
,Hira Shah,Active,Yes,Balochistan,Quetta,4,316
,Sidra Mirza,Active,Yes,Balochistan,Quetta,4,317
,Yasir Khattak,Active,Yes,Balochistan,Quetta,4,318
,Faisal Butt,Active,Yes,Balochistan,Quetta,4,319
,Kamran Khattak,Active,Yes,Balochistan,Quetta,4,320
,Fatima Ahmed,Active,Yes,Balochistan,Quetta,4,321
,Zeeshan Qureshi,Active,Yes,Balochistan,Quetta,4,322
,Ali Bugti,Active,Yes,Balochistan,Quetta,4,323
,Samina Chaudhry,Active,Yes,Balochistan,Quetta,4,324
,Kashif Khan,Active,Yes,Balochistan,Quetta,4,325
,Samina Shah,Active,Yes,Balochistan,Quetta,4,326
,Zubair Siddiqui,Active,Yes,Balochistan,Quetta,4,327
,Ayesha Chaudhry,Active,Yes,Balochistan,Quetta,4,328
,Iqra Bugti,Active,Yes,Balochistan,Quetta,4,329
,Zubair Ahmed,Active,Yes,Balochistan,Quetta,4,330
,Maryam Jan,Active,Yes,Balochistan,Quetta,4,331
,Zeeshan Gul,Active,Yes,Balochistan,Quetta,4,332
,Rashid Butt,Active,Yes,Balochistan,Quetta,4,333
,Adnan Memon,Active,Yes,Balochistan,Quetta,4,334
,Ali Tareen,Active,Yes,Balochistan,Quetta,4,335
,Muhammad Mahar,Active,Yes,Balochistan,Quetta,4,336
,Faisal Butt,Active,Yes,Balochistan,Quetta,4,337
,Sidra Abbasi,Active,Yes,Balochistan,Quetta,4,338
,Hira Butt,Active,Yes,Balochistan,Quetta,4,339
,Kamran Mahar,Active,Yes,Balochistan,Quetta,4,340
,Naveed Chaudhry,Active,Yes,Balochistan,Quetta,4,341
,Imran Malik,Active,Yes,Balochistan,Quetta,4,342
,Samina Qureshi,Active,Yes,Balochistan,Quetta,4,343
,Sidra Tareen,Active,Yes,Balochistan,Quetta,4,344
,Zeeshan Ahmed,Active,Yes,Balochistan,Quetta,4,345
,Zubair Raza,Active,Yes,Balochistan,Quetta,4,346
,Arsalan Khan,Active,Yes,Balochistan,Quetta,4,347
,Bilal Bugti,Active,Yes,Balochistan,Quetta,4,348
,Kamran Jan,Active,Yes,Balochistan,Quetta,4,349
,Usman Memon,Active,Yes,Balochistan,Quetta,4,350
,Junaid Rind,Active,Yes,Balochistan,Quetta,4,351
,Ahmed Qureshi,Active,Yes,Balochistan,Quetta,4,352
,Fatima Qureshi,Active,Yes,Balochistan,Quetta,4,353
,Junaid Tareen,Active,Yes,Balochistan,Quetta,4,354
,Babar Raza,Active,Yes,Balochistan,Quetta,4,355
,Iqra Khan,Active,Yes,Balochistan,Quetta,4,356
,Arsalan Tareen,Active,Yes,Balochistan,Quetta,4,357
,Muhammad Mirza,Active,Yes,Balochistan,Quetta,4,358
,Ali Baig,Active,Yes,Balochistan,Quetta,4,359
,Tariq Bugti,Active,Yes,Balochistan,Quetta,4,360
,Rabia Gul,Active,Yes,Balochistan,Quetta,4,361
,Tariq Tareen,Active,Yes,Balochistan,Quetta,4,362
,Naveed Baig,Active,Yes,Balochistan,Quetta,4,363
,Asim Ahmed,Active,Yes,Balochistan,Quetta,4,364
,Zeeshan Qureshi,Active,Yes,Balochistan,Quetta,4,365
,Yasir Jan,Active,Yes,Balochistan,Quetta,4,366
,Hira Gul,Active,Yes,Balochistan,Quetta,4,367
,Iqra Butt,Active,Yes,Balochistan,Quetta,4,368
,Sidra Butt,Active,Yes,Balochistan,Quetta,4,369
,Junaid Mengal,Active,Yes,Balochistan,Quetta,4,370
,Asim Butt,Active,Yes,Balochistan,Quetta,4,371
,Sana Baig,Active,Yes,Balochistan,Quetta,4,372
,Ali Qureshi,Active,Yes,Balochistan,Quetta,4,373
,Ahmed Mengal,Active,Yes,Balochistan,Quetta,4,374
,Ayesha Abbasi,Active,Yes,Balochistan,Quetta,4,375
,Yasir Siddiqui,Active,Yes,Balochistan,Quetta,4,376
,Sana Abbasi,Active,Yes,Balochistan,Quetta,4,377
,Zainab Tareen,Active,Yes,Balochistan,Quetta,4,378
,Kamran Shah,Active,Yes,Balochistan,Quetta,4,379
,Imran Laghari,Active,Yes,Balochistan,Quetta,4,380
,Fatima Ansari,Active,Yes,Balochistan,Quetta,4,381
,Usman Jan,Active,Yes,Balochistan,Quetta,4,382
,Tariq Khattak,Active,Yes,Balochistan,Quetta,4,383
,Muhammad Bhatti,Active,Yes,Balochistan,Quetta,4,384
,Muhammad Raza,Active,Yes,Balochistan,Quetta,4,385
,Zubair Butt,Active,Yes,Balochistan,Quetta,4,386
,Arsalan Bugti,Active,Yes,Balochistan,Quetta,4,387
,Ahmed Khattak,Active,Yes,Balochistan,Quetta,4,388
,Sana Mahar,Active,Yes,Balochistan,Quetta,4,389
,Zeeshan Khattak,Active,Yes,Balochistan,Quetta,4,390
,Zeeshan Mengal,Active,Yes,Balochistan,Quetta,4,391
,Shahid Khattak,Active,Yes,Balochistan,Quetta,4,392
,Saad Mahar,Active,Yes,Balochistan,Quetta,4,393
,Ahmed Sheikh,Active,Yes,Balochistan,Quetta,4,394
,Iqra Shah,Active,Yes,Balochistan,Quetta,4,395
,Sana Khattak,Active,Yes,Balochistan,Quetta,4,396
,Usman Rind,Active,Yes,Balochistan,Quetta,4,397
,Yasir Chaudhry,Active,Yes,Balochistan,Quetta,4,398
,Sidra Bugti,Active,Yes,Balochistan,Quetta,4,399
,Sana Shah,Active,Yes,Balochistan,Quetta,4,400
,Kashif Mahar,Active,Yes,Balochistan,Quetta,5,401
,Kashif Gul,Active,Yes,Balochistan,Quetta,5,402
,Imran Chaudhry,Active,Yes,Balochistan,Quetta,5,403
,Imran Butt,Active,Yes,Balochistan,Quetta,5,404
,Waqas Shah,Active,Yes,Balochistan,Quetta,5,405
,Maryam Bugti,Active,Yes,Balochistan,Quetta,5,406
,Babar Bhatti,Active,Yes,Balochistan,Quetta,5,407
,Bilal Rind,Active,Yes,Balochistan,Quetta,5,408
,Farhan Ahmed,Active,Yes,Balochistan,Quetta,5,409
,Samina Khan,Active,Yes,Balochistan,Quetta,5,410
,Saad Butt,Active,Yes,Balochistan,Quetta,5,411
,Zubair Ansari,Active,Yes,Balochistan,Quetta,5,412
,Sana Sheikh,Active,Yes,Balochistan,Quetta,5,413
,Saad Laghari,Active,Yes,Balochistan,Quetta,5,414
,Yasir Mirza,Active,Yes,Balochistan,Quetta,5,415
,Waqas Jan,Active,Yes,Balochistan,Quetta,5,416
,Maryam Raza,Active,Yes,Balochistan,Quetta,5,417
,Naveed Rind,Active,Yes,Balochistan,Quetta,5,418
,Usman Rind,Active,Yes,Balochistan,Quetta,5,419
,Kashif Bhatti,Active,Yes,Balochistan,Quetta,5,420
,Asim Sheikh,Active,Yes,Balochistan,Quetta,5,421
,Zeeshan Bhatti,Active,Yes,Balochistan,Quetta,5,422
,Ahmed Malik,Active,Yes,Balochistan,Quetta,5,423
,Saad Siddiqui,Active,Yes,Balochistan,Quetta,5,424
,Adnan Bhatti,Active,Yes,Balochistan,Quetta,5,425
,Usman Mengal,Active,Yes,Balochistan,Quetta,5,426
,Zeeshan Baig,Active,Yes,Balochistan,Quetta,5,427
,Usman Rind,Active,Yes,Balochistan,Quetta,5,428
,Tariq Raza,Active,Yes,Balochistan,Quetta,5,429
,Rabia Tareen,Active,Yes,Balochistan,Quetta,5,430
,Tariq Baig,Active,Yes,Balochistan,Quetta,5,431
,Saad Siddiqui,Active,Yes,Balochistan,Quetta,5,432
,Rabia Butt,Active,Yes,Balochistan,Quetta,5,433
,Usman Khattak,Active,Yes,Balochistan,Quetta,5,434
,Ayesha Khan,Active,Yes,Balochistan,Quetta,5,435
,Rashid Malik,Active,Yes,Balochistan,Quetta,5,436
,Asim Khattak,Active,Yes,Balochistan,Quetta,5,437
,Zubair Qureshi,Active,Yes,Balochistan,Quetta,5,438
,Arsalan Gul,Active,Yes,Balochistan,Quetta,5,439
,Tariq Memon,Active,Yes,Balochistan,Quetta,5,440
,Naveed Mirza,Active,Yes,Balochistan,Quetta,5,441
,Muhammad Chaudhry,Active,Yes,Balochistan,Quetta,5,442
,Zubair Khan,Active,Yes,Balochistan,Quetta,5,443
,Ayesha Ansari,Active,Yes,Balochistan,Quetta,5,444
,Bilal Malik,Active,Yes,Balochistan,Quetta,5,445
,Zeeshan Ahmed,Active,Yes,Balochistan,Quetta,5,446
,Samina Chaudhry,Active,Yes,Balochistan,Quetta,5,447
,Iqra Mengal,Active,Yes,Balochistan,Quetta,5,448
,Rashid Memon,Active,Yes,Balochistan,Quetta,5,449
,Hamza Jan,Active,Yes,Balochistan,Quetta,5,450
,Faisal Mahar,Active,Yes,Balochistan,Quetta,5,451
,Ali Abbasi,Active,Yes,Balochistan,Quetta,5,452
,Arsalan Mirza,Active,Yes,Balochistan,Quetta,5,453
,Sana Raza,Active,Yes,Balochistan,Quetta,5,454
,Adnan Malik,Active,Yes,Balochistan,Quetta,5,455
,Tariq Gul,Active,Yes,Balochistan,Quetta,5,456
,Zeeshan Mengal,Active,Yes,Balochistan,Quetta,5,457
,Yasir Bhatti,Active,Yes,Balochistan,Quetta,5,458
,Imran Raza,Active,Yes,Balochistan,Quetta,5,459
,Faisal Ansari,Active,Yes,Balochistan,Quetta,5,460
,Kashif Mirza,Active,Yes,Balochistan,Quetta,5,461
,Imran Ahmed,Active,Yes,Balochistan,Quetta,5,462
,Adnan Bhatti,Active,Yes,Balochistan,Quetta,5,463
,Saad Chaudhry,Active,Yes,Balochistan,Quetta,5,464
,Zubair Laghari,Active,Yes,Balochistan,Quetta,5,465
,Shahid Baig,Active,Yes,Balochistan,Quetta,5,466
,Bilal Mahar,Active,Yes,Balochistan,Quetta,5,467
,Muhammad Khattak,Active,Yes,Balochistan,Quetta,5,468
,Samina Gul,Active,Yes,Balochistan,Quetta,5,469
,Naveed Butt,Active,Yes,Balochistan,Quetta,5,470
,Iqra Gul,Active,Yes,Balochistan,Quetta,5,471
,Iqra Siddiqui,Active,Yes,Balochistan,Quetta,5,472
,Hamza Laghari,Active,Yes,Balochistan,Quetta,5,473
,Ahmed Shah,Active,Yes,Balochistan,Quetta,5,474
,Bilal Qureshi,Active,Yes,Balochistan,Quetta,5,475
,Iqra Bhatti,Active,Yes,Balochistan,Quetta,5,476
,Farhan Rind,Active,Yes,Balochistan,Quetta,5,477
,Ayesha Mirza,Active,Yes,Balochistan,Quetta,5,478
,Maryam Qureshi,Active,Yes,Balochistan,Quetta,5,479
,Hamza Memon,Active,Yes,Balochistan,Quetta,5,480
,Ahmed Chaudhry,Active,Yes,Balochistan,Quetta,5,481
,Yasir Laghari,Active,Yes,Balochistan,Quetta,5,482
,Kashif Bhatti,Active,Yes,Balochistan,Quetta,5,483
,Saad Chaudhry,Active,Yes,Balochistan,Quetta,5,484
,Waqas Siddiqui,Active,Yes,Balochistan,Quetta,5,485
,Muhammad Bhatti,Active,Yes,Balochistan,Quetta,5,486
,Waqas Bhatti,Active,Yes,Balochistan,Quetta,5,487
,Tariq Rind,Active,Yes,Balochistan,Quetta,5,488
,Shahid Laghari,Active,Yes,Balochistan,Quetta,5,489
,Muhammad Ahmed,Active,Yes,Balochistan,Quetta,5,490
,Sidra Baig,Active,Yes,Balochistan,Quetta,5,491
,Iqra Laghari,Active,Yes,Balochistan,Quetta,5,492
,Asim Mahar,Active,Yes,Balochistan,Quetta,5,493
,Bilal Mirza,Active,Yes,Balochistan,Quetta,5,494
,Kashif Khan,Active,Yes,Balochistan,Quetta,5,495
,Muhammad Gul,Active,Yes,Balochistan,Quetta,5,496
,Kashif Memon,Active,Yes,Balochistan,Quetta,5,497
,Asim Bugti,Active,Yes,Balochistan,Quetta,5,498
,Usman Laghari,Active,Yes,Balochistan,Quetta,5,499
,Fatima Jan,Active,Yes,Balochistan,Quetta,5,500
,Maryam Qureshi,Active,Yes,Punjab,Lahore,6,1
,Ahmed Khan,Active,Yes,Punjab,Lahore,6,2
,Zeeshan Malik,Active,Yes,Punjab,Lahore,6,3
,Babar Raza,Active,Yes,Punjab,Lahore,6,4
,Hamza Abbasi,Active,Yes,Punjab,Lahore,6,5
,Faisal Bhatti,Active,Yes,Punjab,Lahore,6,6
,Babar Sheikh,Active,Yes,Punjab,Lahore,6,7
,Hamza Ahmed,Active,Yes,Punjab,Lahore,6,8
,Sidra Raza,Active,Yes,Punjab,Lahore,6,9
,Arsalan Malik,Active,Yes,Punjab,Lahore,6,10
,Maryam Mengal,Active,Yes,Punjab,Lahore,6,11
,Zubair Siddiqui,Active,Yes,Punjab,Lahore,6,12
,Sana Rind,Active,Yes,Punjab,Lahore,6,13
,Kashif Mahar,Active,Yes,Punjab,Lahore,6,14
,Kashif Baig,Active,Yes,Punjab,Lahore,6,15
,Maryam Siddiqui,Active,Yes,Punjab,Lahore,6,16
,Shahid Ansari,Active,Yes,Punjab,Lahore,6,17
,Ahmed Baig,Active,Yes,Punjab,Lahore,6,18
,Usman Siddiqui,Active,Yes,Punjab,Lahore,6,19
,Waqas Qureshi,Active,Yes,Punjab,Lahore,6,20
,Rashid Qureshi,Active,Yes,Punjab,Lahore,6,21
,Zubair Bugti,Active,Yes,Punjab,Lahore,6,22
,Hamza Mahar,Active,Yes,Punjab,Lahore,6,23
,Saad Chaudhry,Active,Yes,Punjab,Lahore,6,24
,Hamza Memon,Active,Yes,Punjab,Lahore,6,25
,Usman Mahar,Active,Yes,Punjab,Lahore,6,26
,Junaid Khan,Active,Yes,Punjab,Lahore,6,27
,Sana Ahmed,Active,Yes,Punjab,Lahore,6,28
,Faisal Mengal,Active,Yes,Punjab,Lahore,6,29
,Bilal Butt,Active,Yes,Punjab,Lahore,6,30
,Sana Mahar,Active,Yes,Punjab,Lahore,6,31
,Ali Jan,Active,Yes,Punjab,Lahore,6,32
,Waqas Laghari,Active,Yes,Punjab,Lahore,6,33
,Tariq Rind,Active,Yes,Punjab,Lahore,6,34
,Maryam Khattak,Active,Yes,Punjab,Lahore,6,35
,Tariq Butt,Active,Yes,Punjab,Lahore,6,36
,Tariq Gul,Active,Yes,Punjab,Lahore,6,37
,Hamza Mengal,Active,Yes,Punjab,Lahore,6,38
,Arsalan Khattak,Active,Yes,Punjab,Lahore,6,39
,Sidra Raza,Active,Yes,Punjab,Lahore,6,40
,Sana Baig,Active,Yes,Punjab,Lahore,6,41
,Kashif Mahar,Active,Yes,Punjab,Lahore,6,42
,Zeeshan Raza,Active,Yes,Punjab,Lahore,6,43
,Asim Mahar,Active,Yes,Punjab,Lahore,6,44
,Shahid Baig,Active,Yes,Punjab,Lahore,6,45
,Junaid Jan,Active,Yes,Punjab,Lahore,6,46
,Babar Laghari,Active,Yes,Punjab,Lahore,6,47
,Rabia Tareen,Active,Yes,Punjab,Lahore,6,48
,Farhan Rind,Active,Yes,Punjab,Lahore,6,49
,Ayesha Ansari,Active,Yes,Punjab,Lahore,6,50
,Babar Bhatti,Active,Yes,Punjab,Lahore,6,51
,Usman Memon,Active,Yes,Punjab,Lahore,6,52
,Samina Rind,Active,Yes,Punjab,Lahore,6,53
,Tariq Chaudhry,Active,Yes,Punjab,Lahore,6,54
,Bilal Khan,Active,Yes,Punjab,Lahore,6,55
,Ayesha Mengal,Active,Yes,Punjab,Lahore,6,56
,Samina Siddiqui,Active,Yes,Punjab,Lahore,6,57
,Saad Butt,Active,Yes,Punjab,Lahore,6,58
,Hamza Laghari,Active,Yes,Punjab,Lahore,6,59
,Zeeshan Memon,Active,Yes,Punjab,Lahore,6,60
,Shahid Tareen,Active,Yes,Punjab,Lahore,6,61
,Bilal Bhatti,Active,Yes,Punjab,Lahore,6,62
,Hira Ansari,Active,Yes,Punjab,Lahore,6,63
,Zeeshan Laghari,Active,Yes,Punjab,Lahore,6,64
,Kamran Mirza,Active,Yes,Punjab,Lahore,6,65
,Arsalan Shah,Active,Yes,Punjab,Lahore,6,66
,Kashif Siddiqui,Active,Yes,Punjab,Lahore,6,67
,Samina Butt,Active,Yes,Punjab,Lahore,6,68
,Tariq Ansari,Active,Yes,Punjab,Lahore,6,69
,Faisal Siddiqui,Active,Yes,Punjab,Lahore,6,70
,Zeeshan Bugti,Active,Yes,Punjab,Lahore,6,71
,Sana Raza,Active,Yes,Punjab,Lahore,6,72
,Shahid Shah,Active,Yes,Punjab,Lahore,6,73
,Zainab Abbasi,Active,Yes,Punjab,Lahore,6,74
,Babar Ansari,Active,Yes,Punjab,Lahore,6,75
,Ayesha Baig,Active,Yes,Punjab,Lahore,6,76
,Samina Qureshi,Active,Yes,Punjab,Lahore,6,77
,Junaid Abbasi,Active,Yes,Punjab,Lahore,6,78
,Saad Khattak,Active,Yes,Punjab,Lahore,6,79
,Farhan Raza,Active,Yes,Punjab,Lahore,6,80
,Muhammad Memon,Active,Yes,Punjab,Lahore,6,81
,Kashif Chaudhry,Active,Yes,Punjab,Lahore,6,82
,Adnan Sheikh,Active,Yes,Punjab,Lahore,6,83
,Hamza Chaudhry,Active,Yes,Punjab,Lahore,6,84
,Samina Mirza,Active,Yes,Punjab,Lahore,6,85
,Asim Abbasi,Active,Yes,Punjab,Lahore,6,86
,Zainab Rind,Active,Yes,Punjab,Lahore,6,87
,Waqas Bugti,Active,Yes,Punjab,Lahore,6,88
,Imran Chaudhry,Active,Yes,Punjab,Lahore,6,89
,Bilal Memon,Active,Yes,Punjab,Lahore,6,90
,Kashif Ansari,Active,Yes,Punjab,Lahore,6,91
,Waqas Jan,Active,Yes,Punjab,Lahore,6,92
,Asim Rind,Active,Yes,Punjab,Lahore,6,93
,Usman Qureshi,Active,Yes,Punjab,Lahore,6,94
,Bilal Chaudhry,Active,Yes,Punjab,Lahore,6,95
,Babar Qureshi,Active,Yes,Punjab,Lahore,6,96
,Imran Sheikh,Active,Yes,Punjab,Lahore,6,97
,Zainab Ansari,Active,Yes,Punjab,Lahore,6,98
,Hira Malik,Active,Yes,Punjab,Lahore,6,99
,Bilal Gul,Active,Yes,Punjab,Lahore,6,100
,Maryam Shah,Active,Yes,Punjab,Lahore,7,101
,Zubair Gul,Active,Yes,Punjab,Lahore,7,102
,Hira Shah,Active,Yes,Punjab,Lahore,7,103
,Kamran Raza,Active,Yes,Punjab,Lahore,7,104
,Zainab Jan,Active,Yes,Punjab,Lahore,7,105
,Usman Rind,Active,Yes,Punjab,Lahore,7,106
,Iqra Qureshi,Active,Yes,Punjab,Lahore,7,107
,Adnan Bugti,Active,Yes,Punjab,Lahore,7,108
,Ali Malik,Active,Yes,Punjab,Lahore,7,109
,Sana Siddiqui,Active,Yes,Punjab,Lahore,7,110
,Saad Mirza,Active,Yes,Punjab,Lahore,7,111
,Bilal Mirza,Active,Yes,Punjab,Lahore,7,112
,Ahmed Mahar,Active,Yes,Punjab,Lahore,7,113
,Rashid Abbasi,Active,Yes,Punjab,Lahore,7,114
,Yasir Abbasi,Active,Yes,Punjab,Lahore,7,115
,Farhan Khan,Active,Yes,Punjab,Lahore,7,116
,Samina Mahar,Active,Yes,Punjab,Lahore,7,117
,Kamran Mengal,Active,Yes,Punjab,Lahore,7,118
,Kamran Khattak,Active,Yes,Punjab,Lahore,7,119
,Zeeshan Abbasi,Active,Yes,Punjab,Lahore,7,120
,Tariq Bugti,Active,Yes,Punjab,Lahore,7,121
,Usman Bhatti,Active,Yes,Punjab,Lahore,7,122
,Shahid Sheikh,Active,Yes,Punjab,Lahore,7,123
,Sidra Jan,Active,Yes,Punjab,Lahore,7,124
,Rabia Gul,Active,Yes,Punjab,Lahore,7,125
,Faisal Butt,Active,Yes,Punjab,Lahore,7,126
,Zeeshan Laghari,Active,Yes,Punjab,Lahore,7,127
,Rashid Butt,Active,Yes,Punjab,Lahore,7,128
,Zubair Shah,Active,Yes,Punjab,Lahore,7,129
,Babar Rind,Active,Yes,Punjab,Lahore,7,130
,Sidra Gul,Active,Yes,Punjab,Lahore,7,131
,Muhammad Khattak,Active,Yes,Punjab,Lahore,7,132
,Hamza Ahmed,Active,Yes,Punjab,Lahore,7,133
,Faisal Memon,Active,Yes,Punjab,Lahore,7,134
,Ali Abbasi,Active,Yes,Punjab,Lahore,7,135
,Naveed Ansari,Active,Yes,Punjab,Lahore,7,136
,Sana Rind,Active,Yes,Punjab,Lahore,7,137
,Imran Qureshi,Active,Yes,Punjab,Lahore,7,138
,Tariq Laghari,Active,Yes,Punjab,Lahore,7,139
,Fatima Jan,Active,Yes,Punjab,Lahore,7,140
,Sidra Sheikh,Active,Yes,Punjab,Lahore,7,141
,Iqra Sheikh,Active,Yes,Punjab,Lahore,7,142
,Tariq Raza,Active,Yes,Punjab,Lahore,7,143
,Zeeshan Mirza,Active,Yes,Punjab,Lahore,7,144
,Rabia Rind,Active,Yes,Punjab,Lahore,7,145
,Ayesha Bugti,Active,Yes,Punjab,Lahore,7,146
,Ayesha Bhatti,Active,Yes,Punjab,Lahore,7,147
,Kamran Ansari,Active,Yes,Punjab,Lahore,7,148
,Arsalan Siddiqui,Active,Yes,Punjab,Lahore,7,149
,Saad Mengal,Active,Yes,Punjab,Lahore,7,150
,Zubair Khan,Active,Yes,Punjab,Lahore,7,151
,Saad Memon,Active,Yes,Punjab,Lahore,7,152
,Imran Bhatti,Active,Yes,Punjab,Lahore,7,153
,Zainab Jan,Active,Yes,Punjab,Lahore,7,154
,Zubair Ansari,Active,Yes,Punjab,Lahore,7,155
,Usman Abbasi,Active,Yes,Punjab,Lahore,7,156
,Zubair Jan,Active,Yes,Punjab,Lahore,7,157
,Ahmed Khattak,Active,Yes,Punjab,Lahore,7,158
,Rabia Jan,Active,Yes,Punjab,Lahore,7,159
,Samina Ansari,Active,Yes,Punjab,Lahore,7,160
,Rabia Qureshi,Active,Yes,Punjab,Lahore,7,161
,Hamza Mahar,Active,Yes,Punjab,Lahore,7,162
,Yasir Baig,Active,Yes,Punjab,Lahore,7,163
,Tariq Bugti,Active,Yes,Punjab,Lahore,7,164
,Bilal Chaudhry,Active,Yes,Punjab,Lahore,7,165
,Zainab Siddiqui,Active,Yes,Punjab,Lahore,7,166
,Maryam Bhatti,Active,Yes,Punjab,Lahore,7,167
,Arsalan Mirza,Active,Yes,Punjab,Lahore,7,168
,Fatima Ansari,Active,Yes,Punjab,Lahore,7,169
,Babar Shah,Active,Yes,Punjab,Lahore,7,170
,Fatima Qureshi,Active,Yes,Punjab,Lahore,7,171
,Kashif Qureshi,Active,Yes,Punjab,Lahore,7,172
,Samina Mengal,Active,Yes,Punjab,Lahore,7,173
,Tariq Mahar,Active,Yes,Punjab,Lahore,7,174
,Bilal Butt,Active,Yes,Punjab,Lahore,7,175
,Ali Khattak,Active,Yes,Punjab,Lahore,7,176
,Shahid Raza,Active,Yes,Punjab,Lahore,7,177
,Zeeshan Mengal,Active,Yes,Punjab,Lahore,7,178
,Tariq Raza,Active,Yes,Punjab,Lahore,7,179
,Yasir Rind,Active,Yes,Punjab,Lahore,7,180
,Fatima Khan,Active,Yes,Punjab,Lahore,7,181
,Naveed Raza,Active,Yes,Punjab,Lahore,7,182
,Ali Malik,Active,Yes,Punjab,Lahore,7,183
,Iqra Bugti,Active,Yes,Punjab,Lahore,7,184
,Zainab Chaudhry,Active,Yes,Punjab,Lahore,7,185
,Zeeshan Butt,Active,Yes,Punjab,Lahore,7,186
,Shahid Tareen,Active,Yes,Punjab,Lahore,7,187
,Asim Tareen,Active,Yes,Punjab,Lahore,7,188
,Kashif Ansari,Active,Yes,Punjab,Lahore,7,189
,Faisal Mengal,Active,Yes,Punjab,Lahore,7,190
,Shahid Butt,Active,Yes,Punjab,Lahore,7,191
,Naveed Bhatti,Active,Yes,Punjab,Lahore,7,192
,Bilal Mengal,Active,Yes,Punjab,Lahore,7,193
,Yasir Tareen,Active,Yes,Punjab,Lahore,7,194
,Maryam Memon,Active,Yes,Punjab,Lahore,7,195
,Sana Mahar,Active,Yes,Punjab,Lahore,7,196
,Fatima Shah,Active,Yes,Punjab,Lahore,7,197
,Sidra Rind,Active,Yes,Punjab,Lahore,7,198
,Ali Tareen,Active,Yes,Punjab,Lahore,7,199
,Fatima Siddiqui,Active,Yes,Punjab,Lahore,7,200
,Bilal Ahmed,Active,Yes,Punjab,Lahore,8,201
,Ayesha Malik,Active,Yes,Punjab,Lahore,8,202
,Asim Jan,Active,Yes,Punjab,Lahore,8,203
,Imran Memon,Active,Yes,Punjab,Lahore,8,204
,Saad Baig,Active,Yes,Punjab,Lahore,8,205
,Zainab Khattak,Active,Yes,Punjab,Lahore,8,206
,Sana Malik,Active,Yes,Punjab,Lahore,8,207
,Babar Malik,Active,Yes,Punjab,Lahore,8,208
,Bilal Mahar,Active,Yes,Punjab,Lahore,8,209
,Farhan Mahar,Active,Yes,Punjab,Lahore,8,210
,Hira Ahmed,Active,Yes,Punjab,Lahore,8,211
,Sana Raza,Active,Yes,Punjab,Lahore,8,212
,Hira Abbasi,Active,Yes,Punjab,Lahore,8,213
,Waqas Qureshi,Active,Yes,Punjab,Lahore,8,214
,Usman Jan,Active,Yes,Punjab,Lahore,8,215
,Faisal Bhatti,Active,Yes,Punjab,Lahore,8,216
,Hamza Mengal,Active,Yes,Punjab,Lahore,8,217
,Farhan Abbasi,Active,Yes,Punjab,Lahore,8,218
,Arsalan Khattak,Active,Yes,Punjab,Lahore,8,219
,Naveed Gul,Active,Yes,Punjab,Lahore,8,220
,Imran Baig,Active,Yes,Punjab,Lahore,8,221
,Rashid Sheikh,Active,Yes,Punjab,Lahore,8,222
,Zubair Ansari,Active,Yes,Punjab,Lahore,8,223
,Samina Qureshi,Active,Yes,Punjab,Lahore,8,224
,Samina Chaudhry,Active,Yes,Punjab,Lahore,8,225
,Ahmed Bugti,Active,Yes,Punjab,Lahore,8,226
,Shahid Tareen,Active,Yes,Punjab,Lahore,8,227
,Asim Butt,Active,Yes,Punjab,Lahore,8,228
,Samina Bugti,Active,Yes,Punjab,Lahore,8,229
,Muhammad Mengal,Active,Yes,Punjab,Lahore,8,230
,Hamza Sheikh,Active,Yes,Punjab,Lahore,8,231
,Iqra Siddiqui,Active,Yes,Punjab,Lahore,8,232
,Ayesha Khan,Active,Yes,Punjab,Lahore,8,233
,Fatima Jan,Active,Yes,Punjab,Lahore,8,234
,Farhan Raza,Active,Yes,Punjab,Lahore,8,235
,Sana Memon,Active,Yes,Punjab,Lahore,8,236
,Ayesha Shah,Active,Yes,Punjab,Lahore,8,237
,Usman Tareen,Active,Yes,Punjab,Lahore,8,238
,Hamza Bugti,Active,Yes,Punjab,Lahore,8,239
,Iqra Rind,Active,Yes,Punjab,Lahore,8,240
,Maryam Malik,Active,Yes,Punjab,Lahore,8,241
,Farhan Qureshi,Active,Yes,Punjab,Lahore,8,242
,Usman Memon,Active,Yes,Punjab,Lahore,8,243
,Junaid Rind,Active,Yes,Punjab,Lahore,8,244
,Sana Jan,Active,Yes,Punjab,Lahore,8,245
,Ali Ansari,Active,Yes,Punjab,Lahore,8,246
,Imran Tareen,Active,Yes,Punjab,Lahore,8,247
,Zubair Butt,Active,Yes,Punjab,Lahore,8,248
,Muhammad Shah,Active,Yes,Punjab,Lahore,8,249
,Zainab Mirza,Active,Yes,Punjab,Lahore,8,250
,Fatima Rind,Active,Yes,Punjab,Lahore,8,251
,Hira Raza,Active,Yes,Punjab,Lahore,8,252
,Tariq Khattak,Active,Yes,Punjab,Lahore,8,253
,Adnan Gul,Active,Yes,Punjab,Lahore,8,254
,Faisal Sheikh,Active,Yes,Punjab,Lahore,8,255
,Adnan Khattak,Active,Yes,Punjab,Lahore,8,256
,Hamza Shah,Active,Yes,Punjab,Lahore,8,257
,Shahid Raza,Active,Yes,Punjab,Lahore,8,258
,Tariq Gul,Active,Yes,Punjab,Lahore,8,259
,Hira Ansari,Active,Yes,Punjab,Lahore,8,260
,Ali Khan,Active,Yes,Punjab,Lahore,8,261
,Farhan Gul,Active,Yes,Punjab,Lahore,8,262
,Arsalan Siddiqui,Active,Yes,Punjab,Lahore,8,263
,Yasir Ansari,Active,Yes,Punjab,Lahore,8,264
,Muhammad Khan,Active,Yes,Punjab,Lahore,8,265
,Adnan Shah,Active,Yes,Punjab,Lahore,8,266
,Saad Ansari,Active,Yes,Punjab,Lahore,8,267
,Zainab Mirza,Active,Yes,Punjab,Lahore,8,268
,Babar Mahar,Active,Yes,Punjab,Lahore,8,269
,Zubair Mirza,Active,Yes,Punjab,Lahore,8,270
,Adnan Ahmed,Active,Yes,Punjab,Lahore,8,271
,Bilal Tareen,Active,Yes,Punjab,Lahore,8,272
,Ahmed Bugti,Active,Yes,Punjab,Lahore,8,273
,Arsalan Jan,Active,Yes,Punjab,Lahore,8,274
,Arsalan Khattak,Active,Yes,Punjab,Lahore,8,275
,Hamza Jan,Active,Yes,Punjab,Lahore,8,276
,Maryam Khattak,Active,Yes,Punjab,Lahore,8,277
,Rashid Tareen,Active,Yes,Punjab,Lahore,8,278
,Farhan Gul,Active,Yes,Punjab,Lahore,8,279
,Maryam Jan,Active,Yes,Punjab,Lahore,8,280
,Sidra Baig,Active,Yes,Punjab,Lahore,8,281
,Tariq Sheikh,Active,Yes,Punjab,Lahore,8,282
,Ali Qureshi,Active,Yes,Punjab,Lahore,8,283
,Usman Tareen,Active,Yes,Punjab,Lahore,8,284
,Faisal Mengal,Active,Yes,Punjab,Lahore,8,285
,Muhammad Tareen,Active,Yes,Punjab,Lahore,8,286
,Zubair Qureshi,Active,Yes,Punjab,Lahore,8,287
,Faisal Baig,Active,Yes,Punjab,Lahore,8,288
,Babar Mahar,Active,Yes,Punjab,Lahore,8,289
,Ayesha Jan,Active,Yes,Punjab,Lahore,8,290
,Shahid Bugti,Active,Yes,Punjab,Lahore,8,291
,Ali Khattak,Active,Yes,Punjab,Lahore,8,292
,Babar Shah,Active,Yes,Punjab,Lahore,8,293
,Junaid Rind,Active,Yes,Punjab,Lahore,8,294
,Usman Siddiqui,Active,Yes,Punjab,Lahore,8,295
,Usman Mengal,Active,Yes,Punjab,Lahore,8,296
,Imran Tareen,Active,Yes,Punjab,Lahore,8,297
,Sana Gul,Active,Yes,Punjab,Lahore,8,298
,Zainab Butt,Active,Yes,Punjab,Lahore,8,299
,Maryam Malik,Active,Yes,Punjab,Lahore,8,300
,Shahid Baig,Active,Yes,Punjab,Lahore,9,301
,Usman Ahmed,Active,Yes,Punjab,Lahore,9,302
,Hira Laghari,Active,Yes,Punjab,Lahore,9,303
,Rashid Jan,Active,Yes,Punjab,Lahore,9,304
,Junaid Ansari,Active,Yes,Punjab,Lahore,9,305
,Shahid Raza,Active,Yes,Punjab,Lahore,9,306
,Arsalan Mirza,Active,Yes,Punjab,Lahore,9,307
,Farhan Baig,Active,Yes,Punjab,Lahore,9,308
,Hira Khattak,Active,Yes,Punjab,Lahore,9,309
,Hamza Mirza,Active,Yes,Punjab,Lahore,9,310
,Kamran Malik,Active,Yes,Punjab,Lahore,9,311
,Rashid Mirza,Active,Yes,Punjab,Lahore,9,312
,Fatima Butt,Active,Yes,Punjab,Lahore,9,313
,Rabia Abbasi,Active,Yes,Punjab,Lahore,9,314
,Fatima Raza,Active,Yes,Punjab,Lahore,9,315
,Rabia Butt,Active,Yes,Punjab,Lahore,9,316
,Zeeshan Siddiqui,Active,Yes,Punjab,Lahore,9,317
,Hira Siddiqui,Active,Yes,Punjab,Lahore,9,318
,Usman Khattak,Active,Yes,Punjab,Lahore,9,319
,Sidra Laghari,Active,Yes,Punjab,Lahore,9,320
,Yasir Bugti,Active,Yes,Punjab,Lahore,9,321
,Tariq Tareen,Active,Yes,Punjab,Lahore,9,322
,Ayesha Bhatti,Active,Yes,Punjab,Lahore,9,323
,Waqas Tareen,Active,Yes,Punjab,Lahore,9,324
,Naveed Bhatti,Active,Yes,Punjab,Lahore,9,325
,Hira Mirza,Active,Yes,Punjab,Lahore,9,326
,Rabia Baig,Active,Yes,Punjab,Lahore,9,327
,Imran Memon,Active,Yes,Punjab,Lahore,9,328
,Kamran Ansari,Active,Yes,Punjab,Lahore,9,329
,Sana Mirza,Active,Yes,Punjab,Lahore,9,330
,Hamza Khattak,Active,Yes,Punjab,Lahore,9,331
,Maryam Tareen,Active,Yes,Punjab,Lahore,9,332
,Ahmed Jan,Active,Yes,Punjab,Lahore,9,333
,Babar Laghari,Active,Yes,Punjab,Lahore,9,334
,Sidra Khattak,Active,Yes,Punjab,Lahore,9,335
,Rashid Bugti,Active,Yes,Punjab,Lahore,9,336
,Samina Siddiqui,Active,Yes,Punjab,Lahore,9,337
,Babar Mahar,Active,Yes,Punjab,Lahore,9,338
,Saad Jan,Active,Yes,Punjab,Lahore,9,339
,Babar Rind,Active,Yes,Punjab,Lahore,9,340
,Yasir Gul,Active,Yes,Punjab,Lahore,9,341
,Ali Malik,Active,Yes,Punjab,Lahore,9,342
,Maryam Laghari,Active,Yes,Punjab,Lahore,9,343
,Sidra Abbasi,Active,Yes,Punjab,Lahore,9,344
,Kamran Tareen,Active,Yes,Punjab,Lahore,9,345
,Zubair Laghari,Active,Yes,Punjab,Lahore,9,346
,Sidra Mengal,Active,Yes,Punjab,Lahore,9,347
,Farhan Mirza,Active,Yes,Punjab,Lahore,9,348
,Kamran Ahmed,Active,Yes,Punjab,Lahore,9,349
,Rashid Baig,Active,Yes,Punjab,Lahore,9,350
,Faisal Bugti,Active,Yes,Punjab,Lahore,9,351
,Zeeshan Mengal,Active,Yes,Punjab,Lahore,9,352
,Yasir Bhatti,Active,Yes,Punjab,Lahore,9,353
,Zeeshan Tareen,Active,Yes,Punjab,Lahore,9,354
,Asim Chaudhry,Active,Yes,Punjab,Lahore,9,355
,Arsalan Gul,Active,Yes,Punjab,Lahore,9,356
,Arsalan Khattak,Active,Yes,Punjab,Lahore,9,357
,Iqra Shah,Active,Yes,Punjab,Lahore,9,358
,Rabia Chaudhry,Active,Yes,Punjab,Lahore,9,359
,Naveed Mahar,Active,Yes,Punjab,Lahore,9,360
,Waqas Shah,Active,Yes,Punjab,Lahore,9,361
,Tariq Raza,Active,Yes,Punjab,Lahore,9,362
,Waqas Gul,Active,Yes,Punjab,Lahore,9,363
,Faisal Jan,Active,Yes,Punjab,Lahore,9,364
,Hamza Raza,Active,Yes,Punjab,Lahore,9,365
,Zainab Shah,Active,Yes,Punjab,Lahore,9,366
,Yasir Ahmed,Active,Yes,Punjab,Lahore,9,367
,Babar Khattak,Active,Yes,Punjab,Lahore,9,368
,Hira Butt,Active,Yes,Punjab,Lahore,9,369
,Junaid Bhatti,Active,Yes,Punjab,Lahore,9,370
,Sana Mirza,Active,Yes,Punjab,Lahore,9,371
,Farhan Sheikh,Active,Yes,Punjab,Lahore,9,372
,Faisal Qureshi,Active,Yes,Punjab,Lahore,9,373
,Iqra Bhatti,Active,Yes,Punjab,Lahore,9,374
,Sidra Mirza,Active,Yes,Punjab,Lahore,9,375
,Zubair Malik,Active,Yes,Punjab,Lahore,9,376
,Farhan Bhatti,Active,Yes,Punjab,Lahore,9,377
,Farhan Sheikh,Active,Yes,Punjab,Lahore,9,378
,Ahmed Mahar,Active,Yes,Punjab,Lahore,9,379
,Iqra Shah,Active,Yes,Punjab,Lahore,9,380
,Tariq Ansari,Active,Yes,Punjab,Lahore,9,381
,Ayesha Khattak,Active,Yes,Punjab,Lahore,9,382
,Ayesha Rind,Active,Yes,Punjab,Lahore,9,383
,Kamran Khattak,Active,Yes,Punjab,Lahore,9,384
,Zubair Sheikh,Active,Yes,Punjab,Lahore,9,385
,Bilal Raza,Active,Yes,Punjab,Lahore,9,386
,Shahid Butt,Active,Yes,Punjab,Lahore,9,387
,Kashif Chaudhry,Active,Yes,Punjab,Lahore,9,388
,Yasir Raza,Active,Yes,Punjab,Lahore,9,389
,Zeeshan Baig,Active,Yes,Punjab,Lahore,9,390
,Iqra Mengal,Active,Yes,Punjab,Lahore,9,391
,Faisal Mengal,Active,Yes,Punjab,Lahore,9,392
,Farhan Baig,Active,Yes,Punjab,Lahore,9,393
,Sana Abbasi,Active,Yes,Punjab,Lahore,9,394
,Yasir Khan,Active,Yes,Punjab,Lahore,9,395
,Ahmed Bhatti,Active,Yes,Punjab,Lahore,9,396
,Adnan Shah,Active,Yes,Punjab,Lahore,9,397
,Kamran Khan,Active,Yes,Punjab,Lahore,9,398
,Maryam Baig,Active,Yes,Punjab,Lahore,9,399
,Maryam Laghari,Active,Yes,Punjab,Lahore,9,400
,Kamran Raza,Active,Yes,Punjab,Lahore,10,401
,Shahid Raza,Active,Yes,Punjab,Lahore,10,402
,Kashif Laghari,Active,Yes,Punjab,Lahore,10,403
,Sana Mengal,Active,Yes,Punjab,Lahore,10,404
,Waqas Chaudhry,Active,Yes,Punjab,Lahore,10,405
,Ahmed Bhatti,Active,Yes,Punjab,Lahore,10,406
,Junaid Tareen,Active,Yes,Punjab,Lahore,10,407
,Asim Memon,Active,Yes,Punjab,Lahore,10,408
,Rabia Tareen,Active,Yes,Punjab,Lahore,10,409
,Usman Khan,Active,Yes,Punjab,Lahore,10,410
,Adnan Qureshi,Active,Yes,Punjab,Lahore,10,411
,Usman Mengal,Active,Yes,Punjab,Lahore,10,412
,Zubair Malik,Active,Yes,Punjab,Lahore,10,413
,Asim Sheikh,Active,Yes,Punjab,Lahore,10,414
,Arsalan Chaudhry,Active,Yes,Punjab,Lahore,10,415
,Farhan Khattak,Active,Yes,Punjab,Lahore,10,416
,Faisal Ahmed,Active,Yes,Punjab,Lahore,10,417
,Waqas Memon,Active,Yes,Punjab,Lahore,10,418
,Hamza Malik,Active,Yes,Punjab,Lahore,10,419
,Hira Khan,Active,Yes,Punjab,Lahore,10,420
,Iqra Malik,Active,Yes,Punjab,Lahore,10,421
,Ali Mirza,Active,Yes,Punjab,Lahore,10,422
,Rabia Bhatti,Active,Yes,Punjab,Lahore,10,423
,Sana Raza,Active,Yes,Punjab,Lahore,10,424
,Hamza Siddiqui,Active,Yes,Punjab,Lahore,10,425
,Kamran Khan,Active,Yes,Punjab,Lahore,10,426
,Shahid Butt,Active,Yes,Punjab,Lahore,10,427
,Adnan Khan,Active,Yes,Punjab,Lahore,10,428
,Ali Butt,Active,Yes,Punjab,Lahore,10,429
,Junaid Laghari,Active,Yes,Punjab,Lahore,10,430
,Kamran Baig,Active,Yes,Punjab,Lahore,10,431
,Muhammad Memon,Active,Yes,Punjab,Lahore,10,432
,Muhammad Ahmed,Active,Yes,Punjab,Lahore,10,433
,Zeeshan Mahar,Active,Yes,Punjab,Lahore,10,434
,Babar Chaudhry,Active,Yes,Punjab,Lahore,10,435
,Adnan Laghari,Active,Yes,Punjab,Lahore,10,436
,Imran Bugti,Active,Yes,Punjab,Lahore,10,437
,Ahmed Butt,Active,Yes,Punjab,Lahore,10,438
,Samina Tareen,Active,Yes,Punjab,Lahore,10,439
,Sana Qureshi,Active,Yes,Punjab,Lahore,10,440
,Hamza Memon,Active,Yes,Punjab,Lahore,10,441
,Asim Siddiqui,Active,Yes,Punjab,Lahore,10,442
,Imran Gul,Active,Yes,Punjab,Lahore,10,443
,Hira Khattak,Active,Yes,Punjab,Lahore,10,444
,Rashid Baig,Active,Yes,Punjab,Lahore,10,445
,Naveed Bhatti,Active,Yes,Punjab,Lahore,10,446
,Maryam Laghari,Active,Yes,Punjab,Lahore,10,447
,Imran Khan,Active,Yes,Punjab,Lahore,10,448
,Bilal Abbasi,Active,Yes,Punjab,Lahore,10,449
,Samina Siddiqui,Active,Yes,Punjab,Lahore,10,450
,Rabia Ansari,Active,Yes,Punjab,Lahore,10,451
,Saad Memon,Active,Yes,Punjab,Lahore,10,452
,Kashif Mahar,Active,Yes,Punjab,Lahore,10,453
,Zainab Ahmed,Active,Yes,Punjab,Lahore,10,454
,Sidra Khattak,Active,Yes,Punjab,Lahore,10,455
,Usman Ahmed,Active,Yes,Punjab,Lahore,10,456
,Ahmed Khan,Active,Yes,Punjab,Lahore,10,457
,Rabia Baig,Active,Yes,Punjab,Lahore,10,458
,Rashid Laghari,Active,Yes,Punjab,Lahore,10,459
,Kashif Gul,Active,Yes,Punjab,Lahore,10,460
,Saad Tareen,Active,Yes,Punjab,Lahore,10,461
,Kashif Butt,Active,Yes,Punjab,Lahore,10,462
,Zeeshan Malik,Active,Yes,Punjab,Lahore,10,463
,Kamran Rind,Active,Yes,Punjab,Lahore,10,464
,Zubair Tareen,Active,Yes,Punjab,Lahore,10,465
,Shahid Baig,Active,Yes,Punjab,Lahore,10,466
,Zainab Ahmed,Active,Yes,Punjab,Lahore,10,467
,Asim Baig,Active,Yes,Punjab,Lahore,10,468
,Babar Butt,Active,Yes,Punjab,Lahore,10,469
,Ayesha Malik,Active,Yes,Punjab,Lahore,10,470
,Zubair Qureshi,Active,Yes,Punjab,Lahore,10,471
,Samina Abbasi,Active,Yes,Punjab,Lahore,10,472
,Faisal Bugti,Active,Yes,Punjab,Lahore,10,473
,Hamza Khan,Active,Yes,Punjab,Lahore,10,474
,Farhan Khan,Active,Yes,Punjab,Lahore,10,475
,Hamza Sheikh,Active,Yes,Punjab,Lahore,10,476
,Waqas Qureshi,Active,Yes,Punjab,Lahore,10,477
,Zainab Butt,Active,Yes,Punjab,Lahore,10,478
,Ahmed Raza,Active,Yes,Punjab,Lahore,10,479
,Tariq Butt,Active,Yes,Punjab,Lahore,10,480
,Hira Gul,Active,Yes,Punjab,Lahore,10,481
,Asim Memon,Active,Yes,Punjab,Lahore,10,482
,Yasir Raza,Active,Yes,Punjab,Lahore,10,483
,Waqas Khan,Active,Yes,Punjab,Lahore,10,484
,Ahmed Sheikh,Active,Yes,Punjab,Lahore,10,485
,Hamza Butt,Active,Yes,Punjab,Lahore,10,486
,Waqas Ahmed,Active,Yes,Punjab,Lahore,10,487
,Usman Ansari,Active,Yes,Punjab,Lahore,10,488
,Imran Chaudhry,Active,Yes,Punjab,Lahore,10,489
,Farhan Sheikh,Active,Yes,Punjab,Lahore,10,490
,Zeeshan Siddiqui,Active,Yes,Punjab,Lahore,10,491
,Faisal Mirza,Active,Yes,Punjab,Lahore,10,492
,Kashif Malik,Active,Yes,Punjab,Lahore,10,493
,Rabia Ansari,Active,Yes,Punjab,Lahore,10,494
,Farhan Tareen,Active,Yes,Punjab,Lahore,10,495
,Zeeshan Mahar,Active,Yes,Punjab,Lahore,10,496
,Hira Chaudhry,Active,Yes,Punjab,Lahore,10,497
,Asim Memon,Active,Yes,Punjab,Lahore,10,498
,Imran Shah,Active,Yes,Punjab,Lahore,10,499
,Hamza Laghari,Active,Yes,Punjab,Lahore,10,500
,Rabia Baig,Active,Yes,Sindh,Karachi,11,1
,Ahmed Jan,Active,Yes,Sindh,Karachi,11,2
,Usman Malik,Active,Yes,Sindh,Karachi,11,3
,Adnan Baig,Active,Yes,Sindh,Karachi,11,4
,Tariq Laghari,Active,Yes,Sindh,Karachi,11,5
,Maryam Chaudhry,Active,Yes,Sindh,Karachi,11,6
,Yasir Qureshi,Active,Yes,Sindh,Karachi,11,7
,Rabia Sheikh,Active,Yes,Sindh,Karachi,11,8
,Asim Ahmed,Active,Yes,Sindh,Karachi,11,9
,Zubair Siddiqui,Active,Yes,Sindh,Karachi,11,10
,Muhammad Gul,Active,Yes,Sindh,Karachi,11,11
,Farhan Memon,Active,Yes,Sindh,Karachi,11,12
,Hamza Mengal,Active,Yes,Sindh,Karachi,11,13
,Bilal Mahar,Active,Yes,Sindh,Karachi,11,14
,Rashid Bhatti,Active,Yes,Sindh,Karachi,11,15
,Usman Butt,Active,Yes,Sindh,Karachi,11,16
,Bilal Ahmed,Active,Yes,Sindh,Karachi,11,17
,Hamza Mahar,Active,Yes,Sindh,Karachi,11,18
,Ahmed Baig,Active,Yes,Sindh,Karachi,11,19
,Adnan Khan,Active,Yes,Sindh,Karachi,11,20
,Kamran Bhatti,Active,Yes,Sindh,Karachi,11,21
,Fatima Sheikh,Active,Yes,Sindh,Karachi,11,22
,Junaid Tareen,Active,Yes,Sindh,Karachi,11,23
,Ahmed Ansari,Active,Yes,Sindh,Karachi,11,24
,Rabia Siddiqui,Active,Yes,Sindh,Karachi,11,25
,Faisal Mengal,Active,Yes,Sindh,Karachi,11,26
,Ahmed Raza,Active,Yes,Sindh,Karachi,11,27
,Sana Bugti,Active,Yes,Sindh,Karachi,11,28
,Babar Abbasi,Active,Yes,Sindh,Karachi,11,29
,Shahid Abbasi,Active,Yes,Sindh,Karachi,11,30
,Usman Mahar,Active,Yes,Sindh,Karachi,11,31
,Iqra Mirza,Active,Yes,Sindh,Karachi,11,32
,Zeeshan Khan,Active,Yes,Sindh,Karachi,11,33
,Rashid Bhatti,Active,Yes,Sindh,Karachi,11,34
,Waqas Rind,Active,Yes,Sindh,Karachi,11,35
,Sana Tareen,Active,Yes,Sindh,Karachi,11,36
,Bilal Abbasi,Active,Yes,Sindh,Karachi,11,37
,Shahid Mahar,Active,Yes,Sindh,Karachi,11,38
,Adnan Laghari,Active,Yes,Sindh,Karachi,11,39
,Usman Abbasi,Active,Yes,Sindh,Karachi,11,40
,Rabia Mahar,Active,Yes,Sindh,Karachi,11,41
,Faisal Jan,Active,Yes,Sindh,Karachi,11,42
,Sidra Raza,Active,Yes,Sindh,Karachi,11,43
,Asim Siddiqui,Active,Yes,Sindh,Karachi,11,44
,Iqra Qureshi,Active,Yes,Sindh,Karachi,11,45
,Rabia Bugti,Active,Yes,Sindh,Karachi,11,46
,Junaid Memon,Active,Yes,Sindh,Karachi,11,47
,Maryam Gul,Active,Yes,Sindh,Karachi,11,48
,Kashif Bhatti,Active,Yes,Sindh,Karachi,11,49
,Rashid Mirza,Active,Yes,Sindh,Karachi,11,50
,Babar Gul,Active,Yes,Sindh,Karachi,11,51
,Fatima Rind,Active,Yes,Sindh,Karachi,11,52
,Rabia Chaudhry,Active,Yes,Sindh,Karachi,11,53
,Hira Gul,Active,Yes,Sindh,Karachi,11,54
,Fatima Bugti,Active,Yes,Sindh,Karachi,11,55
,Arsalan Abbasi,Active,Yes,Sindh,Karachi,11,56
,Sana Tareen,Active,Yes,Sindh,Karachi,11,57
,Zainab Laghari,Active,Yes,Sindh,Karachi,11,58
,Naveed Gul,Active,Yes,Sindh,Karachi,11,59
,Iqra Gul,Active,Yes,Sindh,Karachi,11,60
,Yasir Siddiqui,Active,Yes,Sindh,Karachi,11,61
,Saad Mengal,Active,Yes,Sindh,Karachi,11,62
,Bilal Rind,Active,Yes,Sindh,Karachi,11,63
,Kashif Shah,Active,Yes,Sindh,Karachi,11,64
,Zeeshan Sheikh,Active,Yes,Sindh,Karachi,11,65
,Kashif Khattak,Active,Yes,Sindh,Karachi,11,66
,Sana Raza,Active,Yes,Sindh,Karachi,11,67
,Muhammad Bugti,Active,Yes,Sindh,Karachi,11,68
,Babar Sheikh,Active,Yes,Sindh,Karachi,11,69
,Hira Khattak,Active,Yes,Sindh,Karachi,11,70
,Junaid Baig,Active,Yes,Sindh,Karachi,11,71
,Waqas Abbasi,Active,Yes,Sindh,Karachi,11,72
,Adnan Siddiqui,Active,Yes,Sindh,Karachi,11,73
,Asim Shah,Active,Yes,Sindh,Karachi,11,74
,Waqas Tareen,Active,Yes,Sindh,Karachi,11,75
,Zubair Mahar,Active,Yes,Sindh,Karachi,11,76
,Zeeshan Tareen,Active,Yes,Sindh,Karachi,11,77
,Tariq Siddiqui,Active,Yes,Sindh,Karachi,11,78
,Zubair Mengal,Active,Yes,Sindh,Karachi,11,79
,Babar Butt,Active,Yes,Sindh,Karachi,11,80
,Asim Bugti,Active,Yes,Sindh,Karachi,11,81
,Imran Abbasi,Active,Yes,Sindh,Karachi,11,82
,Adnan Jan,Active,Yes,Sindh,Karachi,11,83
,Asim Jan,Active,Yes,Sindh,Karachi,11,84
,Zeeshan Butt,Active,Yes,Sindh,Karachi,11,85
,Zainab Jan,Active,Yes,Sindh,Karachi,11,86
,Hira Butt,Active,Yes,Sindh,Karachi,11,87
,Rabia Mirza,Active,Yes,Sindh,Karachi,11,88
,Tariq Raza,Active,Yes,Sindh,Karachi,11,89
,Samina Baig,Active,Yes,Sindh,Karachi,11,90
,Zainab Khan,Active,Yes,Sindh,Karachi,11,91
,Maryam Rind,Active,Yes,Sindh,Karachi,11,92
,Ali Rind,Active,Yes,Sindh,Karachi,11,93
,Usman Mirza,Active,Yes,Sindh,Karachi,11,94
,Usman Mengal,Active,Yes,Sindh,Karachi,11,95
,Faisal Laghari,Active,Yes,Sindh,Karachi,11,96
,Rabia Ansari,Active,Yes,Sindh,Karachi,11,97
,Zainab Shah,Active,Yes,Sindh,Karachi,11,98
,Sidra Abbasi,Active,Yes,Sindh,Karachi,11,99
,Tariq Baig,Active,Yes,Sindh,Karachi,11,100
,Junaid Mirza,Active,Yes,Sindh,Karachi,12,101
,Shahid Qureshi,Active,Yes,Sindh,Karachi,12,102
,Adnan Rind,Active,Yes,Sindh,Karachi,12,103
,Ahmed Ahmed,Active,Yes,Sindh,Karachi,12,104
,Adnan Qureshi,Active,Yes,Sindh,Karachi,12,105
,Kamran Mengal,Active,Yes,Sindh,Karachi,12,106
,Waqas Gul,Active,Yes,Sindh,Karachi,12,107
,Shahid Rind,Active,Yes,Sindh,Karachi,12,108
,Arsalan Mirza,Active,Yes,Sindh,Karachi,12,109
,Maryam Qureshi,Active,Yes,Sindh,Karachi,12,110
,Muhammad Khan,Active,Yes,Sindh,Karachi,12,111
,Naveed Ahmed,Active,Yes,Sindh,Karachi,12,112
,Yasir Butt,Active,Yes,Sindh,Karachi,12,113
,Samina Ansari,Active,Yes,Sindh,Karachi,12,114
,Zubair Malik,Active,Yes,Sindh,Karachi,12,115
,Babar Ansari,Active,Yes,Sindh,Karachi,12,116
,Junaid Malik,Active,Yes,Sindh,Karachi,12,117
,Faisal Siddiqui,Active,Yes,Sindh,Karachi,12,118
,Muhammad Mirza,Active,Yes,Sindh,Karachi,12,119
,Imran Bugti,Active,Yes,Sindh,Karachi,12,120
,Fatima Baig,Active,Yes,Sindh,Karachi,12,121
,Zainab Qureshi,Active,Yes,Sindh,Karachi,12,122
,Asim Memon,Active,Yes,Sindh,Karachi,12,123
,Adnan Bugti,Active,Yes,Sindh,Karachi,12,124
,Adnan Baig,Active,Yes,Sindh,Karachi,12,125
,Rashid Shah,Active,Yes,Sindh,Karachi,12,126
,Sidra Khan,Active,Yes,Sindh,Karachi,12,127
,Tariq Mahar,Active,Yes,Sindh,Karachi,12,128
,Muhammad Baig,Active,Yes,Sindh,Karachi,12,129
,Kashif Butt,Active,Yes,Sindh,Karachi,12,130
,Hamza Mirza,Active,Yes,Sindh,Karachi,12,131
,Arsalan Gul,Active,Yes,Sindh,Karachi,12,132
,Sana Jan,Active,Yes,Sindh,Karachi,12,133
,Asim Siddiqui,Active,Yes,Sindh,Karachi,12,134
,Asim Khattak,Active,Yes,Sindh,Karachi,12,135
,Saad Tareen,Active,Yes,Sindh,Karachi,12,136
,Hira Mahar,Active,Yes,Sindh,Karachi,12,137
,Sana Mirza,Active,Yes,Sindh,Karachi,12,138
,Kashif Khan,Active,Yes,Sindh,Karachi,12,139
,Shahid Mirza,Active,Yes,Sindh,Karachi,12,140
,Asim Baig,Active,Yes,Sindh,Karachi,12,141
,Imran Butt,Active,Yes,Sindh,Karachi,12,142
,Usman Bhatti,Active,Yes,Sindh,Karachi,12,143
,Ayesha Bhatti,Active,Yes,Sindh,Karachi,12,144
,Babar Shah,Active,Yes,Sindh,Karachi,12,145
,Naveed Butt,Active,Yes,Sindh,Karachi,12,146
,Rashid Gul,Active,Yes,Sindh,Karachi,12,147
,Zubair Ahmed,Active,Yes,Sindh,Karachi,12,148
,Fatima Ahmed,Active,Yes,Sindh,Karachi,12,149
,Ahmed Ahmed,Active,Yes,Sindh,Karachi,12,150
,Ayesha Malik,Active,Yes,Sindh,Karachi,12,151
,Arsalan Khan,Active,Yes,Sindh,Karachi,12,152
,Tariq Siddiqui,Active,Yes,Sindh,Karachi,12,153
,Sidra Memon,Active,Yes,Sindh,Karachi,12,154
,Tariq Rind,Active,Yes,Sindh,Karachi,12,155
,Usman Rind,Active,Yes,Sindh,Karachi,12,156
,Kashif Tareen,Active,Yes,Sindh,Karachi,12,157
,Hira Khan,Active,Yes,Sindh,Karachi,12,158
,Kamran Khan,Active,Yes,Sindh,Karachi,12,159
,Kashif Mirza,Active,Yes,Sindh,Karachi,12,160
,Babar Ansari,Active,Yes,Sindh,Karachi,12,161
,Shahid Qureshi,Active,Yes,Sindh,Karachi,12,162
,Fatima Tareen,Active,Yes,Sindh,Karachi,12,163
,Zeeshan Bugti,Active,Yes,Sindh,Karachi,12,164
,Fatima Jan,Active,Yes,Sindh,Karachi,12,165
,Hira Baig,Active,Yes,Sindh,Karachi,12,166
,Imran Siddiqui,Active,Yes,Sindh,Karachi,12,167
,Saad Bhatti,Active,Yes,Sindh,Karachi,12,168
,Rabia Raza,Active,Yes,Sindh,Karachi,12,169
,Usman Ansari,Active,Yes,Sindh,Karachi,12,170
,Kamran Malik,Active,Yes,Sindh,Karachi,12,171
,Hira Rind,Active,Yes,Sindh,Karachi,12,172
,Zainab Ansari,Active,Yes,Sindh,Karachi,12,173
,Waqas Sheikh,Active,Yes,Sindh,Karachi,12,174
,Shahid Memon,Active,Yes,Sindh,Karachi,12,175
,Farhan Jan,Active,Yes,Sindh,Karachi,12,176
,Kashif Khan,Active,Yes,Sindh,Karachi,12,177
,Ayesha Sheikh,Active,Yes,Sindh,Karachi,12,178
,Farhan Chaudhry,Active,Yes,Sindh,Karachi,12,179
,Hira Mengal,Active,Yes,Sindh,Karachi,12,180
,Ahmed Malik,Active,Yes,Sindh,Karachi,12,181
,Babar Mirza,Active,Yes,Sindh,Karachi,12,182
,Shahid Sheikh,Active,Yes,Sindh,Karachi,12,183
,Shahid Bugti,Active,Yes,Sindh,Karachi,12,184
,Maryam Siddiqui,Active,Yes,Sindh,Karachi,12,185
,Zeeshan Mengal,Active,Yes,Sindh,Karachi,12,186
,Zeeshan Chaudhry,Active,Yes,Sindh,Karachi,12,187
,Arsalan Malik,Active,Yes,Sindh,Karachi,12,188
,Ayesha Mahar,Active,Yes,Sindh,Karachi,12,189
,Ali Sheikh,Active,Yes,Sindh,Karachi,12,190
,Rashid Chaudhry,Active,Yes,Sindh,Karachi,12,191
,Zainab Shah,Active,Yes,Sindh,Karachi,12,192
,Zainab Bugti,Active,Yes,Sindh,Karachi,12,193
,Sana Mengal,Active,Yes,Sindh,Karachi,12,194
,Kamran Siddiqui,Active,Yes,Sindh,Karachi,12,195
,Zeeshan Laghari,Active,Yes,Sindh,Karachi,12,196
,Iqra Abbasi,Active,Yes,Sindh,Karachi,12,197
,Farhan Sheikh,Active,Yes,Sindh,Karachi,12,198
,Rashid Ansari,Active,Yes,Sindh,Karachi,12,199
,Muhammad Jan,Active,Yes,Sindh,Karachi,12,200
,Babar Gul,Active,Yes,Sindh,Karachi,13,201
,Faisal Ahmed,Active,Yes,Sindh,Karachi,13,202
,Rabia Memon,Active,Yes,Sindh,Karachi,13,203
,Samina Mahar,Active,Yes,Sindh,Karachi,13,204
,Muhammad Siddiqui,Active,Yes,Sindh,Karachi,13,205
,Maryam Bhatti,Active,Yes,Sindh,Karachi,13,206
,Sana Chaudhry,Active,Yes,Sindh,Karachi,13,207
,Kashif Bugti,Active,Yes,Sindh,Karachi,13,208
,Ali Mirza,Active,Yes,Sindh,Karachi,13,209
,Ahmed Mirza,Active,Yes,Sindh,Karachi,13,210
,Sana Sheikh,Active,Yes,Sindh,Karachi,13,211
,Imran Abbasi,Active,Yes,Sindh,Karachi,13,212
,Usman Chaudhry,Active,Yes,Sindh,Karachi,13,213
,Maryam Baig,Active,Yes,Sindh,Karachi,13,214
,Ayesha Tareen,Active,Yes,Sindh,Karachi,13,215
,Kamran Qureshi,Active,Yes,Sindh,Karachi,13,216
,Adnan Siddiqui,Active,Yes,Sindh,Karachi,13,217
,Waqas Mahar,Active,Yes,Sindh,Karachi,13,218
,Farhan Rind,Active,Yes,Sindh,Karachi,13,219
,Hamza Shah,Active,Yes,Sindh,Karachi,13,220
,Arsalan Laghari,Active,Yes,Sindh,Karachi,13,221
,Imran Shah,Active,Yes,Sindh,Karachi,13,222
,Shahid Raza,Active,Yes,Sindh,Karachi,13,223
,Bilal Laghari,Active,Yes,Sindh,Karachi,13,224
,Arsalan Malik,Active,Yes,Sindh,Karachi,13,225
,Babar Mirza,Active,Yes,Sindh,Karachi,13,226
,Rashid Raza,Active,Yes,Sindh,Karachi,13,227
,Kamran Baig,Active,Yes,Sindh,Karachi,13,228
,Zubair Khattak,Active,Yes,Sindh,Karachi,13,229
,Ahmed Ahmed,Active,Yes,Sindh,Karachi,13,230
,Adnan Abbasi,Active,Yes,Sindh,Karachi,13,231
,Faisal Ansari,Active,Yes,Sindh,Karachi,13,232
,Kashif Rind,Active,Yes,Sindh,Karachi,13,233
,Imran Shah,Active,Yes,Sindh,Karachi,13,234
,Usman Jan,Active,Yes,Sindh,Karachi,13,235
,Adnan Mengal,Active,Yes,Sindh,Karachi,13,236
,Rashid Gul,Active,Yes,Sindh,Karachi,13,237
,Farhan Sheikh,Active,Yes,Sindh,Karachi,13,238
,Ayesha Khattak,Active,Yes,Sindh,Karachi,13,239
,Samina Ahmed,Active,Yes,Sindh,Karachi,13,240
,Arsalan Malik,Active,Yes,Sindh,Karachi,13,241
,Ayesha Rind,Active,Yes,Sindh,Karachi,13,242
,Zeeshan Shah,Active,Yes,Sindh,Karachi,13,243
,Fatima Ahmed,Active,Yes,Sindh,Karachi,13,244
,Rashid Ansari,Active,Yes,Sindh,Karachi,13,245
,Sidra Laghari,Active,Yes,Sindh,Karachi,13,246
,Asim Siddiqui,Active,Yes,Sindh,Karachi,13,247
,Iqra Malik,Active,Yes,Sindh,Karachi,13,248
,Rabia Tareen,Active,Yes,Sindh,Karachi,13,249
,Usman Tareen,Active,Yes,Sindh,Karachi,13,250
,Rashid Mahar,Active,Yes,Sindh,Karachi,13,251
,Waqas Sheikh,Active,Yes,Sindh,Karachi,13,252
,Faisal Khan,Active,Yes,Sindh,Karachi,13,253
,Zubair Ansari,Active,Yes,Sindh,Karachi,13,254
,Adnan Mirza,Active,Yes,Sindh,Karachi,13,255
,Muhammad Ahmed,Active,Yes,Sindh,Karachi,13,256
,Saad Jan,Active,Yes,Sindh,Karachi,13,257
,Ahmed Sheikh,Active,Yes,Sindh,Karachi,13,258
,Usman Mirza,Active,Yes,Sindh,Karachi,13,259
,Zeeshan Gul,Active,Yes,Sindh,Karachi,13,260
,Junaid Mahar,Active,Yes,Sindh,Karachi,13,261
,Naveed Raza,Active,Yes,Sindh,Karachi,13,262
,Tariq Shah,Active,Yes,Sindh,Karachi,13,263
,Kashif Jan,Active,Yes,Sindh,Karachi,13,264
,Tariq Ansari,Active,Yes,Sindh,Karachi,13,265
,Hamza Rind,Active,Yes,Sindh,Karachi,13,266
,Kamran Khattak,Active,Yes,Sindh,Karachi,13,267
,Sidra Laghari,Active,Yes,Sindh,Karachi,13,268
,Hira Memon,Active,Yes,Sindh,Karachi,13,269
,Naveed Gul,Active,Yes,Sindh,Karachi,13,270
,Ayesha Laghari,Active,Yes,Sindh,Karachi,13,271
,Adnan Qureshi,Active,Yes,Sindh,Karachi,13,272
,Usman Qureshi,Active,Yes,Sindh,Karachi,13,273
,Rashid Sheikh,Active,Yes,Sindh,Karachi,13,274
,Samina Chaudhry,Active,Yes,Sindh,Karachi,13,275
,Junaid Ahmed,Active,Yes,Sindh,Karachi,13,276
,Asim Ansari,Active,Yes,Sindh,Karachi,13,277
,Zubair Bugti,Active,Yes,Sindh,Karachi,13,278
,Sidra Siddiqui,Active,Yes,Sindh,Karachi,13,279
,Zeeshan Jan,Active,Yes,Sindh,Karachi,13,280
,Adnan Ansari,Active,Yes,Sindh,Karachi,13,281
,Yasir Mahar,Active,Yes,Sindh,Karachi,13,282
,Iqra Gul,Active,Yes,Sindh,Karachi,13,283
,Bilal Khattak,Active,Yes,Sindh,Karachi,13,284
,Kamran Siddiqui,Active,Yes,Sindh,Karachi,13,285
,Arsalan Ansari,Active,Yes,Sindh,Karachi,13,286
,Saad Siddiqui,Active,Yes,Sindh,Karachi,13,287
,Arsalan Rind,Active,Yes,Sindh,Karachi,13,288
,Hamza Qureshi,Active,Yes,Sindh,Karachi,13,289
,Naveed Laghari,Active,Yes,Sindh,Karachi,13,290
,Rashid Qureshi,Active,Yes,Sindh,Karachi,13,291
,Muhammad Baig,Active,Yes,Sindh,Karachi,13,292
,Waqas Mirza,Active,Yes,Sindh,Karachi,13,293
,Farhan Khan,Active,Yes,Sindh,Karachi,13,294
,Arsalan Khan,Active,Yes,Sindh,Karachi,13,295
,Zainab Rind,Active,Yes,Sindh,Karachi,13,296
,Maryam Bhatti,Active,Yes,Sindh,Karachi,13,297
,Kashif Rind,Active,Yes,Sindh,Karachi,13,298
,Hamza Ahmed,Active,Yes,Sindh,Karachi,13,299
,Ali Khattak,Active,Yes,Sindh,Karachi,13,300
,Adnan Siddiqui,Active,Yes,Sindh,Karachi,14,301
,Junaid Mahar,Active,Yes,Sindh,Karachi,14,302
,Tariq Abbasi,Active,Yes,Sindh,Karachi,14,303
,Bilal Bugti,Active,Yes,Sindh,Karachi,14,304
,Zubair Mirza,Active,Yes,Sindh,Karachi,14,305
,Faisal Mahar,Active,Yes,Sindh,Karachi,14,306
,Iqra Khattak,Active,Yes,Sindh,Karachi,14,307
,Muhammad Ahmed,Active,Yes,Sindh,Karachi,14,308
,Iqra Baig,Active,Yes,Sindh,Karachi,14,309
,Tariq Mengal,Active,Yes,Sindh,Karachi,14,310
,Adnan Jan,Active,Yes,Sindh,Karachi,14,311
,Kamran Bugti,Active,Yes,Sindh,Karachi,14,312
,Iqra Gul,Active,Yes,Sindh,Karachi,14,313
,Rashid Memon,Active,Yes,Sindh,Karachi,14,314
,Farhan Khan,Active,Yes,Sindh,Karachi,14,315
,Kashif Gul,Active,Yes,Sindh,Karachi,14,316
,Fatima Laghari,Active,Yes,Sindh,Karachi,14,317
,Ali Khattak,Active,Yes,Sindh,Karachi,14,318
,Fatima Sheikh,Active,Yes,Sindh,Karachi,14,319
,Maryam Memon,Active,Yes,Sindh,Karachi,14,320
,Waqas Ansari,Active,Yes,Sindh,Karachi,14,321
,Zubair Tareen,Active,Yes,Sindh,Karachi,14,322
,Asim Bugti,Active,Yes,Sindh,Karachi,14,323
,Farhan Jan,Active,Yes,Sindh,Karachi,14,324
,Asim Mirza,Active,Yes,Sindh,Karachi,14,325
,Adnan Sheikh,Active,Yes,Sindh,Karachi,14,326
,Ayesha Ahmed,Active,Yes,Sindh,Karachi,14,327
,Kamran Ansari,Active,Yes,Sindh,Karachi,14,328
,Kashif Memon,Active,Yes,Sindh,Karachi,14,329
,Imran Siddiqui,Active,Yes,Sindh,Karachi,14,330
,Sana Butt,Active,Yes,Sindh,Karachi,14,331
,Kashif Khan,Active,Yes,Sindh,Karachi,14,332
,Zeeshan Sheikh,Active,Yes,Sindh,Karachi,14,333
,Sana Ahmed,Active,Yes,Sindh,Karachi,14,334
,Junaid Khattak,Active,Yes,Sindh,Karachi,14,335
,Farhan Qureshi,Active,Yes,Sindh,Karachi,14,336
,Rashid Tareen,Active,Yes,Sindh,Karachi,14,337
,Zubair Laghari,Active,Yes,Sindh,Karachi,14,338
,Fatima Khattak,Active,Yes,Sindh,Karachi,14,339
,Asim Raza,Active,Yes,Sindh,Karachi,14,340
,Imran Bhatti,Active,Yes,Sindh,Karachi,14,341
,Zeeshan Qureshi,Active,Yes,Sindh,Karachi,14,342
,Zeeshan Baig,Active,Yes,Sindh,Karachi,14,343
,Hira Ahmed,Active,Yes,Sindh,Karachi,14,344
,Muhammad Mahar,Active,Yes,Sindh,Karachi,14,345
,Waqas Mahar,Active,Yes,Sindh,Karachi,14,346
,Rabia Sheikh,Active,Yes,Sindh,Karachi,14,347
,Hamza Chaudhry,Active,Yes,Sindh,Karachi,14,348
,Bilal Gul,Active,Yes,Sindh,Karachi,14,349
,Imran Mirza,Active,Yes,Sindh,Karachi,14,350
,Naveed Memon,Active,Yes,Sindh,Karachi,14,351
,Usman Bugti,Active,Yes,Sindh,Karachi,14,352
,Zainab Butt,Active,Yes,Sindh,Karachi,14,353
,Sidra Tareen,Active,Yes,Sindh,Karachi,14,354
,Bilal Baig,Active,Yes,Sindh,Karachi,14,355
,Saad Sheikh,Active,Yes,Sindh,Karachi,14,356
,Samina Memon,Active,Yes,Sindh,Karachi,14,357
,Junaid Siddiqui,Active,Yes,Sindh,Karachi,14,358
,Samina Jan,Active,Yes,Sindh,Karachi,14,359
,Ayesha Jan,Active,Yes,Sindh,Karachi,14,360
,Arsalan Siddiqui,Active,Yes,Sindh,Karachi,14,361
,Kashif Bugti,Active,Yes,Sindh,Karachi,14,362
,Arsalan Qureshi,Active,Yes,Sindh,Karachi,14,363
,Babar Memon,Active,Yes,Sindh,Karachi,14,364
,Adnan Shah,Active,Yes,Sindh,Karachi,14,365
,Adnan Mirza,Active,Yes,Sindh,Karachi,14,366
,Zubair Butt,Active,Yes,Sindh,Karachi,14,367
,Zeeshan Abbasi,Active,Yes,Sindh,Karachi,14,368
,Fatima Mahar,Active,Yes,Sindh,Karachi,14,369
,Zubair Ahmed,Active,Yes,Sindh,Karachi,14,370
,Babar Gul,Active,Yes,Sindh,Karachi,14,371
,Kamran Chaudhry,Active,Yes,Sindh,Karachi,14,372
,Sana Rind,Active,Yes,Sindh,Karachi,14,373
,Asim Jan,Active,Yes,Sindh,Karachi,14,374
,Hamza Raza,Active,Yes,Sindh,Karachi,14,375
,Ali Shah,Active,Yes,Sindh,Karachi,14,376
,Kashif Shah,Active,Yes,Sindh,Karachi,14,377
,Bilal Rind,Active,Yes,Sindh,Karachi,14,378
,Maryam Mahar,Active,Yes,Sindh,Karachi,14,379
,Kamran Khan,Active,Yes,Sindh,Karachi,14,380
,Ali Baig,Active,Yes,Sindh,Karachi,14,381
,Rashid Khan,Active,Yes,Sindh,Karachi,14,382
,Sidra Shah,Active,Yes,Sindh,Karachi,14,383
,Saad Khan,Active,Yes,Sindh,Karachi,14,384
,Naveed Ansari,Active,Yes,Sindh,Karachi,14,385
,Sidra Baig,Active,Yes,Sindh,Karachi,14,386
,Iqra Laghari,Active,Yes,Sindh,Karachi,14,387
,Shahid Raza,Active,Yes,Sindh,Karachi,14,388
,Usman Tareen,Active,Yes,Sindh,Karachi,14,389
,Ayesha Qureshi,Active,Yes,Sindh,Karachi,14,390
,Tariq Bhatti,Active,Yes,Sindh,Karachi,14,391
,Zainab Gul,Active,Yes,Sindh,Karachi,14,392
,Iqra Laghari,Active,Yes,Sindh,Karachi,14,393
,Ali Mahar,Active,Yes,Sindh,Karachi,14,394
,Bilal Baig,Active,Yes,Sindh,Karachi,14,395
,Bilal Khan,Active,Yes,Sindh,Karachi,14,396
,Faisal Abbasi,Active,Yes,Sindh,Karachi,14,397
,Fatima Khan,Active,Yes,Sindh,Karachi,14,398
,Zainab Memon,Active,Yes,Sindh,Karachi,14,399
,Arsalan Bugti,Active,Yes,Sindh,Karachi,14,400
,Bilal Siddiqui,Active,Yes,Sindh,Karachi,15,401
,Maryam Ahmed,Active,Yes,Sindh,Karachi,15,402
,Rabia Malik,Active,Yes,Sindh,Karachi,15,403
,Junaid Tareen,Active,Yes,Sindh,Karachi,15,404
,Faisal Butt,Active,Yes,Sindh,Karachi,15,405
,Rabia Abbasi,Active,Yes,Sindh,Karachi,15,406
,Sana Ansari,Active,Yes,Sindh,Karachi,15,407
,Ayesha Bugti,Active,Yes,Sindh,Karachi,15,408
,Faisal Bhatti,Active,Yes,Sindh,Karachi,15,409
,Ahmed Shah,Active,Yes,Sindh,Karachi,15,410
,Iqra Ahmed,Active,Yes,Sindh,Karachi,15,411
,Ayesha Gul,Active,Yes,Sindh,Karachi,15,412
,Sana Malik,Active,Yes,Sindh,Karachi,15,413
,Junaid Mirza,Active,Yes,Sindh,Karachi,15,414
,Rashid Rind,Active,Yes,Sindh,Karachi,15,415
,Zeeshan Gul,Active,Yes,Sindh,Karachi,15,416
,Adnan Tareen,Active,Yes,Sindh,Karachi,15,417
,Muhammad Malik,Active,Yes,Sindh,Karachi,15,418
,Bilal Rind,Active,Yes,Sindh,Karachi,15,419
,Adnan Sheikh,Active,Yes,Sindh,Karachi,15,420
,Iqra Siddiqui,Active,Yes,Sindh,Karachi,15,421
,Adnan Rind,Active,Yes,Sindh,Karachi,15,422
,Waqas Abbasi,Active,Yes,Sindh,Karachi,15,423
,Saad Chaudhry,Active,Yes,Sindh,Karachi,15,424
,Rashid Baig,Active,Yes,Sindh,Karachi,15,425
,Saad Sheikh,Active,Yes,Sindh,Karachi,15,426
,Shahid Rind,Active,Yes,Sindh,Karachi,15,427
,Kashif Butt,Active,Yes,Sindh,Karachi,15,428
,Waqas Rind,Active,Yes,Sindh,Karachi,15,429
,Zainab Malik,Active,Yes,Sindh,Karachi,15,430
,Ayesha Tareen,Active,Yes,Sindh,Karachi,15,431
,Bilal Malik,Active,Yes,Sindh,Karachi,15,432
,Sana Bhatti,Active,Yes,Sindh,Karachi,15,433
,Zeeshan Chaudhry,Active,Yes,Sindh,Karachi,15,434
,Ahmed Gul,Active,Yes,Sindh,Karachi,15,435
,Shahid Chaudhry,Active,Yes,Sindh,Karachi,15,436
,Junaid Laghari,Active,Yes,Sindh,Karachi,15,437
,Zainab Qureshi,Active,Yes,Sindh,Karachi,15,438
,Samina Ansari,Active,Yes,Sindh,Karachi,15,439
,Waqas Mengal,Active,Yes,Sindh,Karachi,15,440
,Usman Butt,Active,Yes,Sindh,Karachi,15,441
,Faisal Chaudhry,Active,Yes,Sindh,Karachi,15,442
,Asim Rind,Active,Yes,Sindh,Karachi,15,443
,Waqas Malik,Active,Yes,Sindh,Karachi,15,444
,Ayesha Memon,Active,Yes,Sindh,Karachi,15,445
,Tariq Mahar,Active,Yes,Sindh,Karachi,15,446
,Saad Khan,Active,Yes,Sindh,Karachi,15,447
,Arsalan Jan,Active,Yes,Sindh,Karachi,15,448
,Usman Ahmed,Active,Yes,Sindh,Karachi,15,449
,Sana Chaudhry,Active,Yes,Sindh,Karachi,15,450
,Usman Baig,Active,Yes,Sindh,Karachi,15,451
,Tariq Mengal,Active,Yes,Sindh,Karachi,15,452
,Faisal Bhatti,Active,Yes,Sindh,Karachi,15,453
,Babar Tareen,Active,Yes,Sindh,Karachi,15,454
,Arsalan Laghari,Active,Yes,Sindh,Karachi,15,455
,Usman Malik,Active,Yes,Sindh,Karachi,15,456
,Yasir Abbasi,Active,Yes,Sindh,Karachi,15,457
,Rabia Shah,Active,Yes,Sindh,Karachi,15,458
,Kashif Rind,Active,Yes,Sindh,Karachi,15,459
,Farhan Chaudhry,Active,Yes,Sindh,Karachi,15,460
,Samina Tareen,Active,Yes,Sindh,Karachi,15,461
,Bilal Ahmed,Active,Yes,Sindh,Karachi,15,462
,Hamza Gul,Active,Yes,Sindh,Karachi,15,463
,Asim Ansari,Active,Yes,Sindh,Karachi,15,464
,Hamza Memon,Active,Yes,Sindh,Karachi,15,465
,Sana Tareen,Active,Yes,Sindh,Karachi,15,466
,Zainab Mengal,Active,Yes,Sindh,Karachi,15,467
,Bilal Ansari,Active,Yes,Sindh,Karachi,15,468
,Usman Mirza,Active,Yes,Sindh,Karachi,15,469
,Iqra Tareen,Active,Yes,Sindh,Karachi,15,470
,Kashif Ahmed,Active,Yes,Sindh,Karachi,15,471
,Adnan Laghari,Active,Yes,Sindh,Karachi,15,472
,Fatima Rind,Active,Yes,Sindh,Karachi,15,473
,Kashif Laghari,Active,Yes,Sindh,Karachi,15,474
,Hamza Abbasi,Active,Yes,Sindh,Karachi,15,475
,Saad Bhatti,Active,Yes,Sindh,Karachi,15,476
,Arsalan Raza,Active,Yes,Sindh,Karachi,15,477
,Rabia Ahmed,Active,Yes,Sindh,Karachi,15,478
,Waqas Jan,Active,Yes,Sindh,Karachi,15,479
,Farhan Raza,Active,Yes,Sindh,Karachi,15,480
,Hira Ahmed,Active,Yes,Sindh,Karachi,15,481
,Ayesha Sheikh,Active,Yes,Sindh,Karachi,15,482
,Asim Mirza,Active,Yes,Sindh,Karachi,15,483
,Tariq Khattak,Active,Yes,Sindh,Karachi,15,484
,Maryam Bugti,Active,Yes,Sindh,Karachi,15,485
,Shahid Qureshi,Active,Yes,Sindh,Karachi,15,486
,Fatima Mirza,Active,Yes,Sindh,Karachi,15,487
,Kashif Laghari,Active,Yes,Sindh,Karachi,15,488
,Kamran Shah,Active,Yes,Sindh,Karachi,15,489
,Imran Shah,Active,Yes,Sindh,Karachi,15,490
,Imran Rind,Active,Yes,Sindh,Karachi,15,491
,Maryam Sheikh,Active,Yes,Sindh,Karachi,15,492
,Kashif Laghari,Active,Yes,Sindh,Karachi,15,493
,Faisal Chaudhry,Active,Yes,Sindh,Karachi,15,494
,Saad Jan,Active,Yes,Sindh,Karachi,15,495
,Farhan Bugti,Active,Yes,Sindh,Karachi,15,496
,Naveed Baig,Active,Yes,Sindh,Karachi,15,497
,Rabia Qureshi,Active,Yes,Sindh,Karachi,15,498
,Samina Raza,Active,Yes,Sindh,Karachi,15,499
,Saad Khan,Active,Yes,Sindh,Karachi,15,500
,Junaid Tareen,Active,Yes,Khyber Pakhtunkhwa,Peshawar,16,1
,Babar Mirza,Active,Yes,Khyber Pakhtunkhwa,Peshawar,16,2
,Tariq Khan,Active,Yes,Khyber Pakhtunkhwa,Peshawar,16,3
,Babar Mahar,Active,Yes,Khyber Pakhtunkhwa,Peshawar,16,4
,Rashid Malik,Active,Yes,Khyber Pakhtunkhwa,Peshawar,16,5
,Rabia Siddiqui,Active,Yes,Khyber Pakhtunkhwa,Peshawar,16,6
,Samina Qureshi,Active,Yes,Khyber Pakhtunkhwa,Peshawar,16,7
,Bilal Sheikh,Active,Yes,Khyber Pakhtunkhwa,Peshawar,16,8
,Shahid Khattak,Active,Yes,Khyber Pakhtunkhwa,Peshawar,16,9
,Junaid Jan,Active,Yes,Khyber Pakhtunkhwa,Peshawar,16,10
,Bilal Laghari,Active,Yes,Khyber Pakhtunkhwa,Peshawar,16,11
,Iqra Laghari,Active,Yes,Khyber Pakhtunkhwa,Peshawar,16,12
,Tariq Memon,Active,Yes,Khyber Pakhtunkhwa,Peshawar,16,13
,Zubair Chaudhry,Active,Yes,Khyber Pakhtunkhwa,Peshawar,16,14
,Samina Khattak,Active,Yes,Khyber Pakhtunkhwa,Peshawar,16,15
,Farhan Chaudhry,Active,Yes,Khyber Pakhtunkhwa,Peshawar,16,16
,Maryam Gul,Active,Yes,Khyber Pakhtunkhwa,Peshawar,16,17
,Yasir Laghari,Active,Yes,Khyber Pakhtunkhwa,Peshawar,16,18
,Waqas Malik,Active,Yes,Khyber Pakhtunkhwa,Peshawar,16,19
,Bilal Chaudhry,Active,Yes,Khyber Pakhtunkhwa,Peshawar,16,20
,Rashid Ansari,Active,Yes,Khyber Pakhtunkhwa,Peshawar,16,21
,Babar Mirza,Active,Yes,Khyber Pakhtunkhwa,Peshawar,16,22
,Tariq Baig,Active,Yes,Khyber Pakhtunkhwa,Peshawar,16,23
,Sana Abbasi,Active,Yes,Khyber Pakhtunkhwa,Peshawar,16,24
,Saad Bhatti,Active,Yes,Khyber Pakhtunkhwa,Peshawar,16,25
,Hira Laghari,Active,Yes,Khyber Pakhtunkhwa,Peshawar,16,26
,Samina Mengal,Active,Yes,Khyber Pakhtunkhwa,Peshawar,16,27
,Sana Mengal,Active,Yes,Khyber Pakhtunkhwa,Peshawar,16,28
,Junaid Malik,Active,Yes,Khyber Pakhtunkhwa,Peshawar,16,29
,Usman Jan,Active,Yes,Khyber Pakhtunkhwa,Peshawar,16,30
,Farhan Mahar,Active,Yes,Khyber Pakhtunkhwa,Peshawar,16,31
,Tariq Malik,Active,Yes,Khyber Pakhtunkhwa,Peshawar,16,32
,Naveed Mahar,Active,Yes,Khyber Pakhtunkhwa,Peshawar,16,33
,Kashif Butt,Active,Yes,Khyber Pakhtunkhwa,Peshawar,16,34
,Samina Sheikh,Active,Yes,Khyber Pakhtunkhwa,Peshawar,16,35
,Rashid Butt,Active,Yes,Khyber Pakhtunkhwa,Peshawar,16,36
,Rabia Qureshi,Active,Yes,Khyber Pakhtunkhwa,Peshawar,16,37
,Kamran Siddiqui,Active,Yes,Khyber Pakhtunkhwa,Peshawar,16,38
,Arsalan Shah,Active,Yes,Khyber Pakhtunkhwa,Peshawar,16,39
,Waqas Laghari,Active,Yes,Khyber Pakhtunkhwa,Peshawar,16,40
,Usman Baig,Active,Yes,Khyber Pakhtunkhwa,Peshawar,16,41
,Shahid Shah,Active,Yes,Khyber Pakhtunkhwa,Peshawar,16,42
,Yasir Raza,Active,Yes,Khyber Pakhtunkhwa,Peshawar,16,43
,Arsalan Mengal,Active,Yes,Khyber Pakhtunkhwa,Peshawar,16,44
,Kamran Laghari,Active,Yes,Khyber Pakhtunkhwa,Peshawar,16,45
,Fatima Butt,Active,Yes,Khyber Pakhtunkhwa,Peshawar,16,46
,Ahmed Khan,Active,Yes,Khyber Pakhtunkhwa,Peshawar,16,47
,Zubair Jan,Active,Yes,Khyber Pakhtunkhwa,Peshawar,16,48
,Imran Rind,Active,Yes,Khyber Pakhtunkhwa,Peshawar,16,49
,Maryam Baig,Active,Yes,Khyber Pakhtunkhwa,Peshawar,16,50
,Usman Rind,Active,Yes,Khyber Pakhtunkhwa,Peshawar,16,51
,Naveed Khan,Active,Yes,Khyber Pakhtunkhwa,Peshawar,16,52
,Yasir Raza,Active,Yes,Khyber Pakhtunkhwa,Peshawar,16,53
,Rabia Laghari,Active,Yes,Khyber Pakhtunkhwa,Peshawar,16,54
,Fatima Mengal,Active,Yes,Khyber Pakhtunkhwa,Peshawar,16,55
,Kashif Gul,Active,Yes,Khyber Pakhtunkhwa,Peshawar,16,56
,Fatima Siddiqui,Active,Yes,Khyber Pakhtunkhwa,Peshawar,16,57
,Samina Shah,Active,Yes,Khyber Pakhtunkhwa,Peshawar,16,58
,Yasir Laghari,Active,Yes,Khyber Pakhtunkhwa,Peshawar,16,59
,Arsalan Bugti,Active,Yes,Khyber Pakhtunkhwa,Peshawar,16,60
,Ayesha Jan,Active,Yes,Khyber Pakhtunkhwa,Peshawar,16,61
,Adnan Mahar,Active,Yes,Khyber Pakhtunkhwa,Peshawar,16,62
,Saad Bugti,Active,Yes,Khyber Pakhtunkhwa,Peshawar,16,63
,Babar Khattak,Active,Yes,Khyber Pakhtunkhwa,Peshawar,16,64
,Saad Sheikh,Active,Yes,Khyber Pakhtunkhwa,Peshawar,16,65
,Muhammad Bugti,Active,Yes,Khyber Pakhtunkhwa,Peshawar,16,66
,Muhammad Qureshi,Active,Yes,Khyber Pakhtunkhwa,Peshawar,16,67
,Tariq Bugti,Active,Yes,Khyber Pakhtunkhwa,Peshawar,16,68
,Tariq Chaudhry,Active,Yes,Khyber Pakhtunkhwa,Peshawar,16,69
,Saad Ansari,Active,Yes,Khyber Pakhtunkhwa,Peshawar,16,70
,Sana Chaudhry,Active,Yes,Khyber Pakhtunkhwa,Peshawar,16,71
,Rabia Siddiqui,Active,Yes,Khyber Pakhtunkhwa,Peshawar,16,72
,Usman Khattak,Active,Yes,Khyber Pakhtunkhwa,Peshawar,16,73
,Kashif Mirza,Active,Yes,Khyber Pakhtunkhwa,Peshawar,16,74
,Samina Bugti,Active,Yes,Khyber Pakhtunkhwa,Peshawar,16,75
,Kashif Abbasi,Active,Yes,Khyber Pakhtunkhwa,Peshawar,16,76
,Ahmed Bugti,Active,Yes,Khyber Pakhtunkhwa,Peshawar,16,77
,Rashid Tareen,Active,Yes,Khyber Pakhtunkhwa,Peshawar,16,78
,Usman Sheikh,Active,Yes,Khyber Pakhtunkhwa,Peshawar,16,79
,Zeeshan Butt,Active,Yes,Khyber Pakhtunkhwa,Peshawar,16,80
,Junaid Mirza,Active,Yes,Khyber Pakhtunkhwa,Peshawar,16,81
,Kamran Abbasi,Active,Yes,Khyber Pakhtunkhwa,Peshawar,16,82
,Sana Mirza,Active,Yes,Khyber Pakhtunkhwa,Peshawar,16,83
,Zubair Sheikh,Active,Yes,Khyber Pakhtunkhwa,Peshawar,16,84
,Adnan Mirza,Active,Yes,Khyber Pakhtunkhwa,Peshawar,16,85
,Samina Chaudhry,Active,Yes,Khyber Pakhtunkhwa,Peshawar,16,86
,Zubair Mirza,Active,Yes,Khyber Pakhtunkhwa,Peshawar,16,87
,Sidra Jan,Active,Yes,Khyber Pakhtunkhwa,Peshawar,16,88
,Kashif Baig,Active,Yes,Khyber Pakhtunkhwa,Peshawar,16,89
,Sidra Sheikh,Active,Yes,Khyber Pakhtunkhwa,Peshawar,16,90
,Hamza Khan,Active,Yes,Khyber Pakhtunkhwa,Peshawar,16,91
,Maryam Sheikh,Active,Yes,Khyber Pakhtunkhwa,Peshawar,16,92
,Faisal Butt,Active,Yes,Khyber Pakhtunkhwa,Peshawar,16,93
,Muhammad Khan,Active,Yes,Khyber Pakhtunkhwa,Peshawar,16,94
,Tariq Ansari,Active,Yes,Khyber Pakhtunkhwa,Peshawar,16,95
,Farhan Ansari,Active,Yes,Khyber Pakhtunkhwa,Peshawar,16,96
,Rashid Gul,Active,Yes,Khyber Pakhtunkhwa,Peshawar,16,97
,Fatima Bhatti,Active,Yes,Khyber Pakhtunkhwa,Peshawar,16,98
,Muhammad Raza,Active,Yes,Khyber Pakhtunkhwa,Peshawar,16,99
,Sana Malik,Active,Yes,Khyber Pakhtunkhwa,Peshawar,16,100
,Adnan Sheikh,Active,Yes,Khyber Pakhtunkhwa,Peshawar,17,101
,Zainab Abbasi,Active,Yes,Khyber Pakhtunkhwa,Peshawar,17,102
,Iqra Memon,Active,Yes,Khyber Pakhtunkhwa,Peshawar,17,103
,Adnan Qureshi,Active,Yes,Khyber Pakhtunkhwa,Peshawar,17,104
,Babar Khattak,Active,Yes,Khyber Pakhtunkhwa,Peshawar,17,105
,Ayesha Ahmed,Active,Yes,Khyber Pakhtunkhwa,Peshawar,17,106
,Kashif Raza,Active,Yes,Khyber Pakhtunkhwa,Peshawar,17,107
,Saad Butt,Active,Yes,Khyber Pakhtunkhwa,Peshawar,17,108
,Tariq Rind,Active,Yes,Khyber Pakhtunkhwa,Peshawar,17,109
,Rashid Chaudhry,Active,Yes,Khyber Pakhtunkhwa,Peshawar,17,110
,Tariq Siddiqui,Active,Yes,Khyber Pakhtunkhwa,Peshawar,17,111
,Babar Gul,Active,Yes,Khyber Pakhtunkhwa,Peshawar,17,112
,Tariq Malik,Active,Yes,Khyber Pakhtunkhwa,Peshawar,17,113
,Adnan Mirza,Active,Yes,Khyber Pakhtunkhwa,Peshawar,17,114
,Kamran Tareen,Active,Yes,Khyber Pakhtunkhwa,Peshawar,17,115
,Adnan Ahmed,Active,Yes,Khyber Pakhtunkhwa,Peshawar,17,116
,Asim Khan,Active,Yes,Khyber Pakhtunkhwa,Peshawar,17,117
,Arsalan Shah,Active,Yes,Khyber Pakhtunkhwa,Peshawar,17,118
,Zubair Malik,Active,Yes,Khyber Pakhtunkhwa,Peshawar,17,119
,Maryam Ansari,Active,Yes,Khyber Pakhtunkhwa,Peshawar,17,120
,Farhan Bhatti,Active,Yes,Khyber Pakhtunkhwa,Peshawar,17,121
,Bilal Khattak,Active,Yes,Khyber Pakhtunkhwa,Peshawar,17,122
,Kamran Abbasi,Active,Yes,Khyber Pakhtunkhwa,Peshawar,17,123
,Kashif Mengal,Active,Yes,Khyber Pakhtunkhwa,Peshawar,17,124
,Kashif Sheikh,Active,Yes,Khyber Pakhtunkhwa,Peshawar,17,125
,Babar Chaudhry,Active,Yes,Khyber Pakhtunkhwa,Peshawar,17,126
,Arsalan Tareen,Active,Yes,Khyber Pakhtunkhwa,Peshawar,17,127
,Asim Shah,Active,Yes,Khyber Pakhtunkhwa,Peshawar,17,128
,Tariq Khattak,Active,Yes,Khyber Pakhtunkhwa,Peshawar,17,129
,Yasir Rind,Active,Yes,Khyber Pakhtunkhwa,Peshawar,17,130
,Asim Butt,Active,Yes,Khyber Pakhtunkhwa,Peshawar,17,131
,Zeeshan Baig,Active,Yes,Khyber Pakhtunkhwa,Peshawar,17,132
,Usman Qureshi,Active,Yes,Khyber Pakhtunkhwa,Peshawar,17,133
,Bilal Memon,Active,Yes,Khyber Pakhtunkhwa,Peshawar,17,134
,Bilal Baig,Active,Yes,Khyber Pakhtunkhwa,Peshawar,17,135
,Hira Laghari,Active,Yes,Khyber Pakhtunkhwa,Peshawar,17,136
,Waqas Baig,Active,Yes,Khyber Pakhtunkhwa,Peshawar,17,137
,Hira Tareen,Active,Yes,Khyber Pakhtunkhwa,Peshawar,17,138
,Ali Siddiqui,Active,Yes,Khyber Pakhtunkhwa,Peshawar,17,139
,Arsalan Chaudhry,Active,Yes,Khyber Pakhtunkhwa,Peshawar,17,140
,Usman Tareen,Active,Yes,Khyber Pakhtunkhwa,Peshawar,17,141
,Arsalan Qureshi,Active,Yes,Khyber Pakhtunkhwa,Peshawar,17,142
,Yasir Jan,Active,Yes,Khyber Pakhtunkhwa,Peshawar,17,143
,Naveed Ahmed,Active,Yes,Khyber Pakhtunkhwa,Peshawar,17,144
,Muhammad Ahmed,Active,Yes,Khyber Pakhtunkhwa,Peshawar,17,145
,Ali Tareen,Active,Yes,Khyber Pakhtunkhwa,Peshawar,17,146
,Imran Mahar,Active,Yes,Khyber Pakhtunkhwa,Peshawar,17,147
,Imran Laghari,Active,Yes,Khyber Pakhtunkhwa,Peshawar,17,148
,Tariq Chaudhry,Active,Yes,Khyber Pakhtunkhwa,Peshawar,17,149
,Kashif Ansari,Active,Yes,Khyber Pakhtunkhwa,Peshawar,17,150
,Hamza Tareen,Active,Yes,Khyber Pakhtunkhwa,Peshawar,17,151
,Tariq Tareen,Active,Yes,Khyber Pakhtunkhwa,Peshawar,17,152
,Bilal Shah,Active,Yes,Khyber Pakhtunkhwa,Peshawar,17,153
,Kashif Ansari,Active,Yes,Khyber Pakhtunkhwa,Peshawar,17,154
,Saad Mengal,Active,Yes,Khyber Pakhtunkhwa,Peshawar,17,155
,Maryam Khan,Active,Yes,Khyber Pakhtunkhwa,Peshawar,17,156
,Zubair Tareen,Active,Yes,Khyber Pakhtunkhwa,Peshawar,17,157
,Ali Ansari,Active,Yes,Khyber Pakhtunkhwa,Peshawar,17,158
,Hamza Ansari,Active,Yes,Khyber Pakhtunkhwa,Peshawar,17,159
,Kashif Siddiqui,Active,Yes,Khyber Pakhtunkhwa,Peshawar,17,160
,Zainab Sheikh,Active,Yes,Khyber Pakhtunkhwa,Peshawar,17,161
,Kashif Sheikh,Active,Yes,Khyber Pakhtunkhwa,Peshawar,17,162
,Faisal Baig,Active,Yes,Khyber Pakhtunkhwa,Peshawar,17,163
,Babar Baig,Active,Yes,Khyber Pakhtunkhwa,Peshawar,17,164
,Faisal Bhatti,Active,Yes,Khyber Pakhtunkhwa,Peshawar,17,165
,Kashif Gul,Active,Yes,Khyber Pakhtunkhwa,Peshawar,17,166
,Ayesha Ahmed,Active,Yes,Khyber Pakhtunkhwa,Peshawar,17,167
,Sana Gul,Active,Yes,Khyber Pakhtunkhwa,Peshawar,17,168
,Rashid Mirza,Active,Yes,Khyber Pakhtunkhwa,Peshawar,17,169
,Maryam Qureshi,Active,Yes,Khyber Pakhtunkhwa,Peshawar,17,170
,Rashid Chaudhry,Active,Yes,Khyber Pakhtunkhwa,Peshawar,17,171
,Usman Mirza,Active,Yes,Khyber Pakhtunkhwa,Peshawar,17,172
,Hira Shah,Active,Yes,Khyber Pakhtunkhwa,Peshawar,17,173
,Yasir Sheikh,Active,Yes,Khyber Pakhtunkhwa,Peshawar,17,174
,Hamza Ahmed,Active,Yes,Khyber Pakhtunkhwa,Peshawar,17,175
,Sidra Khattak,Active,Yes,Khyber Pakhtunkhwa,Peshawar,17,176
,Faisal Qureshi,Active,Yes,Khyber Pakhtunkhwa,Peshawar,17,177
,Fatima Bhatti,Active,Yes,Khyber Pakhtunkhwa,Peshawar,17,178
,Iqra Ahmed,Active,Yes,Khyber Pakhtunkhwa,Peshawar,17,179
,Iqra Laghari,Active,Yes,Khyber Pakhtunkhwa,Peshawar,17,180
,Kamran Baig,Active,Yes,Khyber Pakhtunkhwa,Peshawar,17,181
,Kashif Bugti,Active,Yes,Khyber Pakhtunkhwa,Peshawar,17,182
,Kamran Mirza,Active,Yes,Khyber Pakhtunkhwa,Peshawar,17,183
,Zeeshan Abbasi,Active,Yes,Khyber Pakhtunkhwa,Peshawar,17,184
,Zubair Khattak,Active,Yes,Khyber Pakhtunkhwa,Peshawar,17,185
,Adnan Chaudhry,Active,Yes,Khyber Pakhtunkhwa,Peshawar,17,186
,Arsalan Mengal,Active,Yes,Khyber Pakhtunkhwa,Peshawar,17,187
,Imran Mirza,Active,Yes,Khyber Pakhtunkhwa,Peshawar,17,188
,Imran Bhatti,Active,Yes,Khyber Pakhtunkhwa,Peshawar,17,189
,Imran Bugti,Active,Yes,Khyber Pakhtunkhwa,Peshawar,17,190
,Sana Siddiqui,Active,Yes,Khyber Pakhtunkhwa,Peshawar,17,191
,Adnan Sheikh,Active,Yes,Khyber Pakhtunkhwa,Peshawar,17,192
,Junaid Khattak,Active,Yes,Khyber Pakhtunkhwa,Peshawar,17,193
,Ali Mengal,Active,Yes,Khyber Pakhtunkhwa,Peshawar,17,194
,Tariq Sheikh,Active,Yes,Khyber Pakhtunkhwa,Peshawar,17,195
,Zeeshan Butt,Active,Yes,Khyber Pakhtunkhwa,Peshawar,17,196
,Arsalan Khattak,Active,Yes,Khyber Pakhtunkhwa,Peshawar,17,197
,Faisal Bhatti,Active,Yes,Khyber Pakhtunkhwa,Peshawar,17,198
,Junaid Baig,Active,Yes,Khyber Pakhtunkhwa,Peshawar,17,199
,Adnan Khan,Active,Yes,Khyber Pakhtunkhwa,Peshawar,17,200
,Zeeshan Khattak,Active,Yes,Khyber Pakhtunkhwa,Peshawar,18,201
,Zainab Mahar,Active,Yes,Khyber Pakhtunkhwa,Peshawar,18,202
,Farhan Sheikh,Active,Yes,Khyber Pakhtunkhwa,Peshawar,18,203
,Waqas Mengal,Active,Yes,Khyber Pakhtunkhwa,Peshawar,18,204
,Zainab Chaudhry,Active,Yes,Khyber Pakhtunkhwa,Peshawar,18,205
,Asim Mengal,Active,Yes,Khyber Pakhtunkhwa,Peshawar,18,206
,Ahmed Ahmed,Active,Yes,Khyber Pakhtunkhwa,Peshawar,18,207
,Iqra Butt,Active,Yes,Khyber Pakhtunkhwa,Peshawar,18,208
,Samina Khattak,Active,Yes,Khyber Pakhtunkhwa,Peshawar,18,209
,Zainab Mirza,Active,Yes,Khyber Pakhtunkhwa,Peshawar,18,210
,Ayesha Rind,Active,Yes,Khyber Pakhtunkhwa,Peshawar,18,211
,Yasir Bugti,Active,Yes,Khyber Pakhtunkhwa,Peshawar,18,212
,Waqas Raza,Active,Yes,Khyber Pakhtunkhwa,Peshawar,18,213
,Iqra Tareen,Active,Yes,Khyber Pakhtunkhwa,Peshawar,18,214
,Asim Rind,Active,Yes,Khyber Pakhtunkhwa,Peshawar,18,215
,Kashif Chaudhry,Active,Yes,Khyber Pakhtunkhwa,Peshawar,18,216
,Ahmed Laghari,Active,Yes,Khyber Pakhtunkhwa,Peshawar,18,217
,Farhan Baig,Active,Yes,Khyber Pakhtunkhwa,Peshawar,18,218
,Asim Malik,Active,Yes,Khyber Pakhtunkhwa,Peshawar,18,219
,Yasir Shah,Active,Yes,Khyber Pakhtunkhwa,Peshawar,18,220
,Imran Chaudhry,Active,Yes,Khyber Pakhtunkhwa,Peshawar,18,221
,Ali Malik,Active,Yes,Khyber Pakhtunkhwa,Peshawar,18,222
,Samina Qureshi,Active,Yes,Khyber Pakhtunkhwa,Peshawar,18,223
,Zeeshan Abbasi,Active,Yes,Khyber Pakhtunkhwa,Peshawar,18,224
,Bilal Abbasi,Active,Yes,Khyber Pakhtunkhwa,Peshawar,18,225
,Zubair Gul,Active,Yes,Khyber Pakhtunkhwa,Peshawar,18,226
,Rabia Ansari,Active,Yes,Khyber Pakhtunkhwa,Peshawar,18,227
,Zainab Memon,Active,Yes,Khyber Pakhtunkhwa,Peshawar,18,228
,Arsalan Chaudhry,Active,Yes,Khyber Pakhtunkhwa,Peshawar,18,229
,Imran Malik,Active,Yes,Khyber Pakhtunkhwa,Peshawar,18,230
,Muhammad Malik,Active,Yes,Khyber Pakhtunkhwa,Peshawar,18,231
,Shahid Chaudhry,Active,Yes,Khyber Pakhtunkhwa,Peshawar,18,232
,Sana Malik,Active,Yes,Khyber Pakhtunkhwa,Peshawar,18,233
,Zubair Mirza,Active,Yes,Khyber Pakhtunkhwa,Peshawar,18,234
,Ayesha Chaudhry,Active,Yes,Khyber Pakhtunkhwa,Peshawar,18,235
,Babar Tareen,Active,Yes,Khyber Pakhtunkhwa,Peshawar,18,236
,Yasir Abbasi,Active,Yes,Khyber Pakhtunkhwa,Peshawar,18,237
,Faisal Bhatti,Active,Yes,Khyber Pakhtunkhwa,Peshawar,18,238
,Ali Bhatti,Active,Yes,Khyber Pakhtunkhwa,Peshawar,18,239
,Samina Siddiqui,Active,Yes,Khyber Pakhtunkhwa,Peshawar,18,240
,Iqra Mengal,Active,Yes,Khyber Pakhtunkhwa,Peshawar,18,241
,Iqra Mirza,Active,Yes,Khyber Pakhtunkhwa,Peshawar,18,242
,Arsalan Khattak,Active,Yes,Khyber Pakhtunkhwa,Peshawar,18,243
,Arsalan Ansari,Active,Yes,Khyber Pakhtunkhwa,Peshawar,18,244
,Saad Laghari,Active,Yes,Khyber Pakhtunkhwa,Peshawar,18,245
,Tariq Bhatti,Active,Yes,Khyber Pakhtunkhwa,Peshawar,18,246
,Adnan Qureshi,Active,Yes,Khyber Pakhtunkhwa,Peshawar,18,247
,Yasir Gul,Active,Yes,Khyber Pakhtunkhwa,Peshawar,18,248
,Rashid Tareen,Active,Yes,Khyber Pakhtunkhwa,Peshawar,18,249
,Ali Khattak,Active,Yes,Khyber Pakhtunkhwa,Peshawar,18,250
,Zainab Malik,Active,Yes,Khyber Pakhtunkhwa,Peshawar,18,251
,Asim Raza,Active,Yes,Khyber Pakhtunkhwa,Peshawar,18,252
,Arsalan Gul,Active,Yes,Khyber Pakhtunkhwa,Peshawar,18,253
,Junaid Ansari,Active,Yes,Khyber Pakhtunkhwa,Peshawar,18,254
,Ahmed Gul,Active,Yes,Khyber Pakhtunkhwa,Peshawar,18,255
,Shahid Baig,Active,Yes,Khyber Pakhtunkhwa,Peshawar,18,256
,Bilal Bhatti,Active,Yes,Khyber Pakhtunkhwa,Peshawar,18,257
,Naveed Siddiqui,Active,Yes,Khyber Pakhtunkhwa,Peshawar,18,258
,Yasir Baig,Active,Yes,Khyber Pakhtunkhwa,Peshawar,18,259
,Zubair Siddiqui,Active,Yes,Khyber Pakhtunkhwa,Peshawar,18,260
,Farhan Siddiqui,Active,Yes,Khyber Pakhtunkhwa,Peshawar,18,261
,Zeeshan Malik,Active,Yes,Khyber Pakhtunkhwa,Peshawar,18,262
,Zeeshan Bhatti,Active,Yes,Khyber Pakhtunkhwa,Peshawar,18,263
,Imran Mengal,Active,Yes,Khyber Pakhtunkhwa,Peshawar,18,264
,Shahid Bhatti,Active,Yes,Khyber Pakhtunkhwa,Peshawar,18,265
,Waqas Abbasi,Active,Yes,Khyber Pakhtunkhwa,Peshawar,18,266
,Ayesha Siddiqui,Active,Yes,Khyber Pakhtunkhwa,Peshawar,18,267
,Sana Ahmed,Active,Yes,Khyber Pakhtunkhwa,Peshawar,18,268
,Shahid Bhatti,Active,Yes,Khyber Pakhtunkhwa,Peshawar,18,269
,Rashid Mirza,Active,Yes,Khyber Pakhtunkhwa,Peshawar,18,270
,Rabia Bugti,Active,Yes,Khyber Pakhtunkhwa,Peshawar,18,271
,Ali Mirza,Active,Yes,Khyber Pakhtunkhwa,Peshawar,18,272
,Zubair Laghari,Active,Yes,Khyber Pakhtunkhwa,Peshawar,18,273
,Zainab Gul,Active,Yes,Khyber Pakhtunkhwa,Peshawar,18,274
,Hamza Baig,Active,Yes,Khyber Pakhtunkhwa,Peshawar,18,275
,Yasir Malik,Active,Yes,Khyber Pakhtunkhwa,Peshawar,18,276
,Zubair Gul,Active,Yes,Khyber Pakhtunkhwa,Peshawar,18,277
,Maryam Shah,Active,Yes,Khyber Pakhtunkhwa,Peshawar,18,278
,Junaid Bhatti,Active,Yes,Khyber Pakhtunkhwa,Peshawar,18,279
,Iqra Malik,Active,Yes,Khyber Pakhtunkhwa,Peshawar,18,280
,Waqas Tareen,Active,Yes,Khyber Pakhtunkhwa,Peshawar,18,281
,Waqas Ansari,Active,Yes,Khyber Pakhtunkhwa,Peshawar,18,282
,Sidra Gul,Active,Yes,Khyber Pakhtunkhwa,Peshawar,18,283
,Zainab Tareen,Active,Yes,Khyber Pakhtunkhwa,Peshawar,18,284
,Babar Raza,Active,Yes,Khyber Pakhtunkhwa,Peshawar,18,285
,Rabia Khattak,Active,Yes,Khyber Pakhtunkhwa,Peshawar,18,286
,Sidra Bhatti,Active,Yes,Khyber Pakhtunkhwa,Peshawar,18,287
,Faisal Gul,Active,Yes,Khyber Pakhtunkhwa,Peshawar,18,288
,Farhan Gul,Active,Yes,Khyber Pakhtunkhwa,Peshawar,18,289
,Farhan Mahar,Active,Yes,Khyber Pakhtunkhwa,Peshawar,18,290
,Naveed Malik,Active,Yes,Khyber Pakhtunkhwa,Peshawar,18,291
,Zeeshan Bhatti,Active,Yes,Khyber Pakhtunkhwa,Peshawar,18,292
,Kamran Mahar,Active,Yes,Khyber Pakhtunkhwa,Peshawar,18,293
,Farhan Bugti,Active,Yes,Khyber Pakhtunkhwa,Peshawar,18,294
,Tariq Bugti,Active,Yes,Khyber Pakhtunkhwa,Peshawar,18,295
,Hamza Bugti,Active,Yes,Khyber Pakhtunkhwa,Peshawar,18,296
,Maryam Siddiqui,Active,Yes,Khyber Pakhtunkhwa,Peshawar,18,297
,Rabia Raza,Active,Yes,Khyber Pakhtunkhwa,Peshawar,18,298
,Imran Khan,Active,Yes,Khyber Pakhtunkhwa,Peshawar,18,299
,Fatima Mirza,Active,Yes,Khyber Pakhtunkhwa,Peshawar,18,300
,Saad Rind,Active,Yes,Khyber Pakhtunkhwa,Peshawar,19,301
,Ayesha Laghari,Active,Yes,Khyber Pakhtunkhwa,Peshawar,19,302
,Bilal Laghari,Active,Yes,Khyber Pakhtunkhwa,Peshawar,19,303
,Adnan Shah,Active,Yes,Khyber Pakhtunkhwa,Peshawar,19,304
,Ahmed Raza,Active,Yes,Khyber Pakhtunkhwa,Peshawar,19,305
,Arsalan Qureshi,Active,Yes,Khyber Pakhtunkhwa,Peshawar,19,306
,Fatima Raza,Active,Yes,Khyber Pakhtunkhwa,Peshawar,19,307
,Zeeshan Baig,Active,Yes,Khyber Pakhtunkhwa,Peshawar,19,308
,Zeeshan Ansari,Active,Yes,Khyber Pakhtunkhwa,Peshawar,19,309
,Fatima Butt,Active,Yes,Khyber Pakhtunkhwa,Peshawar,19,310
,Tariq Chaudhry,Active,Yes,Khyber Pakhtunkhwa,Peshawar,19,311
,Fatima Mengal,Active,Yes,Khyber Pakhtunkhwa,Peshawar,19,312
,Rabia Malik,Active,Yes,Khyber Pakhtunkhwa,Peshawar,19,313
,Rabia Tareen,Active,Yes,Khyber Pakhtunkhwa,Peshawar,19,314
,Asim Siddiqui,Active,Yes,Khyber Pakhtunkhwa,Peshawar,19,315
,Sana Gul,Active,Yes,Khyber Pakhtunkhwa,Peshawar,19,316
,Hira Khattak,Active,Yes,Khyber Pakhtunkhwa,Peshawar,19,317
,Babar Qureshi,Active,Yes,Khyber Pakhtunkhwa,Peshawar,19,318
,Maryam Khattak,Active,Yes,Khyber Pakhtunkhwa,Peshawar,19,319
,Junaid Baig,Active,Yes,Khyber Pakhtunkhwa,Peshawar,19,320
,Zainab Mengal,Active,Yes,Khyber Pakhtunkhwa,Peshawar,19,321
,Bilal Mahar,Active,Yes,Khyber Pakhtunkhwa,Peshawar,19,322
,Bilal Mengal,Active,Yes,Khyber Pakhtunkhwa,Peshawar,19,323
,Adnan Khattak,Active,Yes,Khyber Pakhtunkhwa,Peshawar,19,324
,Rabia Abbasi,Active,Yes,Khyber Pakhtunkhwa,Peshawar,19,325
,Junaid Qureshi,Active,Yes,Khyber Pakhtunkhwa,Peshawar,19,326
,Arsalan Bhatti,Active,Yes,Khyber Pakhtunkhwa,Peshawar,19,327
,Junaid Ahmed,Active,Yes,Khyber Pakhtunkhwa,Peshawar,19,328
,Samina Gul,Active,Yes,Khyber Pakhtunkhwa,Peshawar,19,329
,Waqas Memon,Active,Yes,Khyber Pakhtunkhwa,Peshawar,19,330
,Zainab Raza,Active,Yes,Khyber Pakhtunkhwa,Peshawar,19,331
,Zeeshan Jan,Active,Yes,Khyber Pakhtunkhwa,Peshawar,19,332
,Hira Sheikh,Active,Yes,Khyber Pakhtunkhwa,Peshawar,19,333
,Sana Malik,Active,Yes,Khyber Pakhtunkhwa,Peshawar,19,334
,Rashid Gul,Active,Yes,Khyber Pakhtunkhwa,Peshawar,19,335
,Maryam Siddiqui,Active,Yes,Khyber Pakhtunkhwa,Peshawar,19,336
,Hira Ansari,Active,Yes,Khyber Pakhtunkhwa,Peshawar,19,337
,Kashif Abbasi,Active,Yes,Khyber Pakhtunkhwa,Peshawar,19,338
,Adnan Mengal,Active,Yes,Khyber Pakhtunkhwa,Peshawar,19,339
,Kashif Chaudhry,Active,Yes,Khyber Pakhtunkhwa,Peshawar,19,340
,Naveed Tareen,Active,Yes,Khyber Pakhtunkhwa,Peshawar,19,341
,Waqas Khattak,Active,Yes,Khyber Pakhtunkhwa,Peshawar,19,342
,Muhammad Abbasi,Active,Yes,Khyber Pakhtunkhwa,Peshawar,19,343
,Sana Khan,Active,Yes,Khyber Pakhtunkhwa,Peshawar,19,344
,Saad Bhatti,Active,Yes,Khyber Pakhtunkhwa,Peshawar,19,345
,Adnan Tareen,Active,Yes,Khyber Pakhtunkhwa,Peshawar,19,346
,Babar Qureshi,Active,Yes,Khyber Pakhtunkhwa,Peshawar,19,347
,Ahmed Laghari,Active,Yes,Khyber Pakhtunkhwa,Peshawar,19,348
,Fatima Memon,Active,Yes,Khyber Pakhtunkhwa,Peshawar,19,349
,Arsalan Shah,Active,Yes,Khyber Pakhtunkhwa,Peshawar,19,350
,Tariq Malik,Active,Yes,Khyber Pakhtunkhwa,Peshawar,19,351
,Zainab Rind,Active,Yes,Khyber Pakhtunkhwa,Peshawar,19,352
,Zubair Khattak,Active,Yes,Khyber Pakhtunkhwa,Peshawar,19,353
,Rabia Raza,Active,Yes,Khyber Pakhtunkhwa,Peshawar,19,354
,Rabia Mahar,Active,Yes,Khyber Pakhtunkhwa,Peshawar,19,355
,Kamran Mengal,Active,Yes,Khyber Pakhtunkhwa,Peshawar,19,356
,Hira Mirza,Active,Yes,Khyber Pakhtunkhwa,Peshawar,19,357
,Rashid Bhatti,Active,Yes,Khyber Pakhtunkhwa,Peshawar,19,358
,Kashif Malik,Active,Yes,Khyber Pakhtunkhwa,Peshawar,19,359
,Waqas Abbasi,Active,Yes,Khyber Pakhtunkhwa,Peshawar,19,360
,Maryam Laghari,Active,Yes,Khyber Pakhtunkhwa,Peshawar,19,361
,Tariq Chaudhry,Active,Yes,Khyber Pakhtunkhwa,Peshawar,19,362
,Bilal Bugti,Active,Yes,Khyber Pakhtunkhwa,Peshawar,19,363
,Kashif Bugti,Active,Yes,Khyber Pakhtunkhwa,Peshawar,19,364
,Ali Baig,Active,Yes,Khyber Pakhtunkhwa,Peshawar,19,365
,Hira Gul,Active,Yes,Khyber Pakhtunkhwa,Peshawar,19,366
,Fatima Bhatti,Active,Yes,Khyber Pakhtunkhwa,Peshawar,19,367
,Maryam Laghari,Active,Yes,Khyber Pakhtunkhwa,Peshawar,19,368
,Asim Ahmed,Active,Yes,Khyber Pakhtunkhwa,Peshawar,19,369
,Ayesha Bugti,Active,Yes,Khyber Pakhtunkhwa,Peshawar,19,370
,Ali Butt,Active,Yes,Khyber Pakhtunkhwa,Peshawar,19,371
,Kamran Tareen,Active,Yes,Khyber Pakhtunkhwa,Peshawar,19,372
,Samina Memon,Active,Yes,Khyber Pakhtunkhwa,Peshawar,19,373
,Ahmed Raza,Active,Yes,Khyber Pakhtunkhwa,Peshawar,19,374
,Sana Ahmed,Active,Yes,Khyber Pakhtunkhwa,Peshawar,19,375
,Arsalan Chaudhry,Active,Yes,Khyber Pakhtunkhwa,Peshawar,19,376
,Adnan Tareen,Active,Yes,Khyber Pakhtunkhwa,Peshawar,19,377
,Hamza Sheikh,Active,Yes,Khyber Pakhtunkhwa,Peshawar,19,378
,Faisal Jan,Active,Yes,Khyber Pakhtunkhwa,Peshawar,19,379
,Farhan Laghari,Active,Yes,Khyber Pakhtunkhwa,Peshawar,19,380
,Maryam Mirza,Active,Yes,Khyber Pakhtunkhwa,Peshawar,19,381
,Bilal Bugti,Active,Yes,Khyber Pakhtunkhwa,Peshawar,19,382
,Babar Siddiqui,Active,Yes,Khyber Pakhtunkhwa,Peshawar,19,383
,Hira Khan,Active,Yes,Khyber Pakhtunkhwa,Peshawar,19,384
,Zainab Bugti,Active,Yes,Khyber Pakhtunkhwa,Peshawar,19,385
,Imran Khattak,Active,Yes,Khyber Pakhtunkhwa,Peshawar,19,386
,Maryam Chaudhry,Active,Yes,Khyber Pakhtunkhwa,Peshawar,19,387
,Ali Siddiqui,Active,Yes,Khyber Pakhtunkhwa,Peshawar,19,388
,Faisal Abbasi,Active,Yes,Khyber Pakhtunkhwa,Peshawar,19,389
,Imran Khattak,Active,Yes,Khyber Pakhtunkhwa,Peshawar,19,390
,Zeeshan Siddiqui,Active,Yes,Khyber Pakhtunkhwa,Peshawar,19,391
,Arsalan Ahmed,Active,Yes,Khyber Pakhtunkhwa,Peshawar,19,392
,Faisal Shah,Active,Yes,Khyber Pakhtunkhwa,Peshawar,19,393
,Muhammad Khattak,Active,Yes,Khyber Pakhtunkhwa,Peshawar,19,394
,Imran Malik,Active,Yes,Khyber Pakhtunkhwa,Peshawar,19,395
,Shahid Ahmed,Active,Yes,Khyber Pakhtunkhwa,Peshawar,19,396
,Rabia Gul,Active,Yes,Khyber Pakhtunkhwa,Peshawar,19,397
,Ali Bugti,Active,Yes,Khyber Pakhtunkhwa,Peshawar,19,398
,Kashif Siddiqui,Active,Yes,Khyber Pakhtunkhwa,Peshawar,19,399
,Babar Bugti,Active,Yes,Khyber Pakhtunkhwa,Peshawar,19,400
,Rabia Butt,Active,Yes,Khyber Pakhtunkhwa,Peshawar,20,401
,Yasir Mahar,Active,Yes,Khyber Pakhtunkhwa,Peshawar,20,402
,Junaid Abbasi,Active,Yes,Khyber Pakhtunkhwa,Peshawar,20,403
,Kamran Butt,Active,Yes,Khyber Pakhtunkhwa,Peshawar,20,404
,Sidra Rind,Active,Yes,Khyber Pakhtunkhwa,Peshawar,20,405
,Arsalan Khattak,Active,Yes,Khyber Pakhtunkhwa,Peshawar,20,406
,Saad Chaudhry,Active,Yes,Khyber Pakhtunkhwa,Peshawar,20,407
,Iqra Abbasi,Active,Yes,Khyber Pakhtunkhwa,Peshawar,20,408
,Sidra Tareen,Active,Yes,Khyber Pakhtunkhwa,Peshawar,20,409
,Imran Bhatti,Active,Yes,Khyber Pakhtunkhwa,Peshawar,20,410
,Zainab Laghari,Active,Yes,Khyber Pakhtunkhwa,Peshawar,20,411
,Rashid Mirza,Active,Yes,Khyber Pakhtunkhwa,Peshawar,20,412
,Iqra Butt,Active,Yes,Khyber Pakhtunkhwa,Peshawar,20,413
,Maryam Laghari,Active,Yes,Khyber Pakhtunkhwa,Peshawar,20,414
,Bilal Mengal,Active,Yes,Khyber Pakhtunkhwa,Peshawar,20,415
,Sana Memon,Active,Yes,Khyber Pakhtunkhwa,Peshawar,20,416
,Ayesha Mirza,Active,Yes,Khyber Pakhtunkhwa,Peshawar,20,417
,Waqas Ansari,Active,Yes,Khyber Pakhtunkhwa,Peshawar,20,418
,Hamza Mengal,Active,Yes,Khyber Pakhtunkhwa,Peshawar,20,419
,Hamza Shah,Active,Yes,Khyber Pakhtunkhwa,Peshawar,20,420
,Saad Bhatti,Active,Yes,Khyber Pakhtunkhwa,Peshawar,20,421
,Tariq Gul,Active,Yes,Khyber Pakhtunkhwa,Peshawar,20,422
,Rashid Khattak,Active,Yes,Khyber Pakhtunkhwa,Peshawar,20,423
,Hira Gul,Active,Yes,Khyber Pakhtunkhwa,Peshawar,20,424
,Maryam Sheikh,Active,Yes,Khyber Pakhtunkhwa,Peshawar,20,425
,Naveed Khattak,Active,Yes,Khyber Pakhtunkhwa,Peshawar,20,426
,Naveed Baig,Active,Yes,Khyber Pakhtunkhwa,Peshawar,20,427
,Naveed Memon,Active,Yes,Khyber Pakhtunkhwa,Peshawar,20,428
,Ahmed Shah,Active,Yes,Khyber Pakhtunkhwa,Peshawar,20,429
,Hamza Baig,Active,Yes,Khyber Pakhtunkhwa,Peshawar,20,430
,Usman Abbasi,Active,Yes,Khyber Pakhtunkhwa,Peshawar,20,431
,Zeeshan Ahmed,Active,Yes,Khyber Pakhtunkhwa,Peshawar,20,432
,Farhan Khan,Active,Yes,Khyber Pakhtunkhwa,Peshawar,20,433
,Naveed Khan,Active,Yes,Khyber Pakhtunkhwa,Peshawar,20,434
,Junaid Ansari,Active,Yes,Khyber Pakhtunkhwa,Peshawar,20,435
,Kashif Tareen,Active,Yes,Khyber Pakhtunkhwa,Peshawar,20,436
,Naveed Raza,Active,Yes,Khyber Pakhtunkhwa,Peshawar,20,437
,Usman Ansari,Active,Yes,Khyber Pakhtunkhwa,Peshawar,20,438
,Junaid Mengal,Active,Yes,Khyber Pakhtunkhwa,Peshawar,20,439
,Hira Khan,Active,Yes,Khyber Pakhtunkhwa,Peshawar,20,440
,Shahid Sheikh,Active,Yes,Khyber Pakhtunkhwa,Peshawar,20,441
,Faisal Qureshi,Active,Yes,Khyber Pakhtunkhwa,Peshawar,20,442
,Shahid Bhatti,Active,Yes,Khyber Pakhtunkhwa,Peshawar,20,443
,Ali Memon,Active,Yes,Khyber Pakhtunkhwa,Peshawar,20,444
,Fatima Qureshi,Active,Yes,Khyber Pakhtunkhwa,Peshawar,20,445
,Iqra Gul,Active,Yes,Khyber Pakhtunkhwa,Peshawar,20,446
,Sana Mengal,Active,Yes,Khyber Pakhtunkhwa,Peshawar,20,447
,Bilal Shah,Active,Yes,Khyber Pakhtunkhwa,Peshawar,20,448
,Zubair Gul,Active,Yes,Khyber Pakhtunkhwa,Peshawar,20,449
,Farhan Bhatti,Active,Yes,Khyber Pakhtunkhwa,Peshawar,20,450
,Waqas Chaudhry,Active,Yes,Khyber Pakhtunkhwa,Peshawar,20,451
,Zubair Tareen,Active,Yes,Khyber Pakhtunkhwa,Peshawar,20,452
,Zainab Gul,Active,Yes,Khyber Pakhtunkhwa,Peshawar,20,453
,Babar Siddiqui,Active,Yes,Khyber Pakhtunkhwa,Peshawar,20,454
,Ali Mahar,Active,Yes,Khyber Pakhtunkhwa,Peshawar,20,455
,Sidra Butt,Active,Yes,Khyber Pakhtunkhwa,Peshawar,20,456
,Muhammad Laghari,Active,Yes,Khyber Pakhtunkhwa,Peshawar,20,457
,Fatima Malik,Active,Yes,Khyber Pakhtunkhwa,Peshawar,20,458
,Zubair Jan,Active,Yes,Khyber Pakhtunkhwa,Peshawar,20,459
,Adnan Shah,Active,Yes,Khyber Pakhtunkhwa,Peshawar,20,460
,Imran Bhatti,Active,Yes,Khyber Pakhtunkhwa,Peshawar,20,461
,Faisal Mirza,Active,Yes,Khyber Pakhtunkhwa,Peshawar,20,462
,Waqas Raza,Active,Yes,Khyber Pakhtunkhwa,Peshawar,20,463
,Usman Butt,Active,Yes,Khyber Pakhtunkhwa,Peshawar,20,464
,Faisal Khattak,Active,Yes,Khyber Pakhtunkhwa,Peshawar,20,465
,Yasir Memon,Active,Yes,Khyber Pakhtunkhwa,Peshawar,20,466
,Ahmed Khan,Active,Yes,Khyber Pakhtunkhwa,Peshawar,20,467
,Usman Qureshi,Active,Yes,Khyber Pakhtunkhwa,Peshawar,20,468
,Zeeshan Raza,Active,Yes,Khyber Pakhtunkhwa,Peshawar,20,469
,Fatima Baig,Active,Yes,Khyber Pakhtunkhwa,Peshawar,20,470
,Arsalan Gul,Active,Yes,Khyber Pakhtunkhwa,Peshawar,20,471
,Muhammad Memon,Active,Yes,Khyber Pakhtunkhwa,Peshawar,20,472
,Sana Qureshi,Active,Yes,Khyber Pakhtunkhwa,Peshawar,20,473
,Hamza Mahar,Active,Yes,Khyber Pakhtunkhwa,Peshawar,20,474
,Kamran Qureshi,Active,Yes,Khyber Pakhtunkhwa,Peshawar,20,475
,Hira Tareen,Active,Yes,Khyber Pakhtunkhwa,Peshawar,20,476
,Muhammad Siddiqui,Active,Yes,Khyber Pakhtunkhwa,Peshawar,20,477
,Muhammad Jan,Active,Yes,Khyber Pakhtunkhwa,Peshawar,20,478
,Asim Sheikh,Active,Yes,Khyber Pakhtunkhwa,Peshawar,20,479
,Ahmed Rind,Active,Yes,Khyber Pakhtunkhwa,Peshawar,20,480
,Saad Laghari,Active,Yes,Khyber Pakhtunkhwa,Peshawar,20,481
,Maryam Gul,Active,Yes,Khyber Pakhtunkhwa,Peshawar,20,482
,Shahid Laghari,Active,Yes,Khyber Pakhtunkhwa,Peshawar,20,483
,Ahmed Jan,Active,Yes,Khyber Pakhtunkhwa,Peshawar,20,484
,Hira Baig,Active,Yes,Khyber Pakhtunkhwa,Peshawar,20,485
,Waqas Butt,Active,Yes,Khyber Pakhtunkhwa,Peshawar,20,486
,Farhan Khattak,Active,Yes,Khyber Pakhtunkhwa,Peshawar,20,487
,Muhammad Gul,Active,Yes,Khyber Pakhtunkhwa,Peshawar,20,488
,Junaid Memon,Active,Yes,Khyber Pakhtunkhwa,Peshawar,20,489
,Kashif Memon,Active,Yes,Khyber Pakhtunkhwa,Peshawar,20,490
,Kashif Shah,Active,Yes,Khyber Pakhtunkhwa,Peshawar,20,491
,Shahid Raza,Active,Yes,Khyber Pakhtunkhwa,Peshawar,20,492
,Maryam Ahmed,Active,Yes,Khyber Pakhtunkhwa,Peshawar,20,493
,Bilal Butt,Active,Yes,Khyber Pakhtunkhwa,Peshawar,20,494
,Kamran Siddiqui,Active,Yes,Khyber Pakhtunkhwa,Peshawar,20,495
,Rashid Sheikh,Active,Yes,Khyber Pakhtunkhwa,Peshawar,20,496
,Yasir Gul,Active,Yes,Khyber Pakhtunkhwa,Peshawar,20,497
,Ali Jan,Active,Yes,Khyber Pakhtunkhwa,Peshawar,20,498
,Zainab Mirza,Active,Yes,Khyber Pakhtunkhwa,Peshawar,20,499
,Sana Memon,Active,Yes,Khyber Pakhtunkhwa,Peshawar,20,500
,Iqra Mengal,Active,Yes,Islamabad Capital Territory,Islamabad,21,1
,Maryam Raza,Active,Yes,Islamabad Capital Territory,Islamabad,21,2
,Faisal Mahar,Active,Yes,Islamabad Capital Territory,Islamabad,21,3
,Ayesha Bhatti,Active,Yes,Islamabad Capital Territory,Islamabad,21,4
,Shahid Khattak,Active,Yes,Islamabad Capital Territory,Islamabad,21,5
,Fatima Laghari,Active,Yes,Islamabad Capital Territory,Islamabad,21,6
,Zeeshan Qureshi,Active,Yes,Islamabad Capital Territory,Islamabad,21,7
,Faisal Ahmed,Active,Yes,Islamabad Capital Territory,Islamabad,21,8
,Tariq Khattak,Active,Yes,Islamabad Capital Territory,Islamabad,21,9
,Zainab Jan,Active,Yes,Islamabad Capital Territory,Islamabad,21,10
,Saad Siddiqui,Active,Yes,Islamabad Capital Territory,Islamabad,21,11
,Babar Gul,Active,Yes,Islamabad Capital Territory,Islamabad,21,12
,Arsalan Tareen,Active,Yes,Islamabad Capital Territory,Islamabad,21,13
,Hira Rind,Active,Yes,Islamabad Capital Territory,Islamabad,21,14
,Waqas Memon,Active,Yes,Islamabad Capital Territory,Islamabad,21,15
,Zubair Chaudhry,Active,Yes,Islamabad Capital Territory,Islamabad,21,16
,Fatima Qureshi,Active,Yes,Islamabad Capital Territory,Islamabad,21,17
,Sidra Sheikh,Active,Yes,Islamabad Capital Territory,Islamabad,21,18
,Faisal Rind,Active,Yes,Islamabad Capital Territory,Islamabad,21,19
,Hamza Rind,Active,Yes,Islamabad Capital Territory,Islamabad,21,20
,Ahmed Mengal,Active,Yes,Islamabad Capital Territory,Islamabad,21,21
,Muhammad Butt,Active,Yes,Islamabad Capital Territory,Islamabad,21,22
,Babar Memon,Active,Yes,Islamabad Capital Territory,Islamabad,21,23
,Samina Qureshi,Active,Yes,Islamabad Capital Territory,Islamabad,21,24
,Maryam Abbasi,Active,Yes,Islamabad Capital Territory,Islamabad,21,25
,Shahid Rind,Active,Yes,Islamabad Capital Territory,Islamabad,21,26
,Ali Mirza,Active,Yes,Islamabad Capital Territory,Islamabad,21,27
,Sidra Memon,Active,Yes,Islamabad Capital Territory,Islamabad,21,28
,Hamza Sheikh,Active,Yes,Islamabad Capital Territory,Islamabad,21,29
,Iqra Raza,Active,Yes,Islamabad Capital Territory,Islamabad,21,30
,Rabia Chaudhry,Active,Yes,Islamabad Capital Territory,Islamabad,21,31
,Samina Ahmed,Active,Yes,Islamabad Capital Territory,Islamabad,21,32
,Sana Jan,Active,Yes,Islamabad Capital Territory,Islamabad,21,33
,Sana Abbasi,Active,Yes,Islamabad Capital Territory,Islamabad,21,34
,Hamza Tareen,Active,Yes,Islamabad Capital Territory,Islamabad,21,35
,Junaid Memon,Active,Yes,Islamabad Capital Territory,Islamabad,21,36
,Sidra Ahmed,Active,Yes,Islamabad Capital Territory,Islamabad,21,37
,Saad Baig,Active,Yes,Islamabad Capital Territory,Islamabad,21,38
,Kamran Mengal,Active,Yes,Islamabad Capital Territory,Islamabad,21,39
,Yasir Qureshi,Active,Yes,Islamabad Capital Territory,Islamabad,21,40
,Farhan Mengal,Active,Yes,Islamabad Capital Territory,Islamabad,21,41
,Naveed Baig,Active,Yes,Islamabad Capital Territory,Islamabad,21,42
,Hamza Shah,Active,Yes,Islamabad Capital Territory,Islamabad,21,43
,Maryam Khattak,Active,Yes,Islamabad Capital Territory,Islamabad,21,44
,Yasir Sheikh,Active,Yes,Islamabad Capital Territory,Islamabad,21,45
,Imran Chaudhry,Active,Yes,Islamabad Capital Territory,Islamabad,21,46
,Maryam Jan,Active,Yes,Islamabad Capital Territory,Islamabad,21,47
,Faisal Jan,Active,Yes,Islamabad Capital Territory,Islamabad,21,48
,Babar Chaudhry,Active,Yes,Islamabad Capital Territory,Islamabad,21,49
,Adnan Tareen,Active,Yes,Islamabad Capital Territory,Islamabad,21,50
,Ayesha Tareen,Active,Yes,Islamabad Capital Territory,Islamabad,21,51
,Zubair Malik,Active,Yes,Islamabad Capital Territory,Islamabad,21,52
,Faisal Khan,Active,Yes,Islamabad Capital Territory,Islamabad,21,53
,Zubair Rind,Active,Yes,Islamabad Capital Territory,Islamabad,21,54
,Zeeshan Laghari,Active,Yes,Islamabad Capital Territory,Islamabad,21,55
,Kashif Khattak,Active,Yes,Islamabad Capital Territory,Islamabad,21,56
,Zeeshan Baig,Active,Yes,Islamabad Capital Territory,Islamabad,21,57
,Hamza Tareen,Active,Yes,Islamabad Capital Territory,Islamabad,21,58
,Naveed Mahar,Active,Yes,Islamabad Capital Territory,Islamabad,21,59
,Kamran Gul,Active,Yes,Islamabad Capital Territory,Islamabad,21,60
,Farhan Mengal,Active,Yes,Islamabad Capital Territory,Islamabad,21,61
,Babar Baig,Active,Yes,Islamabad Capital Territory,Islamabad,21,62
,Waqas Tareen,Active,Yes,Islamabad Capital Territory,Islamabad,21,63
,Yasir Qureshi,Active,Yes,Islamabad Capital Territory,Islamabad,21,64
,Fatima Siddiqui,Active,Yes,Islamabad Capital Territory,Islamabad,21,65
,Iqra Qureshi,Active,Yes,Islamabad Capital Territory,Islamabad,21,66
,Saad Sheikh,Active,Yes,Islamabad Capital Territory,Islamabad,21,67
,Babar Butt,Active,Yes,Islamabad Capital Territory,Islamabad,21,68
,Asim Ansari,Active,Yes,Islamabad Capital Territory,Islamabad,21,69
,Adnan Sheikh,Active,Yes,Islamabad Capital Territory,Islamabad,21,70
,Adnan Shah,Active,Yes,Islamabad Capital Territory,Islamabad,21,71
,Hira Jan,Active,Yes,Islamabad Capital Territory,Islamabad,21,72
,Zeeshan Gul,Active,Yes,Islamabad Capital Territory,Islamabad,21,73
,Kamran Shah,Active,Yes,Islamabad Capital Territory,Islamabad,21,74
,Zeeshan Siddiqui,Active,Yes,Islamabad Capital Territory,Islamabad,21,75
,Waqas Bugti,Active,Yes,Islamabad Capital Territory,Islamabad,21,76
,Faisal Rind,Active,Yes,Islamabad Capital Territory,Islamabad,21,77
,Fatima Mengal,Active,Yes,Islamabad Capital Territory,Islamabad,21,78
,Rashid Abbasi,Active,Yes,Islamabad Capital Territory,Islamabad,21,79
,Muhammad Abbasi,Active,Yes,Islamabad Capital Territory,Islamabad,21,80
,Waqas Laghari,Active,Yes,Islamabad Capital Territory,Islamabad,21,81
,Babar Sheikh,Active,Yes,Islamabad Capital Territory,Islamabad,21,82
,Iqra Memon,Active,Yes,Islamabad Capital Territory,Islamabad,21,83
,Hira Butt,Active,Yes,Islamabad Capital Territory,Islamabad,21,84
,Ali Laghari,Active,Yes,Islamabad Capital Territory,Islamabad,21,85
,Zainab Shah,Active,Yes,Islamabad Capital Territory,Islamabad,21,86
,Babar Mahar,Active,Yes,Islamabad Capital Territory,Islamabad,21,87
,Maryam Siddiqui,Active,Yes,Islamabad Capital Territory,Islamabad,21,88
,Zainab Siddiqui,Active,Yes,Islamabad Capital Territory,Islamabad,21,89
,Kamran Laghari,Active,Yes,Islamabad Capital Territory,Islamabad,21,90
,Zainab Rind,Active,Yes,Islamabad Capital Territory,Islamabad,21,91
,Ahmed Gul,Active,Yes,Islamabad Capital Territory,Islamabad,21,92
,Hira Ahmed,Active,Yes,Islamabad Capital Territory,Islamabad,21,93
,Bilal Chaudhry,Active,Yes,Islamabad Capital Territory,Islamabad,21,94
,Babar Mengal,Active,Yes,Islamabad Capital Territory,Islamabad,21,95
,Sana Laghari,Active,Yes,Islamabad Capital Territory,Islamabad,21,96
,Yasir Malik,Active,Yes,Islamabad Capital Territory,Islamabad,21,97
,Fatima Malik,Active,Yes,Islamabad Capital Territory,Islamabad,21,98
,Iqra Baig,Active,Yes,Islamabad Capital Territory,Islamabad,21,99
,Zeeshan Sheikh,Active,Yes,Islamabad Capital Territory,Islamabad,21,100
,Zainab Bugti,Active,Yes,Islamabad Capital Territory,Islamabad,22,101
,Zubair Chaudhry,Active,Yes,Islamabad Capital Territory,Islamabad,22,102
,Maryam Ahmed,Active,Yes,Islamabad Capital Territory,Islamabad,22,103
,Adnan Ansari,Active,Yes,Islamabad Capital Territory,Islamabad,22,104
,Fatima Butt,Active,Yes,Islamabad Capital Territory,Islamabad,22,105
,Fatima Sheikh,Active,Yes,Islamabad Capital Territory,Islamabad,22,106
,Ayesha Bhatti,Active,Yes,Islamabad Capital Territory,Islamabad,22,107
,Ali Tareen,Active,Yes,Islamabad Capital Territory,Islamabad,22,108
,Sana Siddiqui,Active,Yes,Islamabad Capital Territory,Islamabad,22,109
,Muhammad Jan,Active,Yes,Islamabad Capital Territory,Islamabad,22,110
,Sana Mahar,Active,Yes,Islamabad Capital Territory,Islamabad,22,111
,Bilal Ansari,Active,Yes,Islamabad Capital Territory,Islamabad,22,112
,Naveed Tareen,Active,Yes,Islamabad Capital Territory,Islamabad,22,113
,Faisal Memon,Active,Yes,Islamabad Capital Territory,Islamabad,22,114
,Saad Baig,Active,Yes,Islamabad Capital Territory,Islamabad,22,115
,Imran Ansari,Active,Yes,Islamabad Capital Territory,Islamabad,22,116
,Tariq Sheikh,Active,Yes,Islamabad Capital Territory,Islamabad,22,117
,Zubair Butt,Active,Yes,Islamabad Capital Territory,Islamabad,22,118
,Asim Mirza,Active,Yes,Islamabad Capital Territory,Islamabad,22,119
,Ahmed Baig,Active,Yes,Islamabad Capital Territory,Islamabad,22,120
,Sana Tareen,Active,Yes,Islamabad Capital Territory,Islamabad,22,121
,Zeeshan Khattak,Active,Yes,Islamabad Capital Territory,Islamabad,22,122
,Usman Laghari,Active,Yes,Islamabad Capital Territory,Islamabad,22,123
,Ayesha Shah,Active,Yes,Islamabad Capital Territory,Islamabad,22,124
,Fatima Bugti,Active,Yes,Islamabad Capital Territory,Islamabad,22,125
,Usman Sheikh,Active,Yes,Islamabad Capital Territory,Islamabad,22,126
,Kamran Laghari,Active,Yes,Islamabad Capital Territory,Islamabad,22,127
,Waqas Laghari,Active,Yes,Islamabad Capital Territory,Islamabad,22,128
,Hira Siddiqui,Active,Yes,Islamabad Capital Territory,Islamabad,22,129
,Faisal Abbasi,Active,Yes,Islamabad Capital Territory,Islamabad,22,130
,Hamza Sheikh,Active,Yes,Islamabad Capital Territory,Islamabad,22,131
,Maryam Chaudhry,Active,Yes,Islamabad Capital Territory,Islamabad,22,132
,Sidra Bugti,Active,Yes,Islamabad Capital Territory,Islamabad,22,133
,Asim Memon,Active,Yes,Islamabad Capital Territory,Islamabad,22,134
,Zeeshan Jan,Active,Yes,Islamabad Capital Territory,Islamabad,22,135
,Sana Ahmed,Active,Yes,Islamabad Capital Territory,Islamabad,22,136
,Zeeshan Khan,Active,Yes,Islamabad Capital Territory,Islamabad,22,137
,Muhammad Rind,Active,Yes,Islamabad Capital Territory,Islamabad,22,138
,Rabia Tareen,Active,Yes,Islamabad Capital Territory,Islamabad,22,139
,Fatima Ahmed,Active,Yes,Islamabad Capital Territory,Islamabad,22,140
,Asim Memon,Active,Yes,Islamabad Capital Territory,Islamabad,22,141
,Babar Raza,Active,Yes,Islamabad Capital Territory,Islamabad,22,142
,Hira Bhatti,Active,Yes,Islamabad Capital Territory,Islamabad,22,143
,Sana Mirza,Active,Yes,Islamabad Capital Territory,Islamabad,22,144
,Waqas Mahar,Active,Yes,Islamabad Capital Territory,Islamabad,22,145
,Kamran Memon,Active,Yes,Islamabad Capital Territory,Islamabad,22,146
,Saad Bugti,Active,Yes,Islamabad Capital Territory,Islamabad,22,147
,Arsalan Abbasi,Active,Yes,Islamabad Capital Territory,Islamabad,22,148
,Rashid Tareen,Active,Yes,Islamabad Capital Territory,Islamabad,22,149
,Yasir Memon,Active,Yes,Islamabad Capital Territory,Islamabad,22,150
,Imran Shah,Active,Yes,Islamabad Capital Territory,Islamabad,22,151
,Muhammad Ansari,Active,Yes,Islamabad Capital Territory,Islamabad,22,152
,Maryam Bhatti,Active,Yes,Islamabad Capital Territory,Islamabad,22,153
,Hamza Malik,Active,Yes,Islamabad Capital Territory,Islamabad,22,154
,Junaid Tareen,Active,Yes,Islamabad Capital Territory,Islamabad,22,155
,Kamran Mengal,Active,Yes,Islamabad Capital Territory,Islamabad,22,156
,Farhan Ahmed,Active,Yes,Islamabad Capital Territory,Islamabad,22,157
,Maryam Raza,Active,Yes,Islamabad Capital Territory,Islamabad,22,158
,Junaid Khan,Active,Yes,Islamabad Capital Territory,Islamabad,22,159
,Zainab Tareen,Active,Yes,Islamabad Capital Territory,Islamabad,22,160
,Kashif Malik,Active,Yes,Islamabad Capital Territory,Islamabad,22,161
,Bilal Bhatti,Active,Yes,Islamabad Capital Territory,Islamabad,22,162
,Ahmed Malik,Active,Yes,Islamabad Capital Territory,Islamabad,22,163
,Junaid Bhatti,Active,Yes,Islamabad Capital Territory,Islamabad,22,164
,Kamran Khattak,Active,Yes,Islamabad Capital Territory,Islamabad,22,165
,Imran Sheikh,Active,Yes,Islamabad Capital Territory,Islamabad,22,166
,Hira Sheikh,Active,Yes,Islamabad Capital Territory,Islamabad,22,167
,Hira Jan,Active,Yes,Islamabad Capital Territory,Islamabad,22,168
,Ahmed Laghari,Active,Yes,Islamabad Capital Territory,Islamabad,22,169
,Zeeshan Baig,Active,Yes,Islamabad Capital Territory,Islamabad,22,170
,Farhan Malik,Active,Yes,Islamabad Capital Territory,Islamabad,22,171
,Imran Raza,Active,Yes,Islamabad Capital Territory,Islamabad,22,172
,Samina Mirza,Active,Yes,Islamabad Capital Territory,Islamabad,22,173
,Waqas Gul,Active,Yes,Islamabad Capital Territory,Islamabad,22,174
,Yasir Gul,Active,Yes,Islamabad Capital Territory,Islamabad,22,175
,Ayesha Abbasi,Active,Yes,Islamabad Capital Territory,Islamabad,22,176
,Ahmed Mirza,Active,Yes,Islamabad Capital Territory,Islamabad,22,177
,Arsalan Malik,Active,Yes,Islamabad Capital Territory,Islamabad,22,178
,Faisal Baig,Active,Yes,Islamabad Capital Territory,Islamabad,22,179
,Rabia Bugti,Active,Yes,Islamabad Capital Territory,Islamabad,22,180
,Shahid Bhatti,Active,Yes,Islamabad Capital Territory,Islamabad,22,181
,Kashif Mahar,Active,Yes,Islamabad Capital Territory,Islamabad,22,182
,Hamza Shah,Active,Yes,Islamabad Capital Territory,Islamabad,22,183
,Arsalan Mahar,Active,Yes,Islamabad Capital Territory,Islamabad,22,184
,Zainab Bhatti,Active,Yes,Islamabad Capital Territory,Islamabad,22,185
,Sana Qureshi,Active,Yes,Islamabad Capital Territory,Islamabad,22,186
,Saad Laghari,Active,Yes,Islamabad Capital Territory,Islamabad,22,187
,Zubair Bhatti,Active,Yes,Islamabad Capital Territory,Islamabad,22,188
,Saad Laghari,Active,Yes,Islamabad Capital Territory,Islamabad,22,189
,Shahid Siddiqui,Active,Yes,Islamabad Capital Territory,Islamabad,22,190
,Fatima Rind,Active,Yes,Islamabad Capital Territory,Islamabad,22,191
,Ahmed Bugti,Active,Yes,Islamabad Capital Territory,Islamabad,22,192
,Adnan Mirza,Active,Yes,Islamabad Capital Territory,Islamabad,22,193
,Adnan Abbasi,Active,Yes,Islamabad Capital Territory,Islamabad,22,194
,Maryam Raza,Active,Yes,Islamabad Capital Territory,Islamabad,22,195
,Kamran Baig,Active,Yes,Islamabad Capital Territory,Islamabad,22,196
,Waqas Mirza,Active,Yes,Islamabad Capital Territory,Islamabad,22,197
,Maryam Sheikh,Active,Yes,Islamabad Capital Territory,Islamabad,22,198
,Shahid Chaudhry,Active,Yes,Islamabad Capital Territory,Islamabad,22,199
,Kamran Shah,Active,Yes,Islamabad Capital Territory,Islamabad,22,200
,Adnan Raza,Active,Yes,Islamabad Capital Territory,Islamabad,23,201
,Asim Bhatti,Active,Yes,Islamabad Capital Territory,Islamabad,23,202
,Asim Siddiqui,Active,Yes,Islamabad Capital Territory,Islamabad,23,203
,Faisal Ahmed,Active,Yes,Islamabad Capital Territory,Islamabad,23,204
,Yasir Mahar,Active,Yes,Islamabad Capital Territory,Islamabad,23,205
,Hamza Gul,Active,Yes,Islamabad Capital Territory,Islamabad,23,206
,Hira Mirza,Active,Yes,Islamabad Capital Territory,Islamabad,23,207
,Hamza Raza,Active,Yes,Islamabad Capital Territory,Islamabad,23,208
,Junaid Chaudhry,Active,Yes,Islamabad Capital Territory,Islamabad,23,209
,Maryam Memon,Active,Yes,Islamabad Capital Territory,Islamabad,23,210
,Ahmed Khattak,Active,Yes,Islamabad Capital Territory,Islamabad,23,211
,Farhan Rind,Active,Yes,Islamabad Capital Territory,Islamabad,23,212
,Kashif Mahar,Active,Yes,Islamabad Capital Territory,Islamabad,23,213
,Saad Raza,Active,Yes,Islamabad Capital Territory,Islamabad,23,214
,Saad Mahar,Active,Yes,Islamabad Capital Territory,Islamabad,23,215
,Usman Shah,Active,Yes,Islamabad Capital Territory,Islamabad,23,216
,Usman Khattak,Active,Yes,Islamabad Capital Territory,Islamabad,23,217
,Zubair Memon,Active,Yes,Islamabad Capital Territory,Islamabad,23,218
,Zeeshan Siddiqui,Active,Yes,Islamabad Capital Territory,Islamabad,23,219
,Samina Butt,Active,Yes,Islamabad Capital Territory,Islamabad,23,220
,Zubair Siddiqui,Active,Yes,Islamabad Capital Territory,Islamabad,23,221
,Saad Chaudhry,Active,Yes,Islamabad Capital Territory,Islamabad,23,222
,Zainab Bugti,Active,Yes,Islamabad Capital Territory,Islamabad,23,223
,Ahmed Laghari,Active,Yes,Islamabad Capital Territory,Islamabad,23,224
,Kamran Mirza,Active,Yes,Islamabad Capital Territory,Islamabad,23,225
,Maryam Khattak,Active,Yes,Islamabad Capital Territory,Islamabad,23,226
,Zubair Chaudhry,Active,Yes,Islamabad Capital Territory,Islamabad,23,227
,Rashid Khattak,Active,Yes,Islamabad Capital Territory,Islamabad,23,228
,Faisal Bhatti,Active,Yes,Islamabad Capital Territory,Islamabad,23,229
,Arsalan Bugti,Active,Yes,Islamabad Capital Territory,Islamabad,23,230
,Junaid Butt,Active,Yes,Islamabad Capital Territory,Islamabad,23,231
,Tariq Laghari,Active,Yes,Islamabad Capital Territory,Islamabad,23,232
,Usman Tareen,Active,Yes,Islamabad Capital Territory,Islamabad,23,233
,Yasir Ansari,Active,Yes,Islamabad Capital Territory,Islamabad,23,234
,Iqra Bhatti,Active,Yes,Islamabad Capital Territory,Islamabad,23,235
,Saad Laghari,Active,Yes,Islamabad Capital Territory,Islamabad,23,236
,Arsalan Sheikh,Active,Yes,Islamabad Capital Territory,Islamabad,23,237
,Junaid Bugti,Active,Yes,Islamabad Capital Territory,Islamabad,23,238
,Asim Jan,Active,Yes,Islamabad Capital Territory,Islamabad,23,239
,Tariq Bugti,Active,Yes,Islamabad Capital Territory,Islamabad,23,240
,Usman Mengal,Active,Yes,Islamabad Capital Territory,Islamabad,23,241
,Ali Ahmed,Active,Yes,Islamabad Capital Territory,Islamabad,23,242
,Iqra Laghari,Active,Yes,Islamabad Capital Territory,Islamabad,23,243
,Naveed Butt,Active,Yes,Islamabad Capital Territory,Islamabad,23,244
,Ahmed Ahmed,Active,Yes,Islamabad Capital Territory,Islamabad,23,245
,Usman Mahar,Active,Yes,Islamabad Capital Territory,Islamabad,23,246
,Fatima Ahmed,Active,Yes,Islamabad Capital Territory,Islamabad,23,247
,Yasir Gul,Active,Yes,Islamabad Capital Territory,Islamabad,23,248
,Faisal Shah,Active,Yes,Islamabad Capital Territory,Islamabad,23,249
,Zeeshan Mahar,Active,Yes,Islamabad Capital Territory,Islamabad,23,250
,Bilal Rind,Active,Yes,Islamabad Capital Territory,Islamabad,23,251
,Sidra Malik,Active,Yes,Islamabad Capital Territory,Islamabad,23,252
,Yasir Mahar,Active,Yes,Islamabad Capital Territory,Islamabad,23,253
,Hamza Gul,Active,Yes,Islamabad Capital Territory,Islamabad,23,254
,Kamran Mirza,Active,Yes,Islamabad Capital Territory,Islamabad,23,255
,Ali Ansari,Active,Yes,Islamabad Capital Territory,Islamabad,23,256
,Hira Sheikh,Active,Yes,Islamabad Capital Territory,Islamabad,23,257
,Tariq Malik,Active,Yes,Islamabad Capital Territory,Islamabad,23,258
,Fatima Abbasi,Active,Yes,Islamabad Capital Territory,Islamabad,23,259
,Samina Bhatti,Active,Yes,Islamabad Capital Territory,Islamabad,23,260
,Saad Khan,Active,Yes,Islamabad Capital Territory,Islamabad,23,261
,Shahid Bugti,Active,Yes,Islamabad Capital Territory,Islamabad,23,262
,Yasir Memon,Active,Yes,Islamabad Capital Territory,Islamabad,23,263
,Ayesha Khan,Active,Yes,Islamabad Capital Territory,Islamabad,23,264
,Zeeshan Raza,Active,Yes,Islamabad Capital Territory,Islamabad,23,265
,Iqra Abbasi,Active,Yes,Islamabad Capital Territory,Islamabad,23,266
,Asim Bhatti,Active,Yes,Islamabad Capital Territory,Islamabad,23,267
,Adnan Qureshi,Active,Yes,Islamabad Capital Territory,Islamabad,23,268
,Usman Mirza,Active,Yes,Islamabad Capital Territory,Islamabad,23,269
,Rashid Chaudhry,Active,Yes,Islamabad Capital Territory,Islamabad,23,270
,Yasir Bugti,Active,Yes,Islamabad Capital Territory,Islamabad,23,271
,Adnan Ansari,Active,Yes,Islamabad Capital Territory,Islamabad,23,272
,Sana Shah,Active,Yes,Islamabad Capital Territory,Islamabad,23,273
,Iqra Shah,Active,Yes,Islamabad Capital Territory,Islamabad,23,274
,Zainab Siddiqui,Active,Yes,Islamabad Capital Territory,Islamabad,23,275
,Waqas Bugti,Active,Yes,Islamabad Capital Territory,Islamabad,23,276
,Imran Mengal,Active,Yes,Islamabad Capital Territory,Islamabad,23,277
,Adnan Memon,Active,Yes,Islamabad Capital Territory,Islamabad,23,278
,Rashid Ahmed,Active,Yes,Islamabad Capital Territory,Islamabad,23,279
,Farhan Khattak,Active,Yes,Islamabad Capital Territory,Islamabad,23,280
,Zeeshan Mahar,Active,Yes,Islamabad Capital Territory,Islamabad,23,281
,Shahid Gul,Active,Yes,Islamabad Capital Territory,Islamabad,23,282
,Iqra Memon,Active,Yes,Islamabad Capital Territory,Islamabad,23,283
,Waqas Siddiqui,Active,Yes,Islamabad Capital Territory,Islamabad,23,284
,Ayesha Abbasi,Active,Yes,Islamabad Capital Territory,Islamabad,23,285
,Ayesha Tareen,Active,Yes,Islamabad Capital Territory,Islamabad,23,286
,Iqra Khattak,Active,Yes,Islamabad Capital Territory,Islamabad,23,287
,Faisal Shah,Active,Yes,Islamabad Capital Territory,Islamabad,23,288
,Zubair Ahmed,Active,Yes,Islamabad Capital Territory,Islamabad,23,289
,Zeeshan Ahmed,Active,Yes,Islamabad Capital Territory,Islamabad,23,290
,Sana Mengal,Active,Yes,Islamabad Capital Territory,Islamabad,23,291
,Hamza Malik,Active,Yes,Islamabad Capital Territory,Islamabad,23,292
,Kamran Rind,Active,Yes,Islamabad Capital Territory,Islamabad,23,293
,Ahmed Chaudhry,Active,Yes,Islamabad Capital Territory,Islamabad,23,294
,Ali Butt,Active,Yes,Islamabad Capital Territory,Islamabad,23,295
,Sidra Mengal,Active,Yes,Islamabad Capital Territory,Islamabad,23,296
,Zeeshan Siddiqui,Active,Yes,Islamabad Capital Territory,Islamabad,23,297
,Samina Tareen,Active,Yes,Islamabad Capital Territory,Islamabad,23,298
,Bilal Siddiqui,Active,Yes,Islamabad Capital Territory,Islamabad,23,299
,Junaid Raza,Active,Yes,Islamabad Capital Territory,Islamabad,23,300
,Yasir Siddiqui,Active,Yes,Islamabad Capital Territory,Islamabad,24,301
,Maryam Siddiqui,Active,Yes,Islamabad Capital Territory,Islamabad,24,302
,Tariq Ahmed,Active,Yes,Islamabad Capital Territory,Islamabad,24,303
,Kashif Tareen,Active,Yes,Islamabad Capital Territory,Islamabad,24,304
,Samina Mirza,Active,Yes,Islamabad Capital Territory,Islamabad,24,305
,Sidra Raza,Active,Yes,Islamabad Capital Territory,Islamabad,24,306
,Kamran Sheikh,Active,Yes,Islamabad Capital Territory,Islamabad,24,307
,Farhan Bhatti,Active,Yes,Islamabad Capital Territory,Islamabad,24,308
,Farhan Memon,Active,Yes,Islamabad Capital Territory,Islamabad,24,309
,Kamran Jan,Active,Yes,Islamabad Capital Territory,Islamabad,24,310
,Imran Laghari,Active,Yes,Islamabad Capital Territory,Islamabad,24,311
,Shahid Gul,Active,Yes,Islamabad Capital Territory,Islamabad,24,312
,Farhan Mirza,Active,Yes,Islamabad Capital Territory,Islamabad,24,313
,Adnan Memon,Active,Yes,Islamabad Capital Territory,Islamabad,24,314
,Rabia Abbasi,Active,Yes,Islamabad Capital Territory,Islamabad,24,315
,Naveed Jan,Active,Yes,Islamabad Capital Territory,Islamabad,24,316
,Zainab Laghari,Active,Yes,Islamabad Capital Territory,Islamabad,24,317
,Bilal Sheikh,Active,Yes,Islamabad Capital Territory,Islamabad,24,318
,Samina Shah,Active,Yes,Islamabad Capital Territory,Islamabad,24,319
,Hamza Bugti,Active,Yes,Islamabad Capital Territory,Islamabad,24,320
,Zeeshan Bhatti,Active,Yes,Islamabad Capital Territory,Islamabad,24,321
,Ayesha Shah,Active,Yes,Islamabad Capital Territory,Islamabad,24,322
,Iqra Tareen,Active,Yes,Islamabad Capital Territory,Islamabad,24,323
,Imran Jan,Active,Yes,Islamabad Capital Territory,Islamabad,24,324
,Hira Khattak,Active,Yes,Islamabad Capital Territory,Islamabad,24,325
,Hamza Ahmed,Active,Yes,Islamabad Capital Territory,Islamabad,24,326
,Kamran Mirza,Active,Yes,Islamabad Capital Territory,Islamabad,24,327
,Ali Ahmed,Active,Yes,Islamabad Capital Territory,Islamabad,24,328
,Zainab Mengal,Active,Yes,Islamabad Capital Territory,Islamabad,24,329
,Zainab Baig,Active,Yes,Islamabad Capital Territory,Islamabad,24,330
,Saad Ansari,Active,Yes,Islamabad Capital Territory,Islamabad,24,331
,Naveed Mahar,Active,Yes,Islamabad Capital Territory,Islamabad,24,332
,Yasir Ahmed,Active,Yes,Islamabad Capital Territory,Islamabad,24,333
,Adnan Bhatti,Active,Yes,Islamabad Capital Territory,Islamabad,24,334
,Muhammad Jan,Active,Yes,Islamabad Capital Territory,Islamabad,24,335
,Hamza Mahar,Active,Yes,Islamabad Capital Territory,Islamabad,24,336
,Tariq Mengal,Active,Yes,Islamabad Capital Territory,Islamabad,24,337
,Ali Butt,Active,Yes,Islamabad Capital Territory,Islamabad,24,338
,Ahmed Bhatti,Active,Yes,Islamabad Capital Territory,Islamabad,24,339
,Arsalan Bugti,Active,Yes,Islamabad Capital Territory,Islamabad,24,340
,Arsalan Gul,Active,Yes,Islamabad Capital Territory,Islamabad,24,341
,Waqas Abbasi,Active,Yes,Islamabad Capital Territory,Islamabad,24,342
,Yasir Rind,Active,Yes,Islamabad Capital Territory,Islamabad,24,343
,Zainab Butt,Active,Yes,Islamabad Capital Territory,Islamabad,24,344
,Arsalan Ansari,Active,Yes,Islamabad Capital Territory,Islamabad,24,345
,Farhan Chaudhry,Active,Yes,Islamabad Capital Territory,Islamabad,24,346
,Zainab Mengal,Active,Yes,Islamabad Capital Territory,Islamabad,24,347
,Asim Butt,Active,Yes,Islamabad Capital Territory,Islamabad,24,348
,Hamza Raza,Active,Yes,Islamabad Capital Territory,Islamabad,24,349
,Sana Siddiqui,Active,Yes,Islamabad Capital Territory,Islamabad,24,350
,Adnan Butt,Active,Yes,Islamabad Capital Territory,Islamabad,24,351
,Babar Khattak,Active,Yes,Islamabad Capital Territory,Islamabad,24,352
,Faisal Khan,Active,Yes,Islamabad Capital Territory,Islamabad,24,353
,Iqra Ansari,Active,Yes,Islamabad Capital Territory,Islamabad,24,354
,Bilal Ahmed,Active,Yes,Islamabad Capital Territory,Islamabad,24,355
,Hamza Sheikh,Active,Yes,Islamabad Capital Territory,Islamabad,24,356
,Sana Butt,Active,Yes,Islamabad Capital Territory,Islamabad,24,357
,Adnan Tareen,Active,Yes,Islamabad Capital Territory,Islamabad,24,358
,Tariq Khan,Active,Yes,Islamabad Capital Territory,Islamabad,24,359
,Maryam Tareen,Active,Yes,Islamabad Capital Territory,Islamabad,24,360
,Maryam Malik,Active,Yes,Islamabad Capital Territory,Islamabad,24,361
,Saad Chaudhry,Active,Yes,Islamabad Capital Territory,Islamabad,24,362
,Yasir Malik,Active,Yes,Islamabad Capital Territory,Islamabad,24,363
,Maryam Mirza,Active,Yes,Islamabad Capital Territory,Islamabad,24,364
,Rashid Baig,Active,Yes,Islamabad Capital Territory,Islamabad,24,365
,Zeeshan Mahar,Active,Yes,Islamabad Capital Territory,Islamabad,24,366
,Zainab Rind,Active,Yes,Islamabad Capital Territory,Islamabad,24,367
,Kashif Malik,Active,Yes,Islamabad Capital Territory,Islamabad,24,368
,Ayesha Mengal,Active,Yes,Islamabad Capital Territory,Islamabad,24,369
,Samina Shah,Active,Yes,Islamabad Capital Territory,Islamabad,24,370
,Farhan Mirza,Active,Yes,Islamabad Capital Territory,Islamabad,24,371
,Saad Abbasi,Active,Yes,Islamabad Capital Territory,Islamabad,24,372
,Muhammad Gul,Active,Yes,Islamabad Capital Territory,Islamabad,24,373
,Ahmed Mirza,Active,Yes,Islamabad Capital Territory,Islamabad,24,374
,Fatima Khan,Active,Yes,Islamabad Capital Territory,Islamabad,24,375
,Faisal Memon,Active,Yes,Islamabad Capital Territory,Islamabad,24,376
,Bilal Ahmed,Active,Yes,Islamabad Capital Territory,Islamabad,24,377
,Muhammad Jan,Active,Yes,Islamabad Capital Territory,Islamabad,24,378
,Shahid Shah,Active,Yes,Islamabad Capital Territory,Islamabad,24,379
,Waqas Butt,Active,Yes,Islamabad Capital Territory,Islamabad,24,380
,Muhammad Khattak,Active,Yes,Islamabad Capital Territory,Islamabad,24,381
,Arsalan Bugti,Active,Yes,Islamabad Capital Territory,Islamabad,24,382
,Hamza Qureshi,Active,Yes,Islamabad Capital Territory,Islamabad,24,383
,Zainab Khattak,Active,Yes,Islamabad Capital Territory,Islamabad,24,384
,Ali Mirza,Active,Yes,Islamabad Capital Territory,Islamabad,24,385
,Hira Butt,Active,Yes,Islamabad Capital Territory,Islamabad,24,386
,Sana Khattak,Active,Yes,Islamabad Capital Territory,Islamabad,24,387
,Ayesha Tareen,Active,Yes,Islamabad Capital Territory,Islamabad,24,388
,Kashif Mahar,Active,Yes,Islamabad Capital Territory,Islamabad,24,389
,Ayesha Bhatti,Active,Yes,Islamabad Capital Territory,Islamabad,24,390
,Tariq Khattak,Active,Yes,Islamabad Capital Territory,Islamabad,24,391
,Faisal Mirza,Active,Yes,Islamabad Capital Territory,Islamabad,24,392
,Rabia Ansari,Active,Yes,Islamabad Capital Territory,Islamabad,24,393
,Imran Ansari,Active,Yes,Islamabad Capital Territory,Islamabad,24,394
,Babar Malik,Active,Yes,Islamabad Capital Territory,Islamabad,24,395
,Sidra Ansari,Active,Yes,Islamabad Capital Territory,Islamabad,24,396
,Maryam Butt,Active,Yes,Islamabad Capital Territory,Islamabad,24,397
,Imran Bugti,Active,Yes,Islamabad Capital Territory,Islamabad,24,398
,Saad Tareen,Active,Yes,Islamabad Capital Territory,Islamabad,24,399
,Sidra Qureshi,Active,Yes,Islamabad Capital Territory,Islamabad,24,400
,Rashid Baig,Active,Yes,Islamabad Capital Territory,Islamabad,25,401
,Rashid Rind,Active,Yes,Islamabad Capital Territory,Islamabad,25,402
,Zainab Jan,Active,Yes,Islamabad Capital Territory,Islamabad,25,403
,Maryam Abbasi,Active,Yes,Islamabad Capital Territory,Islamabad,25,404
,Arsalan Siddiqui,Active,Yes,Islamabad Capital Territory,Islamabad,25,405
,Saad Raza,Active,Yes,Islamabad Capital Territory,Islamabad,25,406
,Bilal Khan,Active,Yes,Islamabad Capital Territory,Islamabad,25,407
,Rashid Bugti,Active,Yes,Islamabad Capital Territory,Islamabad,25,408
,Yasir Bhatti,Active,Yes,Islamabad Capital Territory,Islamabad,25,409
,Fatima Ansari,Active,Yes,Islamabad Capital Territory,Islamabad,25,410
,Hira Gul,Active,Yes,Islamabad Capital Territory,Islamabad,25,411
,Sidra Tareen,Active,Yes,Islamabad Capital Territory,Islamabad,25,412
,Farhan Gul,Active,Yes,Islamabad Capital Territory,Islamabad,25,413
,Maryam Abbasi,Active,Yes,Islamabad Capital Territory,Islamabad,25,414
,Hira Malik,Active,Yes,Islamabad Capital Territory,Islamabad,25,415
,Iqra Jan,Active,Yes,Islamabad Capital Territory,Islamabad,25,416
,Kamran Mahar,Active,Yes,Islamabad Capital Territory,Islamabad,25,417
,Waqas Siddiqui,Active,Yes,Islamabad Capital Territory,Islamabad,25,418
,Usman Siddiqui,Active,Yes,Islamabad Capital Territory,Islamabad,25,419
,Ali Mirza,Active,Yes,Islamabad Capital Territory,Islamabad,25,420
,Kashif Khattak,Active,Yes,Islamabad Capital Territory,Islamabad,25,421
,Ahmed Bugti,Active,Yes,Islamabad Capital Territory,Islamabad,25,422
,Muhammad Jan,Active,Yes,Islamabad Capital Territory,Islamabad,25,423
,Zainab Mengal,Active,Yes,Islamabad Capital Territory,Islamabad,25,424
,Bilal Butt,Active,Yes,Islamabad Capital Territory,Islamabad,25,425
,Asim Khattak,Active,Yes,Islamabad Capital Territory,Islamabad,25,426
,Hamza Mahar,Active,Yes,Islamabad Capital Territory,Islamabad,25,427
,Imran Baig,Active,Yes,Islamabad Capital Territory,Islamabad,25,428
,Zubair Mirza,Active,Yes,Islamabad Capital Territory,Islamabad,25,429
,Zainab Raza,Active,Yes,Islamabad Capital Territory,Islamabad,25,430
,Junaid Abbasi,Active,Yes,Islamabad Capital Territory,Islamabad,25,431
,Adnan Butt,Active,Yes,Islamabad Capital Territory,Islamabad,25,432
,Muhammad Chaudhry,Active,Yes,Islamabad Capital Territory,Islamabad,25,433
,Samina Abbasi,Active,Yes,Islamabad Capital Territory,Islamabad,25,434
,Rabia Mengal,Active,Yes,Islamabad Capital Territory,Islamabad,25,435
,Babar Memon,Active,Yes,Islamabad Capital Territory,Islamabad,25,436
,Waqas Qureshi,Active,Yes,Islamabad Capital Territory,Islamabad,25,437
,Ayesha Abbasi,Active,Yes,Islamabad Capital Territory,Islamabad,25,438
,Adnan Butt,Active,Yes,Islamabad Capital Territory,Islamabad,25,439
,Tariq Raza,Active,Yes,Islamabad Capital Territory,Islamabad,25,440
,Imran Mirza,Active,Yes,Islamabad Capital Territory,Islamabad,25,441
,Sana Mirza,Active,Yes,Islamabad Capital Territory,Islamabad,25,442
,Usman Siddiqui,Active,Yes,Islamabad Capital Territory,Islamabad,25,443
,Ayesha Mahar,Active,Yes,Islamabad Capital Territory,Islamabad,25,444
,Ali Laghari,Active,Yes,Islamabad Capital Territory,Islamabad,25,445
,Waqas Memon,Active,Yes,Islamabad Capital Territory,Islamabad,25,446
,Kamran Butt,Active,Yes,Islamabad Capital Territory,Islamabad,25,447
,Tariq Mengal,Active,Yes,Islamabad Capital Territory,Islamabad,25,448
,Kashif Rind,Active,Yes,Islamabad Capital Territory,Islamabad,25,449
,Maryam Abbasi,Active,Yes,Islamabad Capital Territory,Islamabad,25,450
,Imran Bugti,Active,Yes,Islamabad Capital Territory,Islamabad,25,451
,Babar Mahar,Active,Yes,Islamabad Capital Territory,Islamabad,25,452
,Farhan Jan,Active,Yes,Islamabad Capital Territory,Islamabad,25,453
,Junaid Siddiqui,Active,Yes,Islamabad Capital Territory,Islamabad,25,454
,Kamran Ahmed,Active,Yes,Islamabad Capital Territory,Islamabad,25,455
,Sana Malik,Active,Yes,Islamabad Capital Territory,Islamabad,25,456
,Usman Baig,Active,Yes,Islamabad Capital Territory,Islamabad,25,457
,Waqas Butt,Active,Yes,Islamabad Capital Territory,Islamabad,25,458
,Waqas Abbasi,Active,Yes,Islamabad Capital Territory,Islamabad,25,459
,Yasir Mahar,Active,Yes,Islamabad Capital Territory,Islamabad,25,460
,Yasir Mengal,Active,Yes,Islamabad Capital Territory,Islamabad,25,461
,Junaid Ansari,Active,Yes,Islamabad Capital Territory,Islamabad,25,462
,Shahid Malik,Active,Yes,Islamabad Capital Territory,Islamabad,25,463
,Muhammad Khattak,Active,Yes,Islamabad Capital Territory,Islamabad,25,464
,Zubair Chaudhry,Active,Yes,Islamabad Capital Territory,Islamabad,25,465
,Zeeshan Shah,Active,Yes,Islamabad Capital Territory,Islamabad,25,466
,Zubair Sheikh,Active,Yes,Islamabad Capital Territory,Islamabad,25,467
,Hira Chaudhry,Active,Yes,Islamabad Capital Territory,Islamabad,25,468
,Arsalan Khan,Active,Yes,Islamabad Capital Territory,Islamabad,25,469
,Zainab Abbasi,Active,Yes,Islamabad Capital Territory,Islamabad,25,470
,Babar Mahar,Active,Yes,Islamabad Capital Territory,Islamabad,25,471
,Zeeshan Raza,Active,Yes,Islamabad Capital Territory,Islamabad,25,472
,Junaid Laghari,Active,Yes,Islamabad Capital Territory,Islamabad,25,473
,Saad Mirza,Active,Yes,Islamabad Capital Territory,Islamabad,25,474
,Maryam Shah,Active,Yes,Islamabad Capital Territory,Islamabad,25,475
,Bilal Memon,Active,Yes,Islamabad Capital Territory,Islamabad,25,476
,Hira Memon,Active,Yes,Islamabad Capital Territory,Islamabad,25,477
,Yasir Shah,Active,Yes,Islamabad Capital Territory,Islamabad,25,478
,Faisal Ansari,Active,Yes,Islamabad Capital Territory,Islamabad,25,479
,Tariq Ahmed,Active,Yes,Islamabad Capital Territory,Islamabad,25,480
,Shahid Khattak,Active,Yes,Islamabad Capital Territory,Islamabad,25,481
,Asim Memon,Active,Yes,Islamabad Capital Territory,Islamabad,25,482
,Usman Siddiqui,Active,Yes,Islamabad Capital Territory,Islamabad,25,483
,Hamza Shah,Active,Yes,Islamabad Capital Territory,Islamabad,25,484
,Ayesha Jan,Active,Yes,Islamabad Capital Territory,Islamabad,25,485
,Junaid Siddiqui,Active,Yes,Islamabad Capital Territory,Islamabad,25,486
,Zubair Ansari,Active,Yes,Islamabad Capital Territory,Islamabad,25,487
,Rashid Bhatti,Active,Yes,Islamabad Capital Territory,Islamabad,25,488
,Adnan Rind,Active,Yes,Islamabad Capital Territory,Islamabad,25,489
,Arsalan Rind,Active,Yes,Islamabad Capital Territory,Islamabad,25,490
,Bilal Abbasi,Active,Yes,Islamabad Capital Territory,Islamabad,25,491
,Sidra Tareen,Active,Yes,Islamabad Capital Territory,Islamabad,25,492
,Ahmed Jan,Active,Yes,Islamabad Capital Territory,Islamabad,25,493
,Usman Ansari,Active,Yes,Islamabad Capital Territory,Islamabad,25,494
,Faisal Mengal,Active,Yes,Islamabad Capital Territory,Islamabad,25,495
,Ayesha Raza,Active,Yes,Islamabad Capital Territory,Islamabad,25,496
,Arsalan Bugti,Active,Yes,Islamabad Capital Territory,Islamabad,25,497
,Arsalan Laghari,Active,Yes,Islamabad Capital Territory,Islamabad,25,498
,Asim Laghari,Active,Yes,Islamabad Capital Territory,Islamabad,25,499
,Farhan Siddiqui,Active,Yes,Islamabad Capital Territory,Islamabad,25,500
