cnic,Full Name,Status,Disabled,Province,City,Block Code,Serial Number
1000000000001,Waqas Butt,Active,Yes,Balochistan,Quetta,1,1
1000000000002,Ali Mengal,Active,Yes,Balochistan,Quetta,1,2
1000000000003,Naveed Jan,Active,Yes,Balochistan,Quetta,1,3
1000000000004,Kamran Shah,Active,Yes,Balochistan,Quetta,1,4
1000000000005,Naveed Mahar,Active,Yes,Balochistan,Quetta,1,5
1000000000006,Kashif Chaudhry,Active,Yes,Balochistan,Quetta,1,6
1000000000007,Hamza Khan,Active,Yes,Balochistan,Quetta,1,7
1000000000008,Junaid Raza,Active,Yes,Balochistan,Quetta,1,8
1000000000009,Asim Qureshi,Active,Yes,Balochistan,Quetta,1,9
1000000000010,Ali Mengal,Active,Yes,Balochistan,Quetta,1,10
1000000000011,Rabia Shah,Active,Yes,Balochistan,Quetta,1,11
1000000000012,Ali Chaudhry,Active,Yes,Balochistan,Quetta,1,12
1000000000013,Fatima Siddiqui,Active,Yes,Balochistan,Quetta,1,13
1000000000014,Arsalan Khan,Active,Yes,Balochistan,Quetta,1,14
1000000000015,Rabia Rind,Active,Yes,Balochistan,Quetta,1,15
1000000000016,Hamza Baig,Active,Yes,Balochistan,Quetta,1,16
1000000000017,Fatima Abbasi,Active,Yes,Balochistan,Quetta,1,17
1000000000018,Faisal Laghari,Active,Yes,Balochistan,Quetta,1,18
1000000000019,Asim Siddiqui,Active,Yes,Balochistan,Quetta,1,19
1000000000020,Hamza Laghari,Active,Yes,Balochistan,Quetta,1,20
1000000000021,Farhan Bhatti,Active,Yes,Balochistan,Quetta,1,21
1000000000022,Shahid Baig,Active,Yes,Balochistan,Quetta,1,22
1000000000023,Arsalan Qureshi,Active,Yes,Balochistan,Quetta,1,23
1000000000024,Ahmed Chaudhry,Active,Yes,Balochistan,Quetta,1,24
1000000000025,Ayesha Tareen,Active,Yes,Balochistan,Quetta,1,25
1000000000026,Tariq Gul,Active,Yes,Balochistan,Quetta,1,26
1000000000027,Usman Malik,Active,Yes,Balochistan,Quetta,1,27
1000000000028,Muhammad Sheikh,Active,Yes,Balochistan,Quetta,1,28
1000000000029,Rashid Mahar,Active,Yes,Balochistan,Quetta,1,29
1000000000030,Asim Ahmed,Active,Yes,Balochistan,Quetta,1,30
1000000000031,Rabia Malik,Active,Yes,Balochistan,Quetta,1,31
1000000000032,Rashid Memon,Active,Yes,Balochistan,Quetta,1,32
1000000000033,Maryam Khan,Active,Yes,Balochistan,Quetta,1,33
1000000000034,Samina Memon,Active,Yes,Balochistan,Quetta,1,34
1000000000035,Zubair Abbasi,Active,Yes,Balochistan,Quetta,1,35
1000000000036,Zainab Mirza,Active,Yes,Balochistan,Quetta,1,36
1000000000037,Sana Tareen,Active,Yes,Balochistan,Quetta,1,37
1000000000038,Usman Qureshi,Active,Yes,Balochistan,Quetta,1,38
1000000000039,Zubair Ahmed,Active,Yes,Balochistan,Quetta,1,39
1000000000040,Sana Abbasi,Active,Yes,Balochistan,Quetta,1,40
1000000000041,Kamran Qureshi,Active,Yes,Balochistan,Quetta,1,41
1000000000042,Kashif Baig,Active,Yes,Balochistan,Quetta,1,42
1000000000043,Sidra Ansari,Active,Yes,Balochistan,Quetta,1,43
1000000000044,Waqas Gul,Active,Yes,Balochistan,Quetta,1,44
1000000000045,Usman Mahar,Active,Yes,Balochistan,Quetta,1,45
1000000000046,Tariq Tareen,Active,Yes,Balochistan,Quetta,1,46
1000000000047,Hamza Laghari,Active,Yes,Balochistan,Quetta,1,47
1000000000048,Yasir Qureshi,Active,Yes,Balochistan,Quetta,1,48
1000000000049,Hira Mengal,Active,Yes,Balochistan,Quetta,1,49
1000000000050,Ahmed Shah,Active,Yes,Balochistan,Quetta,1,50
1000000000051,Muhammad Memon,Active,Yes,Balochistan,Quetta,1,51
1000000000052,Adnan Baig,Active,Yes,Balochistan,Quetta,1,52
1000000000053,Ali Khan,Active,Yes,Balochistan,Quetta,1,53
1000000000054,Muhammad Chaudhry,Active,Yes,Balochistan,Quetta,1,54
1000000000055,Zubair Ahmed,Active,Yes,Balochistan,Quetta,1,55
1000000000056,Usman Qureshi,Active,Yes,Balochistan,Quetta,1,56
1000000000057,Fatima Malik,Active,Yes,Balochistan,Quetta,1,57
1000000000058,Muhammad Laghari,Active,Yes,Balochistan,Quetta,1,58
1000000000059,Junaid Qureshi,Active,Yes,Balochistan,Quetta,1,59
1000000000060,Shahid Laghari,Active,Yes,Balochistan,Quetta,1,60
1000000000061,Naveed Bugti,Active,Yes,Balochistan,Quetta,1,61
1000000000062,Hamza Butt,Active,Yes,Balochistan,Quetta,1,62
1000000000063,Rabia Rind,Active,Yes,Balochistan,Quetta,1,63
1000000000064,Kashif Rind,Active,Yes,Balochistan,Quetta,1,64
1000000000065,Zubair Mirza,Active,Yes,Balochistan,Quetta,1,65
1000000000066,Kamran Chaudhry,Active,Yes,Balochistan,Quetta,1,66
1000000000067,Maryam Tareen,Active,Yes,Balochistan,Quetta,1,67
1000000000068,Faisal Baig,Active,Yes,Balochistan,Quetta,1,68
1000000000069,Zeeshan Rind,Active,Yes,Balochistan,Quetta,1,69
1000000000070,Hira Chaudhry,Active,Yes,Balochistan,Quetta,1,70
1000000000071,Hamza Siddiqui,Active,Yes,Balochistan,Quetta,1,71
1000000000072,Kashif Khan,Active,Yes,Balochistan,Quetta,1,72
1000000000073,Ali Siddiqui,Active,Yes,Balochistan,Quetta,1,73
1000000000074,Iqra Laghari,Active,Yes,Balochistan,Quetta,1,74
1000000000075,Imran Qureshi,Active,Yes,Balochistan,Quetta,1,75
1000000000076,Samina Mengal,Active,Yes,Balochistan,Quetta,1,76
1000000000077,Muhammad Tareen,Active,Yes,Balochistan,Quetta,1,77
1000000000078,Zubair Abbasi,Active,Yes,Balochistan,Quetta,1,78
1000000000079,Tariq Siddiqui,Active,Yes,Balochistan,Quetta,1,79
1000000000080,Junaid Jan,Active,Yes,Balochistan,Quetta,1,80
1000000000081,Bilal Malik,Active,Yes,Balochistan,Quetta,1,81
1000000000082,Zubair Qureshi,Active,Yes,Balochistan,Quetta,1,82
1000000000083,Arsalan Laghari,Active,Yes,Balochistan,Quetta,1,83
1000000000084,Babar Ansari,Active,Yes,Balochistan,Quetta,1,84
1000000000085,Zubair Mahar,Active,Yes,Balochistan,Quetta,1,85
1000000000086,Faisal Ansari,Active,Yes,Balochistan,Quetta,1,86
1000000000087,Farhan Siddiqui,Active,Yes,Balochistan,Quetta,1,87
1000000000088,Ahmed Chaudhry,Active,Yes,Balochistan,Quetta,1,88
1000000000089,Ayesha Bugti,Active,Yes,Balochistan,Quetta,1,89
1000000000090,Zeeshan Sheikh,Active,Yes,Balochistan,Quetta,1,90
1000000000091,Bilal Raza,Active,Yes,Balochistan,Quetta,1,91
1000000000092,Fatima Ahmed,Active,Yes,Balochistan,Quetta,1,92
1000000000093,Sidra Khattak,Active,Yes,Balochistan,Quetta,1,93
1000000000094,Asim Butt,Active,Yes,Balochistan,Quetta,1,94
1000000000095,Imran Rind,Active,Yes,Balochistan,Quetta,1,95
1000000000096,Shahid Raza,Active,Yes,Balochistan,Quetta,1,96
1000000000097,Babar Tareen,Active,Yes,Balochistan,Quetta,1,97
1000000000098,Faisal Bhatti,Active,Yes,Balochistan,Quetta,1,98
1000000000099,Shahid Raza,Active,Yes,Balochistan,Quetta,1,99
1000000000100,Shahid Tareen,Active,Yes,Balochistan,Quetta,1,100
1000000000101,Imran Raza,Active,Yes,Balochistan,Quetta,2,101
1000000000102,Naveed Memon,Active,Yes,Balochistan,Quetta,2,102
1000000000103,Muhammad Khan,Active,Yes,Balochistan,Quetta,2,103
1000000000104,Faisal Gul,Active,Yes,Balochistan,Quetta,2,104
1000000000105,Sana Bugti,Active,Yes,Balochistan,Quetta,2,105
1000000000106,Fatima Bugti,Active,Yes,Balochistan,Quetta,2,106
1000000000107,Imran Malik,Active,Yes,Balochistan,Quetta,2,107
1000000000108,Fatima Jan,Active,Yes,Balochistan,Quetta,2,108
1000000000109,Zeeshan Gul,Active,Yes,Balochistan,Quetta,2,109
1000000000110,Faisal Raza,Active,Yes,Balochistan,Quetta,2,110
1000000000111,Hira Mahar,Active,Yes,Balochistan,Quetta,2,111
1000000000112,Kamran Memon,Active,Yes,Balochistan,Quetta,2,112
1000000000113,Ayesha Qureshi,Active,Yes,Balochistan,Quetta,2,113
1000000000114,Ayesha Qureshi,Active,Yes,Balochistan,Quetta,2,114
1000000000115,Fatima Mirza,Active,Yes,Balochistan,Quetta,2,115
1000000000116,Shahid Baig,Active,Yes,Balochistan,Quetta,2,116
1000000000117,Ayesha Bugti,Active,Yes,Balochistan,Quetta,2,117
1000000000118,Zeeshan Siddiqui,Active,Yes,Balochistan,Quetta,2,118
1000000000119,Samina Memon,Active,Yes,Balochistan,Quetta,2,119
1000000000120,Imran Chaudhry,Active,Yes,Balochistan,Quetta,2,120
1000000000121,Ayesha Tareen,Active,Yes,Balochistan,Quetta,2,121
1000000000122,Muhammad Shah,Active,Yes,Balochistan,Quetta,2,122
1000000000123,Tariq Gul,Active,Yes,Balochistan,Quetta,2,123
1000000000124,Babar Khattak,Active,Yes,Balochistan,Quetta,2,124
1000000000125,Shahid Ansari,Active,Yes,Balochistan,Quetta,2,125
1000000000126,Ayesha Rind,Active,Yes,Balochistan,Quetta,2,126
1000000000127,Sidra Mengal,Active,Yes,Balochistan,Quetta,2,127
1000000000128,Sidra Siddiqui,Active,Yes,Balochistan,Quetta,2,128
1000000000129,Zainab Qureshi,Active,Yes,Balochistan,Quetta,2,129
1000000000130,Fatima Jan,Active,Yes,Balochistan,Quetta,2,130
1000000000131,Saad Jan,Active,Yes,Balochistan,Quetta,2,131
1000000000132,Saad Khan,Active,Yes,Balochistan,Quetta,2,132
1000000000133,Waqas Baig,Active,Yes,Balochistan,Quetta,2,133
1000000000134,Hira Laghari,Active,Yes,Balochistan,Quetta,2,134
1000000000135,Sidra Abbasi,Active,Yes,Balochistan,Quetta,2,135
1000000000136,Babar Khattak,Active,Yes,Balochistan,Quetta,2,136
1000000000137,Sana Butt,Active,Yes,Balochistan,Quetta,2,137
1000000000138,Sana Khattak,Active,Yes,Balochistan,Quetta,2,138
1000000000139,Babar Jan,Active,Yes,Balochistan,Quetta,2,139
1000000000140,Naveed Baig,Active,Yes,Balochistan,Quetta,2,140
1000000000141,Imran Gul,Active,Yes,Balochistan,Quetta,2,141
1000000000142,Faisal Baig,Active,Yes,Balochistan,Quetta,2,142
1000000000143,Iqra Butt,Active,Yes,Balochistan,Quetta,2,143
1000000000144,Adnan Mahar,Active,Yes,Balochistan,Quetta,2,144
1000000000145,Usman Chaudhry,Active,Yes,Balochistan,Quetta,2,145
1000000000146,Zeeshan Laghari,Active,Yes,Balochistan,Quetta,2,146
1000000000147,Farhan Butt,Active,Yes,Balochistan,Quetta,2,147
1000000000148,Asim Memon,Active,Yes,Balochistan,Quetta,2,148
1000000000149,Hamza Rind,Active,Yes,Balochistan,Quetta,2,149
1000000000150,Bilal Mahar,Active,Yes,Balochistan,Quetta,2,150
1000000000151,Usman Butt,Active,Yes,Balochistan,Quetta,2,151
1000000000152,Faisal Bhatti,Active,Yes,Balochistan,Quetta,2,152
1000000000153,Rashid Bhatti,Active,Yes,Balochistan,Quetta,2,153
1000000000154,Kashif Khattak,Active,Yes,Balochistan,Quetta,2,154
1000000000155,Junaid Mahar,Active,Yes,Balochistan,Quetta,2,155
1000000000156,Asim Mahar,Active,Yes,Balochistan,Quetta,2,156
1000000000157,Junaid Butt,Active,Yes,Balochistan,Quetta,2,157
1000000000158,Muhammad Bhatti,Active,Yes,Balochistan,Quetta,2,158
1000000000159,Asim Raza,Active,Yes,Balochistan,Quetta,2,159
1000000000160,Ali Malik,Active,Yes,Balochistan,Quetta,2,160
1000000000161,Sana Mirza,Active,Yes,Balochistan,Quetta,2,161
1000000000162,Tariq Mengal,Active,Yes,Balochistan,Quetta,2,162
1000000000163,Hamza Rind,Active,Yes,Balochistan,Quetta,2,163
1000000000164,Hira Khan,Active,Yes,Balochistan,Quetta,2,164
1000000000165,Ahmed Malik,Active,Yes,Balochistan,Quetta,2,165
1000000000166,Babar Bugti,Active,Yes,Balochistan,Quetta,2,166
1000000000167,Babar Malik,Active,Yes,Balochistan,Quetta,2,167
1000000000168,Waqas Ansari,Active,Yes,Balochistan,Quetta,2,168
1000000000169,Rashid Shah,Active,Yes,Balochistan,Quetta,2,169
1000000000170,Kashif Abbasi,Active,Yes,Balochistan,Quetta,2,170
1000000000171,Rashid Chaudhry,Active,Yes,Balochistan,Quetta,2,171
1000000000172,Muhammad Memon,Active,Yes,Balochistan,Quetta,2,172
1000000000173,Ayesha Laghari,Active,Yes,Balochistan,Quetta,2,173
1000000000174,Asim Tareen,Active,Yes,Balochistan,Quetta,2,174
1000000000175,Arsalan Raza,Active,Yes,Balochistan,Quetta,2,175
1000000000176,Farhan Qureshi,Active,Yes,Balochistan,Quetta,2,176
1000000000177,Kashif Mengal,Active,Yes,Balochistan,Quetta,2,177
1000000000178,Asim Chaudhry,Active,Yes,Balochistan,Quetta,2,178
1000000000179,Saad Khattak,Active,Yes,Balochistan,Quetta,2,179
1000000000180,Sana Rind,Active,Yes,Balochistan,Quetta,2,180
1000000000181,Imran Baig,Active,Yes,Balochistan,Quetta,2,181
1000000000182,Hira Baig,Active,Yes,Balochistan,Quetta,2,182
1000000000183,Hamza Butt,Active,Yes,Balochistan,Quetta,2,183
1000000000184,Saad Siddiqui,Active,Yes,Balochistan,Quetta,2,184
1000000000185,Naveed Malik,Active,Yes,Balochistan,Quetta,2,185
1000000000186,Usman Jan,Active,Yes,Balochistan,Quetta,2,186
1000000000187,Tariq Rind,Active,Yes,Balochistan,Quetta,2,187
1000000000188,Zainab Rind,Active,Yes,Balochistan,Quetta,2,188
1000000000189,Waqas Abbasi,Active,Yes,Balochistan,Quetta,2,189
1000000000190,Iqra Butt,Active,Yes,Balochistan,Quetta,2,190
1000000000191,Saad Laghari,Active,Yes,Balochistan,Quetta,2,191
1000000000192,Imran Khan,Active,Yes,Balochistan,Quetta,2,192
1000000000193,Iqra Baig,Active,Yes,Balochistan,Quetta,2,193
1000000000194,Ahmed Memon,Active,Yes,Balochistan,Quetta,2,194
1000000000195,Sana Tareen,Active,Yes,Balochistan,Quetta,2,195
1000000000196,Fatima Chaudhry,Active,Yes,Balochistan,Quetta,2,196
1000000000197,Shahid Mirza,Active,Yes,Balochistan,Quetta,2,197
1000000000198,Ayesha Tareen,Active,Yes,Balochistan,Quetta,2,198
1000000000199,Farhan Gul,Active,Yes,Balochistan,Quetta,2,199
1000000000200,Samina Abbasi,Active,Yes,Balochistan,Quetta,2,200
1000000000201,Babar Abbasi,Active,Yes,Balochistan,Quetta,3,201
1000000000202,Zubair Mirza,Active,Yes,Balochistan,Quetta,3,202
1000000000203,Kashif Abbasi,Active,Yes,Balochistan,Quetta,3,203
1000000000204,Fatima Rind,Active,Yes,Balochistan,Quetta,3,204
1000000000205,Hira Khan,Active,Yes,Balochistan,Quetta,3,205
1000000000206,Yasir Siddiqui,Active,Yes,Balochistan,Quetta,3,206
1000000000207,Hamza Gul,Active,Yes,Balochistan,Quetta,3,207
1000000000208,Faisal Mengal,Active,Yes,Balochistan,Quetta,3,208
1000000000209,Zeeshan Bugti,Active,Yes,Balochistan,Quetta,3,209
1000000000210,Bilal Butt,Active,Yes,Balochistan,Quetta,3,210
1000000000211,Arsalan Chaudhry,Active,Yes,Balochistan,Quetta,3,211
1000000000212,Maryam Raza,Active,Yes,Balochistan,Quetta,3,212
1000000000213,Ali Shah,Active,Yes,Balochistan,Quetta,3,213
1000000000214,Ahmed Raza,Active,Yes,Balochistan,Quetta,3,214
1000000000215,Rashid Memon,Active,Yes,Balochistan,Quetta,3,215
1000000000216,Naveed Siddiqui,Active,Yes,Balochistan,Quetta,3,216
1000000000217,Zubair Khattak,Active,Yes,Balochistan,Quetta,3,217
1000000000218,Ali Ahmed,Active,Yes,Balochistan,Quetta,3,218
1000000000219,Babar Baig,Active,Yes,Balochistan,Quetta,3,219
1000000000220,Iqra Bhatti,Active,Yes,Balochistan,Quetta,3,220
1000000000221,Adnan Abbasi,Active,Yes,Balochistan,Quetta,3,221
1000000000222,Kashif Laghari,Active,Yes,Balochistan,Quetta,3,222
1000000000223,Faisal Mirza,Active,Yes,Balochistan,Quetta,3,223
1000000000224,Adnan Butt,Active,Yes,Balochistan,Quetta,3,224
1000000000225,Rabia Mengal,Active,Yes,Balochistan,Quetta,3,225
1000000000226,Rashid Khattak,Active,Yes,Balochistan,Quetta,3,226
1000000000227,Hamza Sheikh,Active,Yes,Balochistan,Quetta,3,227
1000000000228,Kashif Qureshi,Active,Yes,Balochistan,Quetta,3,228
1000000000229,Fatima Mirza,Active,Yes,Balochistan,Quetta,3,229
1000000000230,Sidra Memon,Active,Yes,Balochistan,Quetta,3,230
1000000000231,Sidra Siddiqui,Active,Yes,Balochistan,Quetta,3,231
1000000000232,Muhammad Gul,Active,Yes,Balochistan,Quetta,3,232
1000000000233,Rabia Raza,Active,Yes,Balochistan,Quetta,3,233
1000000000234,Farhan Sheikh,Active,Yes,Balochistan,Quetta,3,234
1000000000235,Farhan Bugti,Active,Yes,Balochistan,Quetta,3,235
1000000000236,Muhammad Tareen,Active,Yes,Balochistan,Quetta,3,236
1000000000237,Shahid Gul,Active,Yes,Balochistan,Quetta,3,237
1000000000238,Zainab Ansari,Active,Yes,Balochistan,Quetta,3,238
1000000000239,Zubair Qureshi,Active,Yes,Balochistan,Quetta,3,239
1000000000240,Ayesha Gul,Active,Yes,Balochistan,Quetta,3,240
1000000000241,Ali Ahmed,Active,Yes,Balochistan,Quetta,3,241
1000000000242,Tariq Laghari,Active,Yes,Balochistan,Quetta,3,242
1000000000243,Babar Shah,Active,Yes,Balochistan,Quetta,3,243
1000000000244,Bilal Bugti,Active,Yes,Balochistan,Quetta,3,244
1000000000245,Sidra Tareen,Active,Yes,Balochistan,Quetta,3,245
1000000000246,Yasir Ahmed,Active,Yes,Balochistan,Quetta,3,246
1000000000247,Faisal Mengal,Active,Yes,Balochistan,Quetta,3,247
1000000000248,Kamran Laghari,Active,Yes,Balochistan,Quetta,3,248
1000000000249,Adnan Butt,Active,Yes,Balochistan,Quetta,3,249
1000000000250,Sidra Tareen,Active,Yes,Balochistan,Quetta,3,250
1000000000251,Zainab Laghari,Active,Yes,Balochistan,Quetta,3,251
1000000000252,Kashif Gul,Active,Yes,Balochistan,Quetta,3,252
1000000000253,Babar Memon,Active,Yes,Balochistan,Quetta,3,253
1000000000254,Rabia Abbasi,Active,Yes,Balochistan,Quetta,3,254
1000000000255,Fatima Rind,Active,Yes,Balochistan,Quetta,3,255
1000000000256,Bilal Chaudhry,Active,Yes,Balochistan,Quetta,3,256
1000000000257,Junaid Laghari,Active,Yes,Balochistan,Quetta,3,257
1000000000258,Kamran Abbasi,Active,Yes,Balochistan,Quetta,3,258
1000000000259,Naveed Laghari,Active,Yes,Balochistan,Quetta,3,259
1000000000260,Rashid Ahmed,Active,Yes,Balochistan,Quetta,3,260
1000000000261,Naveed Khattak,Active,Yes,Balochistan,Quetta,3,261
1000000000262,Zubair Bugti,Active,Yes,Balochistan,Quetta,3,262
1000000000263,Bilal Bugti,Active,Yes,Balochistan,Quetta,3,263
1000000000264,Sidra Gul,Active,Yes,Balochistan,Quetta,3,264
1000000000265,Hamza Raza,Active,Yes,Balochistan,Quetta,3,265
1000000000266,Arsalan Butt,Active,Yes,Balochistan,Quetta,3,266
1000000000267,Babar Khattak,Active,Yes,Balochistan,Quetta,3,267
1000000000268,Samina Malik,Active,Yes,Balochistan,Quetta,3,268
1000000000269,Rashid Laghari,Active,Yes,Balochistan,Quetta,3,269
1000000000270,Maryam Mahar,Active,Yes,Balochistan,Quetta,3,270
1000000000271,Zainab Shah,Active,Yes,Balochistan,Quetta,3,271
1000000000272,Asim Abbasi,Active,Yes,Balochistan,Quetta,3,272
1000000000273,Naveed Abbasi,Active,Yes,Balochistan,Quetta,3,273
1000000000274,Shahid Mirza,Active,Yes,Balochistan,Quetta,3,274
1000000000275,Babar Tareen,Active,Yes,Balochistan,Quetta,3,275
1000000000276,Faisal Mahar,Active,Yes,Balochistan,Quetta,3,276
1000000000277,Zeeshan Qureshi,Active,Yes,Balochistan,Quetta,3,277
1000000000278,Farhan Sheikh,Active,Yes,Balochistan,Quetta,3,278
1000000000279,Ali Chaudhry,Active,Yes,Balochistan,Quetta,3,279
1000000000280,Shahid Butt,Active,Yes,Balochistan,Quetta,3,280
1000000000281,Iqra Siddiqui,Active,Yes,Balochistan,Quetta,3,281
1000000000282,Arsalan Mengal,Active,Yes,Balochistan,Quetta,3,282
1000000000283,Adnan Tareen,Active,Yes,Balochistan,Quetta,3,283
1000000000284,Imran Ansari,Active,Yes,Balochistan,Quetta,3,284
1000000000285,Rashid Tareen,Active,Yes,Balochistan,Quetta,3,285
1000000000286,Iqra Rind,Active,Yes,Balochistan,Quetta,3,286
1000000000287,Babar Memon,Active,Yes,Balochistan,Quetta,3,287
1000000000288,Waqas Abbasi,Active,Yes,Balochistan,Quetta,3,288
1000000000289,Farhan Jan,Active,Yes,Balochistan,Quetta,3,289
1000000000290,Fatima Gul,Active,Yes,Balochistan,Quetta,3,290
1000000000291,Zubair Mirza,Active,Yes,Balochistan,Quetta,3,291
1000000000292,Farhan Khattak,Active,Yes,Balochistan,Quetta,3,292
1000000000293,Muhammad Bugti,Active,Yes,Balochistan,Quetta,3,293
1000000000294,Tariq Qureshi,Active,Yes,Balochistan,Quetta,3,294
1000000000295,Yasir Ansari,Active,Yes,Balochistan,Quetta,3,295
1000000000296,Yasir Ansari,Active,Yes,Balochistan,Quetta,3,296
1000000000297,Ali Bugti,Active,Yes,Balochistan,Quetta,3,297
1000000000298,Asim Khattak,Active,Yes,Balochistan,Quetta,3,298
1000000000299,Samina Malik,Active,Yes,Balochistan,Quetta,3,299
1000000000300,Ahmed Malik,Active,Yes,Balochistan,Quetta,3,300
1000000000301,Shahid Ansari,Active,Yes,Balochistan,Quetta,4,301
1000000000302,Usman Siddiqui,Active,Yes,Balochistan,Quetta,4,302
1000000000303,Babar Malik,Active,Yes,Balochistan,Quetta,4,303
1000000000304,Zubair Laghari,Active,Yes,Balochistan,Quetta,4,304
1000000000305,Asim Raza,Active,Yes,Balochistan,Quetta,4,305
1000000000306,Farhan Siddiqui,Active,Yes,Balochistan,Quetta,4,306
1000000000307,Adnan Sheikh,Active,Yes,Balochistan,Quetta,4,307
1000000000308,Saad Sheikh,Active,Yes,Balochistan,Quetta,4,308
1000000000309,Kamran Sheikh,Active,Yes,Balochistan,Quetta,4,309
1000000000310,Asim Tareen,Active,Yes,Balochistan,Quetta,4,310
1000000000311,Saad Shah,Active,Yes,Balochistan,Quetta,4,311
1000000000312,Arsalan Laghari,Active,Yes,Balochistan,Quetta,4,312
1000000000313,Rabia Laghari,Active,Yes,Balochistan,Quetta,4,313
1000000000314,Zubair Bugti,Active,Yes,Balochistan,Quetta,4,314
1000000000315,Maryam Gul,Active,Yes,Balochistan,Quetta,4,315
1000000000316,Rabia Chaudhry,Active,Yes,Balochistan,Quetta,4,316
1000000000317,Ahmed Khattak,Active,Yes,Balochistan,Quetta,4,317
1000000000318,Rabia Baig,Active,Yes,Balochistan,Quetta,4,318
1000000000319,Hamza Laghari,Active,Yes,Balochistan,Quetta,4,319
1000000000320,Shahid Mahar,Active,Yes,Balochistan,Quetta,4,320
1000000000321,Hamza Mahar,Active,Yes,Balochistan,Quetta,4,321
1000000000322,Zainab Chaudhry,Active,Yes,Balochistan,Quetta,4,322
1000000000323,Kashif Bugti,Active,Yes,Balochistan,Quetta,4,323
1000000000324,Zainab Ansari,Active,Yes,Balochistan,Quetta,4,324
1000000000325,Shahid Ahmed,Active,Yes,Balochistan,Quetta,4,325
1000000000326,Fatima Sheikh,Active,Yes,Balochistan,Quetta,4,326
1000000000327,Fatima Qureshi,Active,Yes,Balochistan,Quetta,4,327
1000000000328,Rashid Rind,Active,Yes,Balochistan,Quetta,4,328
1000000000329,Waqas Raza,Active,Yes,Balochistan,Quetta,4,329
1000000000330,Farhan Bugti,Active,Yes,Balochistan,Quetta,4,330
1000000000331,Usman Raza,Active,Yes,Balochistan,Quetta,4,331
1000000000332,Zubair Mahar,Active,Yes,Balochistan,Quetta,4,332
1000000000333,Farhan Khan,Active,Yes,Balochistan,Quetta,4,333
1000000000334,Arsalan Rind,Active,Yes,Balochistan,Quetta,4,334
1000000000335,Farhan Gul,Active,Yes,Balochistan,Quetta,4,335
1000000000336,Usman Abbasi,Active,Yes,Balochistan,Quetta,4,336
1000000000337,Adnan Mengal,Active,Yes,Balochistan,Quetta,4,337
1000000000338,Rashid Chaudhry,Active,Yes,Balochistan,Quetta,4,338
1000000000339,Tariq Ansari,Active,Yes,Balochistan,Quetta,4,339
1000000000340,Zeeshan Shah,Active,Yes,Balochistan,Quetta,4,340
1000000000341,Yasir Rind,Active,Yes,Balochistan,Quetta,4,341
1000000000342,Junaid Qureshi,Active,Yes,Balochistan,Quetta,4,342
1000000000343,Rashid Butt,Active,Yes,Balochistan,Quetta,4,343
1000000000344,Adnan Khattak,Active,Yes,Balochistan,Quetta,4,344
1000000000345,Samina Sheikh,Active,Yes,Balochistan,Quetta,4,345
1000000000346,Hamza Siddiqui,Active,Yes,Balochistan,Quetta,4,346
1000000000347,Rashid Raza,Active,Yes,Balochistan,Quetta,4,347
1000000000348,Hira Bugti,Active,Yes,Balochistan,Quetta,4,348
1000000000349,Naveed Malik,Active,Yes,Balochistan,Quetta,4,349
1000000000350,Sidra Raza,Active,Yes,Balochistan,Quetta,4,350
1000000000351,Arsalan Sheikh,Active,Yes,Balochistan,Quetta,4,351
1000000000352,Saad Memon,Active,Yes,Balochistan,Quetta,4,352
1000000000353,Bilal Siddiqui,Active,Yes,Balochistan,Quetta,4,353
1000000000354,Sana Mirza,Active,Yes,Balochistan,Quetta,4,354
1000000000355,Faisal Baig,Active,Yes,Balochistan,Quetta,4,355
1000000000356,Babar Butt,Active,Yes,Balochistan,Quetta,4,356
1000000000357,Rabia Bugti,Active,Yes,Balochistan,Quetta,4,357
1000000000358,Samina Ahmed,Active,Yes,Balochistan,Quetta,4,358
1000000000359,Adnan Bugti,Active,Yes,Balochistan,Quetta,4,359
1000000000360,Hamza Bhatti,Active,Yes,Balochistan,Quetta,4,360
1000000000361,Shahid Baig,Active,Yes,Balochistan,Quetta,4,361
1000000000362,Shahid Qureshi,Active,Yes,Balochistan,Quetta,4,362
1000000000363,Kamran Mirza,Active,Yes,Balochistan,Quetta,4,363
1000000000364,Ali Rind,Active,Yes,Balochistan,Quetta,4,364
1000000000365,Imran Mengal,Active,Yes,Balochistan,Quetta,4,365
1000000000366,Bilal Ahmed,Active,Yes,Balochistan,Quetta,4,366
1000000000367,Muhammad Ansari,Active,Yes,Balochistan,Quetta,4,367
1000000000368,Faisal Gul,Active,Yes,Balochistan,Quetta,4,368
1000000000369,Rabia Mirza,Active,Yes,Balochistan,Quetta,4,369
1000000000370,Maryam Butt,Active,Yes,Balochistan,Quetta,4,370
1000000000371,Muhammad Jan,Active,Yes,Balochistan,Quetta,4,371
1000000000372,Babar Jan,Active,Yes,Balochistan,Quetta,4,372
1000000000373,Ayesha Laghari,Active,Yes,Balochistan,Quetta,4,373
1000000000374,Sidra Gul,Active,Yes,Balochistan,Quetta,4,374
1000000000375,Hira Mengal,Active,Yes,Balochistan,Quetta,4,375
1000000000376,Yasir Siddiqui,Active,Yes,Balochistan,Quetta,4,376
1000000000377,Ayesha Sheikh,Active,Yes,Balochistan,Quetta,4,377
1000000000378,Faisal Sheikh,Active,Yes,Balochistan,Quetta,4,378
1000000000379,Junaid Gul,Active,Yes,Balochistan,Quetta,4,379
1000000000380,Arsalan Malik,Active,Yes,Balochistan,Quetta,4,380
1000000000381,Tariq Khan,Active,Yes,Balochistan,Quetta,4,381
1000000000382,Hamza Rind,Active,Yes,Balochistan,Quetta,4,382
1000000000383,Zubair Khan,Active,Yes,Balochistan,Quetta,4,383
1000000000384,Iqra Malik,Active,Yes,Balochistan,Quetta,4,384
1000000000385,Arsalan Sheikh,Active,Yes,Balochistan,Quetta,4,385
1000000000386,Asim Qureshi,Active,Yes,Balochistan,Quetta,4,386
1000000000387,Babar Memon,Active,Yes,Balochistan,Quetta,4,387
1000000000388,Faisal Ahmed,Active,Yes,Balochistan,Quetta,4,388
1000000000389,Rabia Khattak,Active,Yes,Balochistan,Quetta,4,389
1000000000390,Kashif Butt,Active,Yes,Balochistan,Quetta,4,390
1000000000391,Maryam Gul,Active,Yes,Balochistan,Quetta,4,391
1000000000392,Saad Khan,Active,Yes,Balochistan,Quetta,4,392
1000000000393,Hamza Siddiqui,Active,Yes,Balochistan,Quetta,4,393
1000000000394,Farhan Siddiqui,Active,Yes,Balochistan,Quetta,4,394
1000000000395,Waqas Mahar,Active,Yes,Balochistan,Quetta,4,395
1000000000396,Waqas Tareen,Active,Yes,Balochistan,Quetta,4,396
1000000000397,Ali Khan,Active,Yes,Balochistan,Quetta,4,397
1000000000398,Tariq Ahmed,Active,Yes,Balochistan,Quetta,4,398
1000000000399,Hamza Qureshi,Active,Yes,Balochistan,Quetta,4,399
1000000000400,Yasir Laghari,Active,Yes,Balochistan,Quetta,4,400
1000000000401,Shahid Shah,Active,Yes,Balochistan,Quetta,5,401
1000000000402,Samina Memon,Active,Yes,Balochistan,Quetta,5,402
1000000000403,Ahmed Laghari,Active,Yes,Balochistan,Quetta,5,403
1000000000404,Kamran Mirza,Active,Yes,Balochistan,Quetta,5,404
1000000000405,Usman Ansari,Active,Yes,Balochistan,Quetta,5,405
1000000000406,Sidra Sheikh,Active,Yes,Balochistan,Quetta,5,406
1000000000407,Yasir Khan,Active,Yes,Balochistan,Quetta,5,407
1000000000408,Tariq Baig,Active,Yes,Balochistan,Quetta,5,408
1000000000409,Iqra Abbasi,Active,Yes,Balochistan,Quetta,5,409
1000000000410,Ayesha Khattak,Active,Yes,Balochistan,Quetta,5,410
1000000000411,Fatima Rind,Active,Yes,Balochistan,Quetta,5,411
1000000000412,Hamza Sheikh,Active,Yes,Balochistan,Quetta,5,412
1000000000413,Waqas Mirza,Active,Yes,Balochistan,Quetta,5,413
1000000000414,Ayesha Tareen,Active,Yes,Balochistan,Quetta,5,414
1000000000415,Ahmed Siddiqui,Active,Yes,Balochistan,Quetta,5,415
1000000000416,Farhan Mahar,Active,Yes,Balochistan,Quetta,5,416
1000000000417,Zeeshan Bugti,Active,Yes,Balochistan,Quetta,5,417
1000000000418,Usman Shah,Active,Yes,Balochistan,Quetta,5,418
1000000000419,Samina Jan,Active,Yes,Balochistan,Quetta,5,419
1000000000420,Usman Khan,Active,Yes,Balochistan,Quetta,5,420
1000000000421,Babar Butt,Active,Yes,Balochistan,Quetta,5,421
1000000000422,Rashid Ahmed,Active,Yes,Balochistan,Quetta,5,422
1000000000423,Zubair Chaudhry,Active,Yes,Balochistan,Quetta,5,423
1000000000424,Kashif Jan,Active,Yes,Balochistan,Quetta,5,424
1000000000425,Tariq Khattak,Active,Yes,Balochistan,Quetta,5,425
1000000000426,Ayesha Bhatti,Active,Yes,Balochistan,Quetta,5,426
1000000000427,Naveed Malik,Active,Yes,Balochistan,Quetta,5,427
1000000000428,Ahmed Bugti,Active,Yes,Balochistan,Quetta,5,428
1000000000429,Rabia Tareen,Active,Yes,Balochistan,Quetta,5,429
1000000000430,Rashid Malik,Active,Yes,Balochistan,Quetta,5,430
1000000000431,Farhan Mahar,Active,Yes,Balochistan,Quetta,5,431
1000000000432,Shahid Chaudhry,Active,Yes,Balochistan,Quetta,5,432
1000000000433,Imran Sheikh,Active,Yes,Balochistan,Quetta,5,433
1000000000434,Fatima Bhatti,Active,Yes,Balochistan,Quetta,5,434
1000000000435,Maryam Mengal,Active,Yes,Balochistan,Quetta,5,435
1000000000436,Arsalan Mirza,Active,Yes,Balochistan,Quetta,5,436
1000000000437,Babar Khan,Active,Yes,Balochistan,Quetta,5,437
1000000000438,Tariq Mirza,Active,Yes,Balochistan,Quetta,5,438
1000000000439,Usman Bhatti,Active,Yes,Balochistan,Quetta,5,439
1000000000440,Kamran Chaudhry,Active,Yes,Balochistan,Quetta,5,440
1000000000441,Adnan Khattak,Active,Yes,Balochistan,Quetta,5,441
1000000000442,Hira Memon,Active,Yes,Balochistan,Quetta,5,442
1000000000443,Waqas Memon,Active,Yes,Balochistan,Quetta,5,443
1000000000444,Samina Mahar,Active,Yes,Balochistan,Quetta,5,444
1000000000445,Rashid Rind,Active,Yes,Balochistan,Quetta,5,445
1000000000446,Samina Sheikh,Active,Yes,Balochistan,Quetta,5,446
1000000000447,Ayesha Rind,Active,Yes,Balochistan,Quetta,5,447
1000000000448,Rabia Abbasi,Active,Yes,Balochistan,Quetta,5,448
1000000000449,Kamran Gul,Active,Yes,Balochistan,Quetta,5,449
1000000000450,Usman Khan,Active,Yes,Balochistan,Quetta,5,450
1000000000451,Arsalan Chaudhry,Active,Yes,Balochistan,Quetta,5,451
1000000000452,Asim Baig,Active,Yes,Balochistan,Quetta,5,452
1000000000453,Hamza Bhatti,Active,Yes,Balochistan,Quetta,5,453
1000000000454,Babar Siddiqui,Active,Yes,Balochistan,Quetta,5,454
1000000000455,Zeeshan Ansari,Active,Yes,Balochistan,Quetta,5,455
1000000000456,Kashif Khan,Active,Yes,Balochistan,Quetta,5,456
1000000000457,Sidra Jan,Active,Yes,Balochistan,Quetta,5,457
1000000000458,Yasir Khattak,Active,Yes,Balochistan,Quetta,5,458
1000000000459,Sana Shah,Active,Yes,Balochistan,Quetta,5,459
1000000000460,Fatima Baig,Active,Yes,Balochistan,Quetta,5,460
1000000000461,Sana Bugti,Active,Yes,Balochistan,Quetta,5,461
1000000000462,Tariq Ahmed,Active,Yes,Balochistan,Quetta,5,462
1000000000463,Sana Qureshi,Active,Yes,Balochistan,Quetta,5,463
1000000000464,Adnan Chaudhry,Active,Yes,Balochistan,Quetta,5,464
1000000000465,Rashid Rind,Active,Yes,Balochistan,Quetta,5,465
1000000000466,Sana Rind,Active,Yes,Balochistan,Quetta,5,466
1000000000467,Fatima Tareen,Active,Yes,Balochistan,Quetta,5,467
1000000000468,Ahmed Chaudhry,Active,Yes,Balochistan,Quetta,5,468
1000000000469,Muhammad Malik,Active,Yes,Balochistan,Quetta,5,469
1000000000470,Hamza Baig,Active,Yes,Balochistan,Quetta,5,470
1000000000471,Zubair Shah,Active,Yes,Balochistan,Quetta,5,471
1000000000472,Hamza Gul,Active,Yes,Balochistan,Quetta,5,472
1000000000473,Fatima Ansari,Active,Yes,Balochistan,Quetta,5,473
1000000000474,Rabia Mahar,Active,Yes,Balochistan,Quetta,5,474
1000000000475,Zubair Ahmed,Active,Yes,Balochistan,Quetta,5,475
1000000000476,Ayesha Laghari,Active,Yes,Balochistan,Quetta,5,476
1000000000477,Ahmed Mengal,Active,Yes,Balochistan,Quetta,5,477
1000000000478,Hamza Bugti,Active,Yes,Balochistan,Quetta,5,478
1000000000479,Babar Khattak,Active,Yes,Balochistan,Quetta,5,479
1000000000480,Ahmed Khan,Active,Yes,Balochistan,Quetta,5,480
1000000000481,Ayesha Tareen,Active,Yes,Balochistan,Quetta,5,481
1000000000482,Yasir Laghari,Active,Yes,Balochistan,Quetta,5,482
1000000000483,Zubair Memon,Active,Yes,Balochistan,Quetta,5,483
1000000000484,Junaid Memon,Active,Yes,Balochistan,Quetta,5,484
1000000000485,Kamran Jan,Active,Yes,Balochistan,Quetta,5,485
1000000000486,Yasir Baig,Active,Yes,Balochistan,Quetta,5,486
1000000000487,Ayesha Tareen,Active,Yes,Balochistan,Quetta,5,487
1000000000488,Ali Raza,Active,Yes,Balochistan,Quetta,5,488
1000000000489,Zainab Malik,Active,Yes,Balochistan,Quetta,5,489
1000000000490,Hira Mirza,Active,Yes,Balochistan,Quetta,5,490
1000000000491,Farhan Abbasi,Active,Yes,Balochistan,Quetta,5,491
1000000000492,Arsalan Laghari,Active,Yes,Balochistan,Quetta,5,492
1000000000493,Sana Baig,Active,Yes,Balochistan,Quetta,5,493
1000000000494,Zubair Siddiqui,Active,Yes,Balochistan,Quetta,5,494
1000000000495,Usman Siddiqui,Active,Yes,Balochistan,Quetta,5,495
1000000000496,Naveed Memon,Active,Yes,Balochistan,Quetta,5,496
1000000000497,Waqas Raza,Active,Yes,Balochistan,Quetta,5,497
1000000000498,Sidra Laghari,Active,Yes,Balochistan,Quetta,5,498
1000000000499,Babar Abbasi,Active,Yes,Balochistan,Quetta,5,499
1000000000500,Hira Malik,Active,Yes,Balochistan,Quetta,5,500
1000000000501,Hamza Malik,Active,Yes,Punjab,Lahore,6,1
1000000000502,Faisal Sheikh,Active,Yes,Punjab,Lahore,6,2
1000000000503,Imran Khan,Active,Yes,Punjab,Lahore,6,3
1000000000504,Farhan Memon,Active,Yes,Punjab,Lahore,6,4
1000000000505,Babar Baig,Active,Yes,Punjab,Lahore,6,5
1000000000506,Asim Laghari,Active,Yes,Punjab,Lahore,6,6
1000000000507,Ali Chaudhry,Active,Yes,Punjab,Lahore,6,7
1000000000508,Yasir Mirza,Active,Yes,Punjab,Lahore,6,8
1000000000509,Zainab Khattak,Active,Yes,Punjab,Lahore,6,9
1000000000510,Ayesha Tareen,Active,Yes,Punjab,Lahore,6,10
1000000000511,Ahmed Mengal,Active,Yes,Punjab,Lahore,6,11
1000000000512,Ahmed Abbasi,Active,Yes,Punjab,Lahore,6,12
1000000000513,Arsalan Abbasi,Active,Yes,Punjab,Lahore,6,13
1000000000514,Samina Shah,Active,Yes,Punjab,Lahore,6,14
1000000000515,Tariq Mengal,Active,Yes,Punjab,Lahore,6,15
1000000000516,Faisal Tareen,Active,Yes,Punjab,Lahore,6,16
1000000000517,Saad Khattak,Active,Yes,Punjab,Lahore,6,17
1000000000518,Bilal Raza,Active,Yes,Punjab,Lahore,6,18
1000000000519,Tariq Gul,Active,Yes,Punjab,Lahore,6,19
1000000000520,Kamran Bugti,Active,Yes,Punjab,Lahore,6,20
1000000000521,Asim Bhatti,Active,Yes,Punjab,Lahore,6,21
1000000000522,Farhan Gul,Active,Yes,Punjab,Lahore,6,22
1000000000523,Babar Rind,Active,Yes,Punjab,Lahore,6,23
1000000000524,Kashif Mirza,Active,Yes,Punjab,Lahore,6,24
1000000000525,Bilal Mengal,Active,Yes,Punjab,Lahore,6,25
1000000000526,Zubair Bugti,Active,Yes,Punjab,Lahore,6,26
1000000000527,Waqas Gul,Active,Yes,Punjab,Lahore,6,27
1000000000528,Tariq Khattak,Active,Yes,Punjab,Lahore,6,28
1000000000529,Naveed Chaudhry,Active,Yes,Punjab,Lahore,6,29
1000000000530,Rashid Gul,Active,Yes,Punjab,Lahore,6,30
1000000000531,Adnan Chaudhry,Active,Yes,Punjab,Lahore,6,31
1000000000532,Farhan Mengal,Active,Yes,Punjab,Lahore,6,32
1000000000533,Faisal Chaudhry,Active,Yes,Punjab,Lahore,6,33
1000000000534,Kamran Sheikh,Active,Yes,Punjab,Lahore,6,34
1000000000535,Zubair Mengal,Active,Yes,Punjab,Lahore,6,35
1000000000536,Rabia Malik,Active,Yes,Punjab,Lahore,6,36
1000000000537,Junaid Gul,Active,Yes,Punjab,Lahore,6,37
1000000000538,Asim Bhatti,Active,Yes,Punjab,Lahore,6,38
1000000000539,Samina Shah,Active,Yes,Punjab,Lahore,6,39
1000000000540,Hira Memon,Active,Yes,Punjab,Lahore,6,40
1000000000541,Zubair Sheikh,Active,Yes,Punjab,Lahore,6,41
1000000000542,Bilal Rind,Active,Yes,Punjab,Lahore,6,42
1000000000543,Ayesha Mahar,Active,Yes,Punjab,Lahore,6,43
1000000000544,Iqra Mengal,Active,Yes,Punjab,Lahore,6,44
1000000000545,Shahid Sheikh,Active,Yes,Punjab,Lahore,6,45
1000000000546,Zubair Mengal,Active,Yes,Punjab,Lahore,6,46
1000000000547,Sidra Butt,Active,Yes,Punjab,Lahore,6,47
1000000000548,Usman Jan,Active,Yes,Punjab,Lahore,6,48
1000000000549,Faisal Ahmed,Active,Yes,Punjab,Lahore,6,49
1000000000550,Junaid Malik,Active,Yes,Punjab,Lahore,6,50
1000000000551,Maryam Mengal,Active,Yes,Punjab,Lahore,6,51
1000000000552,Maryam Raza,Active,Yes,Punjab,Lahore,6,52
1000000000553,Sana Baig,Active,Yes,Punjab,Lahore,6,53
1000000000554,Naveed Siddiqui,Active,Yes,Punjab,Lahore,6,54
1000000000555,Zubair Raza,Active,Yes,Punjab,Lahore,6,55
1000000000556,Iqra Mirza,Active,Yes,Punjab,Lahore,6,56
1000000000557,Saad Tareen,Active,Yes,Punjab,Lahore,6,57
1000000000558,Saad Shah,Active,Yes,Punjab,Lahore,6,58
1000000000559,Sana Mahar,Active,Yes,Punjab,Lahore,6,59
1000000000560,Rashid Mahar,Active,Yes,Punjab,Lahore,6,60
1000000000561,Tariq Laghari,Active,Yes,Punjab,Lahore,6,61
1000000000562,Imran Malik,Active,Yes,Punjab,Lahore,6,62
1000000000563,Naveed Malik,Active,Yes,Punjab,Lahore,6,63
1000000000564,Maryam Khattak,Active,Yes,Punjab,Lahore,6,64
1000000000565,Imran Raza,Active,Yes,Punjab,Lahore,6,65
1000000000566,Imran Abbasi,Active,Yes,Punjab,Lahore,6,66
1000000000567,Saad Laghari,Active,Yes,Punjab,Lahore,6,67
1000000000568,Naveed Tareen,Active,Yes,Punjab,Lahore,6,68
1000000000569,Zeeshan Baig,Active,Yes,Punjab,Lahore,6,69
1000000000570,Ahmed Jan,Active,Yes,Punjab,Lahore,6,70
1000000000571,Adnan Mengal,Active,Yes,Punjab,Lahore,6,71
1000000000572,Asim Sheikh,Active,Yes,Punjab,Lahore,6,72
1000000000573,Sana Khattak,Active,Yes,Punjab,Lahore,6,73
1000000000574,Samina Mahar,Active,Yes,Punjab,Lahore,6,74
1000000000575,Farhan Mahar,Active,Yes,Punjab,Lahore,6,75
1000000000576,Babar Jan,Active,Yes,Punjab,Lahore,6,76
1000000000577,Shahid Malik,Active,Yes,Punjab,Lahore,6,77
1000000000578,Sidra Chaudhry,Active,Yes,Punjab,Lahore,6,78
1000000000579,Adnan Qureshi,Active,Yes,Punjab,Lahore,6,79
1000000000580,Saad Ansari,Active,Yes,Punjab,Lahore,6,80
1000000000581,Usman Shah,Active,Yes,Punjab,Lahore,6,81
1000000000582,Saad Abbasi,Active,Yes,Punjab,Lahore,6,82
1000000000583,Kashif Ahmed,Active,Yes,Punjab,Lahore,6,83
1000000000584,Bilal Ansari,Active,Yes,Punjab,Lahore,6,84
1000000000585,Naveed Chaudhry,Active,Yes,Punjab,Lahore,6,85
1000000000586,Ahmed Tareen,Active,Yes,Punjab,Lahore,6,86
1000000000587,Babar Mengal,Active,Yes,Punjab,Lahore,6,87
1000000000588,Bilal Tareen,Active,Yes,Punjab,Lahore,6,88
1000000000589,Saad Siddiqui,Active,Yes,Punjab,Lahore,6,89
1000000000590,Rabia Memon,Active,Yes,Punjab,Lahore,6,90
1000000000591,Muhammad Raza,Active,Yes,Punjab,Lahore,6,91
1000000000592,Junaid Mengal,Active,Yes,Punjab,Lahore,6,92
1000000000593,Adnan Ansari,Active,Yes,Punjab,Lahore,6,93
1000000000594,Maryam Chaudhry,Active,Yes,Punjab,Lahore,6,94
1000000000595,Zainab Mengal,Active,Yes,Punjab,Lahore,6,95
1000000000596,Rabia Malik,Active,Yes,Punjab,Lahore,6,96
1000000000597,Ayesha Memon,Active,Yes,Punjab,Lahore,6,97
1000000000598,Imran Ahmed,Active,Yes,Punjab,Lahore,6,98
1000000000599,Faisal Malik,Active,Yes,Punjab,Lahore,6,99
1000000000600,Usman Shah,Active,Yes,Punjab,Lahore,6,100
1000000000601,Zeeshan Jan,Active,Yes,Punjab,Lahore,7,101
1000000000602,Junaid Gul,Active,Yes,Punjab,Lahore,7,102
1000000000603,Hira Rind,Active,Yes,Punjab,Lahore,7,103
1000000000604,Zubair Jan,Active,Yes,Punjab,Lahore,7,104
1000000000605,Saad Tareen,Active,Yes,Punjab,Lahore,7,105
1000000000606,Faisal Gul,Active,Yes,Punjab,Lahore,7,106
1000000000607,Farhan Ahmed,Active,Yes,Punjab,Lahore,7,107
1000000000608,Tariq Tareen,Active,Yes,Punjab,Lahore,7,108
1000000000609,Sana Abbasi,Active,Yes,Punjab,Lahore,7,109
1000000000610,Muhammad Jan,Active,Yes,Punjab,Lahore,7,110
1000000000611,Adnan Sheikh,Active,Yes,Punjab,Lahore,7,111
1000000000612,Rabia Baig,Active,Yes,Punjab,Lahore,7,112
1000000000613,Kashif Raza,Active,Yes,Punjab,Lahore,7,113
1000000000614,Junaid Ansari,Active,Yes,Punjab,Lahore,7,114
1000000000615,Farhan Mengal,Active,Yes,Punjab,Lahore,7,115
1000000000616,Zubair Abbasi,Active,Yes,Punjab,Lahore,7,116
1000000000617,Rabia Khan,Active,Yes,Punjab,Lahore,7,117
1000000000618,Arsalan Abbasi,Active,Yes,Punjab,Lahore,7,118
1000000000619,Rashid Mengal,Active,Yes,Punjab,Lahore,7,119
1000000000620,Maryam Malik,Active,Yes,Punjab,Lahore,7,120
1000000000621,Hamza Raza,Active,Yes,Punjab,Lahore,7,121
1000000000622,Zeeshan Qureshi,Active,Yes,Punjab,Lahore,7,122
1000000000623,Zeeshan Qureshi,Active,Yes,Punjab,Lahore,7,123
1000000000624,Tariq Mahar,Active,Yes,Punjab,Lahore,7,124
1000000000625,Saad Bhatti,Active,Yes,Punjab,Lahore,7,125
1000000000626,Yasir Mahar,Active,Yes,Punjab,Lahore,7,126
1000000000627,Rashid Rind,Active,Yes,Punjab,Lahore,7,127
1000000000628,Sidra Tareen,Active,Yes,Punjab,Lahore,7,128
1000000000629,Usman Siddiqui,Active,Yes,Punjab,Lahore,7,129
1000000000630,Adnan Abbasi,Active,Yes,Punjab,Lahore,7,130
1000000000631,Shahid Chaudhry,Active,Yes,Punjab,Lahore,7,131
1000000000632,Naveed Abbasi,Active,Yes,Punjab,Lahore,7,132
1000000000633,Zeeshan Memon,Active,Yes,Punjab,Lahore,7,133
1000000000634,Zubair Khan,Active,Yes,Punjab,Lahore,7,134
1000000000635,Junaid Mahar,Active,Yes,Punjab,Lahore,7,135
1000000000636,Arsalan Qureshi,Active,Yes,Punjab,Lahore,7,136
1000000000637,Ahmed Ahmed,Active,Yes,Punjab,Lahore,7,137
1000000000638,Kashif Mirza,Active,Yes,Punjab,Lahore,7,138
1000000000639,Muhammad Qureshi,Active,Yes,Punjab,Lahore,7,139
1000000000640,Maryam Baig,Active,Yes,Punjab,Lahore,7,140
1000000000641,Hira Abbasi,Active,Yes,Punjab,Lahore,7,141
1000000000642,Rashid Sheikh,Active,Yes,Punjab,Lahore,7,142
1000000000643,Sidra Butt,Active,Yes,Punjab,Lahore,7,143
1000000000644,Hamza Gul,Active,Yes,Punjab,Lahore,7,144
1000000000645,Kashif Khattak,Active,Yes,Punjab,Lahore,7,145
1000000000646,Hamza Sheikh,Active,Yes,Punjab,Lahore,7,146
1000000000647,Rashid Abbasi,Active,Yes,Punjab,Lahore,7,147
1000000000648,Kashif Khan,Active,Yes,Punjab,Lahore,7,148
1000000000649,Muhammad Gul,Active,Yes,Punjab,Lahore,7,149
1000000000650,Waqas Bhatti,Active,Yes,Punjab,Lahore,7,150
1000000000651,Zainab Abbasi,Active,Yes,Punjab,Lahore,7,151
1000000000652,Hamza Ansari,Active,Yes,Punjab,Lahore,7,152
1000000000653,Bilal Khan,Active,Yes,Punjab,Lahore,7,153
1000000000654,Junaid Khattak,Active,Yes,Punjab,Lahore,7,154
1000000000655,Junaid Memon,Active,Yes,Punjab,Lahore,7,155
1000000000656,Rashid Raza,Active,Yes,Punjab,Lahore,7,156
1000000000657,Shahid Siddiqui,Active,Yes,Punjab,Lahore,7,157
1000000000658,Zeeshan Gul,Active,Yes,Punjab,Lahore,7,158
1000000000659,Bilal Bhatti,Active,Yes,Punjab,Lahore,7,159
1000000000660,Babar Bhatti,Active,Yes,Punjab,Lahore,7,160
1000000000661,Asim Gul,Active,Yes,Punjab,Lahore,7,161
1000000000662,Fatima Baig,Active,Yes,Punjab,Lahore,7,162
1000000000663,Muhammad Baig,Active,Yes,Punjab,Lahore,7,163
1000000000664,Zeeshan Mahar,Active,Yes,Punjab,Lahore,7,164
1000000000665,Junaid Chaudhry,Active,Yes,Punjab,Lahore,7,165
1000000000666,Arsalan Khan,Active,Yes,Punjab,Lahore,7,166
1000000000667,Rashid Sheikh,Active,Yes,Punjab,Lahore,7,167
1000000000668,Yasir Tareen,Active,Yes,Punjab,Lahore,7,168
1000000000669,Kashif Mengal,Active,Yes,Punjab,Lahore,7,169
1000000000670,Zubair Ahmed,Active,Yes,Punjab,Lahore,7,170
1000000000671,Waqas Chaudhry,Active,Yes,Punjab,Lahore,7,171
1000000000672,Hamza Qureshi,Active,Yes,Punjab,Lahore,7,172
1000000000673,Naveed Mahar,Active,Yes,Punjab,Lahore,7,173
1000000000674,Maryam Memon,Active,Yes,Punjab,Lahore,7,174
1000000000675,Zeeshan Khattak,Active,Yes,Punjab,Lahore,7,175
1000000000676,Kamran Raza,Active,Yes,Punjab,Lahore,7,176
1000000000677,Zeeshan Butt,Active,Yes,Punjab,Lahore,7,177
1000000000678,Usman Khan,Active,Yes,Punjab,Lahore,7,178
1000000000679,Rabia Chaudhry,Active,Yes,Punjab,Lahore,7,179
1000000000680,Sana Ansari,Active,Yes,Punjab,Lahore,7,180
1000000000681,Usman Ansari,Active,Yes,Punjab,Lahore,7,181
1000000000682,Yasir Ahmed,Active,Yes,Punjab,Lahore,7,182
1000000000683,Naveed Rind,Active,Yes,Punjab,Lahore,7,183
1000000000684,Tariq Chaudhry,Active,Yes,Punjab,Lahore,7,184
1000000000685,Samina Bugti,Active,Yes,Punjab,Lahore,7,185
1000000000686,Shahid Chaudhry,Active,Yes,Punjab,Lahore,7,186
1000000000687,Usman Siddiqui,Active,Yes,Punjab,Lahore,7,187
1000000000688,Hira Shah,Active,Yes,Punjab,Lahore,7,188
1000000000689,Babar Tareen,Active,Yes,Punjab,Lahore,7,189
1000000000690,Zeeshan Mirza,Active,Yes,Punjab,Lahore,7,190
1000000000691,Arsalan Bugti,Active,Yes,Punjab,Lahore,7,191
1000000000692,Saad Bugti,Active,Yes,Punjab,Lahore,7,192
1000000000693,Kamran Khattak,Active,Yes,Punjab,Lahore,7,193
1000000000694,Naveed Mirza,Active,Yes,Punjab,Lahore,7,194
1000000000695,Kashif Raza,Active,Yes,Punjab,Lahore,7,195
1000000000696,Maryam Chaudhry,Active,Yes,Punjab,Lahore,7,196
1000000000697,Faisal Bhatti,Active,Yes,Punjab,Lahore,7,197
1000000000698,Muhammad Mirza,Active,Yes,Punjab,Lahore,7,198
1000000000699,Kashif Malik,Active,Yes,Punjab,Lahore,7,199
1000000000700,Sana Bhatti,Active,Yes,Punjab,Lahore,7,200
1000000000701,Ahmed Malik,Active,Yes,Punjab,Lahore,8,201
1000000000702,Zainab Butt,Active,Yes,Punjab,Lahore,8,202
1000000000703,Kashif Khattak,Active,Yes,Punjab,Lahore,8,203
1000000000704,Hira Laghari,Active,Yes,Punjab,Lahore,8,204
1000000000705,Arsalan Khan,Active,Yes,Punjab,Lahore,8,205
1000000000706,Zainab Malik,Active,Yes,Punjab,Lahore,8,206
1000000000707,Babar Qureshi,Active,Yes,Punjab,Lahore,8,207
1000000000708,Hamza Bugti,Active,Yes,Punjab,Lahore,8,208
1000000000709,Iqra Mengal,Active,Yes,Punjab,Lahore,8,209
1000000000710,Rabia Mirza,Active,Yes,Punjab,Lahore,8,210
1000000000711,Kamran Mengal,Active,Yes,Punjab,Lahore,8,211
1000000000712,Iqra Mahar,Active,Yes,Punjab,Lahore,8,212
1000000000713,Sidra Ahmed,Active,Yes,Punjab,Lahore,8,213
1000000000714,Bilal Laghari,Active,Yes,Punjab,Lahore,8,214
1000000000715,Zainab Khattak,Active,Yes,Punjab,Lahore,8,215
1000000000716,Babar Mengal,Active,Yes,Punjab,Lahore,8,216
1000000000717,Usman Mirza,Active,Yes,Punjab,Lahore,8,217
1000000000718,Yasir Sheikh,Active,Yes,Punjab,Lahore,8,218
1000000000719,Faisal Bhatti,Active,Yes,Punjab,Lahore,8,219
1000000000720,Saad Rind,Active,Yes,Punjab,Lahore,8,220
1000000000721,Yasir Baig,Active,Yes,Punjab,Lahore,8,221
1000000000722,Sidra Raza,Active,Yes,Punjab,Lahore,8,222
1000000000723,Hamza Abbasi,Active,Yes,Punjab,Lahore,8,223
1000000000724,Sidra Chaudhry,Active,Yes,Punjab,Lahore,8,224
1000000000725,Kamran Shah,Active,Yes,Punjab,Lahore,8,225
1000000000726,Sidra Mahar,Active,Yes,Punjab,Lahore,8,226
1000000000727,Naveed Gul,Active,Yes,Punjab,Lahore,8,227
1000000000728,Arsalan Bhatti,Active,Yes,Punjab,Lahore,8,228
1000000000729,Sana Ansari,Active,Yes,Punjab,Lahore,8,229
1000000000730,Hamza Ansari,Active,Yes,Punjab,Lahore,8,230
1000000000731,Zainab Mahar,Active,Yes,Punjab,Lahore,8,231
1000000000732,Zubair Memon,Active,Yes,Punjab,Lahore,8,232
1000000000733,Zubair Bhatti,Active,Yes,Punjab,Lahore,8,233
1000000000734,Saad Siddiqui,Active,Yes,Punjab,Lahore,8,234
1000000000735,Ayesha Khattak,Active,Yes,Punjab,Lahore,8,235
1000000000736,Asim Siddiqui,Active,Yes,Punjab,Lahore,8,236
1000000000737,Adnan Mirza,Active,Yes,Punjab,Lahore,8,237
1000000000738,Zainab Shah,Active,Yes,Punjab,Lahore,8,238
1000000000739,Faisal Chaudhry,Active,Yes,Punjab,Lahore,8,239
1000000000740,Yasir Ansari,Active,Yes,Punjab,Lahore,8,240
1000000000741,Arsalan Raza,Active,Yes,Punjab,Lahore,8,241
1000000000742,Asim Qureshi,Active,Yes,Punjab,Lahore,8,242
1000000000743,Yasir Malik,Active,Yes,Punjab,Lahore,8,243
1000000000744,Shahid Baig,Active,Yes,Punjab,Lahore,8,244
1000000000745,Usman Mengal,Active,Yes,Punjab,Lahore,8,245
1000000000746,Rabia Siddiqui,Active,Yes,Punjab,Lahore,8,246
1000000000747,Kamran Mengal,Active,Yes,Punjab,Lahore,8,247
1000000000748,Muhammad Ahmed,Active,Yes,Punjab,Lahore,8,248
1000000000749,Maryam Raza,Active,Yes,Punjab,Lahore,8,249
1000000000750,Fatima Rind,Active,Yes,Punjab,Lahore,8,250
1000000000751,Hamza Qureshi,Active,Yes,Punjab,Lahore,8,251
1000000000752,Usman Bugti,Active,Yes,Punjab,Lahore,8,252
1000000000753,Kamran Bhatti,Active,Yes,Punjab,Lahore,8,253
1000000000754,Ahmed Abbasi,Active,Yes,Punjab,Lahore,8,254
1000000000755,Sana Mengal,Active,Yes,Punjab,Lahore,8,255
1000000000756,Sana Malik,Active,Yes,Punjab,Lahore,8,256
1000000000757,Kamran Laghari,Active,Yes,Punjab,Lahore,8,257
1000000000758,Zeeshan Rind,Active,Yes,Punjab,Lahore,8,258
1000000000759,Zubair Malik,Active,Yes,Punjab,Lahore,8,259
1000000000760,Bilal Gul,Active,Yes,Punjab,Lahore,8,260
1000000000761,Tariq Shah,Active,Yes,Punjab,Lahore,8,261
1000000000762,Saad Shah,Active,Yes,Punjab,Lahore,8,262
1000000000763,Farhan Khattak,Active,Yes,Punjab,Lahore,8,263
1000000000764,Rashid Ansari,Active,Yes,Punjab,Lahore,8,264
1000000000765,Muhammad Sheikh,Active,Yes,Punjab,Lahore,8,265
1000000000766,Iqra Butt,Active,Yes,Punjab,Lahore,8,266
1000000000767,Saad Bugti,Active,Yes,Punjab,Lahore,8,267
1000000000768,Usman Bugti,Active,Yes,Punjab,Lahore,8,268
1000000000769,Arsalan Mengal,Active,Yes,Punjab,Lahore,8,269
1000000000770,Muhammad Mirza,Active,Yes,Punjab,Lahore,8,270
1000000000771,Muhammad Jan,Active,Yes,Punjab,Lahore,8,271
1000000000772,Junaid Khan,Active,Yes,Punjab,Lahore,8,272
1000000000773,Muhammad Ahmed,Active,Yes,Punjab,Lahore,8,273
1000000000774,Hamza Mahar,Active,Yes,Punjab,Lahore,8,274
1000000000775,Usman Abbasi,Active,Yes,Punjab,Lahore,8,275
1000000000776,Naveed Mahar,Active,Yes,Punjab,Lahore,8,276
1000000000777,Sidra Jan,Active,Yes,Punjab,Lahore,8,277
1000000000778,Junaid Mahar,Active,Yes,Punjab,Lahore,8,278
1000000000779,Asim Rind,Active,Yes,Punjab,Lahore,8,279
1000000000780,Kashif Butt,Active,Yes,Punjab,Lahore,8,280
1000000000781,Asim Ahmed,Active,Yes,Punjab,Lahore,8,281
1000000000782,Sana Bhatti,Active,Yes,Punjab,Lahore,8,282
1000000000783,Waqas Jan,Active,Yes,Punjab,Lahore,8,283
1000000000784,Rashid Jan,Active,Yes,Punjab,Lahore,8,284
1000000000785,Rabia Bhatti,Active,Yes,Punjab,Lahore,8,285
1000000000786,Farhan Bugti,Active,Yes,Punjab,Lahore,8,286
1000000000787,Sana Baig,Active,Yes,Punjab,Lahore,8,287
1000000000788,Usman Raza,Active,Yes,Punjab,Lahore,8,288
1000000000789,Asim Butt,Active,Yes,Punjab,Lahore,8,289
1000000000790,Ali Khan,Active,Yes,Punjab,Lahore,8,290
1000000000791,Faisal Ansari,Active,Yes,Punjab,Lahore,8,291
1000000000792,Ali Jan,Active,Yes,Punjab,Lahore,8,292
1000000000793,Hamza Shah,Active,Yes,Punjab,Lahore,8,293
1000000000794,Hira Shah,Active,Yes,Punjab,Lahore,8,294
1000000000795,Fatima Qureshi,Active,Yes,Punjab,Lahore,8,295
1000000000796,Hamza Shah,Active,Yes,Punjab,Lahore,8,296
1000000000797,Kashif Qureshi,Active,Yes,Punjab,Lahore,8,297
1000000000798,Ahmed Chaudhry,Active,Yes,Punjab,Lahore,8,298
1000000000799,Kamran Laghari,Active,Yes,Punjab,Lahore,8,299
1000000000800,Sidra Ahmed,Active,Yes,Punjab,Lahore,8,300
1000000000801,Saad Ahmed,Active,Yes,Punjab,Lahore,9,301
1000000000802,Sidra Raza,Active,Yes,Punjab,Lahore,9,302
1000000000803,Kamran Gul,Active,Yes,Punjab,Lahore,9,303
1000000000804,Muhammad Siddiqui,Active,Yes,Punjab,Lahore,9,304
1000000000805,Sidra Raza,Active,Yes,Punjab,Lahore,9,305
1000000000806,Adnan Mengal,Active,Yes,Punjab,Lahore,9,306
1000000000807,Muhammad Qureshi,Active,Yes,Punjab,Lahore,9,307
1000000000808,Shahid Mirza,Active,Yes,Punjab,Lahore,9,308
1000000000809,Yasir Ansari,Active,Yes,Punjab,Lahore,9,309
1000000000810,Iqra Mengal,Active,Yes,Punjab,Lahore,9,310
1000000000811,Zeeshan Khan,Active,Yes,Punjab,Lahore,9,311
1000000000812,Shahid Khan,Active,Yes,Punjab,Lahore,9,312
1000000000813,Rashid Ahmed,Active,Yes,Punjab,Lahore,9,313
1000000000814,Hamza Khattak,Active,Yes,Punjab,Lahore,9,314
1000000000815,Babar Mirza,Active,Yes,Punjab,Lahore,9,315
1000000000816,Iqra Malik,Active,Yes,Punjab,Lahore,9,316
1000000000817,Junaid Ansari,Active,Yes,Punjab,Lahore,9,317
1000000000818,Ahmed Khattak,Active,Yes,Punjab,Lahore,9,318
1000000000819,Shahid Shah,Active,Yes,Punjab,Lahore,9,319
1000000000820,Muhammad Chaudhry,Active,Yes,Punjab,Lahore,9,320
1000000000821,Hira Bhatti,Active,Yes,Punjab,Lahore,9,321
1000000000822,Saad Chaudhry,Active,Yes,Punjab,Lahore,9,322
1000000000823,Rabia Baig,Active,Yes,Punjab,Lahore,9,323
1000000000824,Arsalan Mengal,Active,Yes,Punjab,Lahore,9,324
1000000000825,Farhan Abbasi,Active,Yes,Punjab,Lahore,9,325
1000000000826,Sidra Mahar,Active,Yes,Punjab,Lahore,9,326
1000000000827,Rabia Sheikh,Active,Yes,Punjab,Lahore,9,327
1000000000828,Arsalan Gul,Active,Yes,Punjab,Lahore,9,328
1000000000829,Faisal Siddiqui,Active,Yes,Punjab,Lahore,9,329
1000000000830,Ayesha Raza,Active,Yes,Punjab,Lahore,9,330
1000000000831,Fatima Khattak,Active,Yes,Punjab,Lahore,9,331
1000000000832,Zubair Baig,Active,Yes,Punjab,Lahore,9,332
1000000000833,Usman Ansari,Active,Yes,Punjab,Lahore,9,333
1000000000834,Maryam Baig,Active,Yes,Punjab,Lahore,9,334
1000000000835,Junaid Ahmed,Active,Yes,Punjab,Lahore,9,335
1000000000836,Rabia Bhatti,Active,Yes,Punjab,Lahore,9,336
1000000000837,Bilal Malik,Active,Yes,Punjab,Lahore,9,337
1000000000838,Zeeshan Qureshi,Active,Yes,Punjab,Lahore,9,338
1000000000839,Ahmed Bhatti,Active,Yes,Punjab,Lahore,9,339
1000000000840,Kashif Raza,Active,Yes,Punjab,Lahore,9,340
1000000000841,Shahid Jan,Active,Yes,Punjab,Lahore,9,341
1000000000842,Kashif Butt,Active,Yes,Punjab,Lahore,9,342
1000000000843,Adnan Raza,Active,Yes,Punjab,Lahore,9,343
1000000000844,Babar Shah,Active,Yes,Punjab,Lahore,9,344
1000000000845,Yasir Mirza,Active,Yes,Punjab,Lahore,9,345
1000000000846,Asim Malik,Active,Yes,Punjab,Lahore,9,346
1000000000847,Asim Laghari,Active,Yes,Punjab,Lahore,9,347
1000000000848,Muhammad Sheikh,Active,Yes,Punjab,Lahore,9,348
1000000000849,Samina Qureshi,Active,Yes,Punjab,Lahore,9,349
1000000000850,Zainab Abbasi,Active,Yes,Punjab,Lahore,9,350
1000000000851,Ayesha Shah,Active,Yes,Punjab,Lahore,9,351
1000000000852,Sidra Mengal,Active,Yes,Punjab,Lahore,9,352
1000000000853,Hira Raza,Active,Yes,Punjab,Lahore,9,353
1000000000854,Rashid Tareen,Active,Yes,Punjab,Lahore,9,354
1000000000855,Saad Ahmed,Active,Yes,Punjab,Lahore,9,355
1000000000856,Imran Mengal,Active,Yes,Punjab,Lahore,9,356
1000000000857,Arsalan Sheikh,Active,Yes,Punjab,Lahore,9,357
1000000000858,Usman Raza,Active,Yes,Punjab,Lahore,9,358
1000000000859,Hira Tareen,Active,Yes,Punjab,Lahore,9,359
1000000000860,Junaid Ansari,Active,Yes,Punjab,Lahore,9,360
1000000000861,Hira Siddiqui,Active,Yes,Punjab,Lahore,9,361
1000000000862,Arsalan Baig,Active,Yes,Punjab,Lahore,9,362
1000000000863,Waqas Gul,Active,Yes,Punjab,Lahore,9,363
1000000000864,Arsalan Mengal,Active,Yes,Punjab,Lahore,9,364
1000000000865,Shahid Mahar,Active,Yes,Punjab,Lahore,9,365
1000000000866,Rabia Mengal,Active,Yes,Punjab,Lahore,9,366
1000000000867,Iqra Mahar,Active,Yes,Punjab,Lahore,9,367
1000000000868,Sidra Baig,Active,Yes,Punjab,Lahore,9,368
1000000000869,Zainab Mengal,Active,Yes,Punjab,Lahore,9,369
1000000000870,Farhan Laghari,Active,Yes,Punjab,Lahore,9,370
1000000000871,Saad Baig,Active,Yes,Punjab,Lahore,9,371
1000000000872,Fatima Baig,Active,Yes,Punjab,Lahore,9,372
1000000000873,Samina Ahmed,Active,Yes,Punjab,Lahore,9,373
1000000000874,Bilal Sheikh,Active,Yes,Punjab,Lahore,9,374
1000000000875,Saad Laghari,Active,Yes,Punjab,Lahore,9,375
1000000000876,Kamran Bhatti,Active,Yes,Punjab,Lahore,9,376
1000000000877,Shahid Memon,Active,Yes,Punjab,Lahore,9,377
1000000000878,Shahid Malik,Active,Yes,Punjab,Lahore,9,378
1000000000879,Asim Mengal,Active,Yes,Punjab,Lahore,9,379
1000000000880,Hira Chaudhry,Active,Yes,Punjab,Lahore,9,380
1000000000881,Bilal Mahar,Active,Yes,Punjab,Lahore,9,381
1000000000882,Zeeshan Qureshi,Active,Yes,Punjab,Lahore,9,382
1000000000883,Kamran Malik,Active,Yes,Punjab,Lahore,9,383
1000000000884,Ayesha Abbasi,Active,Yes,Punjab,Lahore,9,384
1000000000885,Zainab Rind,Active,Yes,Punjab,Lahore,9,385
1000000000886,Rashid Tareen,Active,Yes,Punjab,Lahore,9,386
1000000000887,Zubair Tareen,Active,Yes,Punjab,Lahore,9,387
1000000000888,Zeeshan Ansari,Active,Yes,Punjab,Lahore,9,388
1000000000889,Kamran Bugti,Active,Yes,Punjab,Lahore,9,389
1000000000890,Ali Laghari,Active,Yes,Punjab,Lahore,9,390
1000000000891,Naveed Laghari,Active,Yes,Punjab,Lahore,9,391
1000000000892,Naveed Ansari,Active,Yes,Punjab,Lahore,9,392
1000000000893,Babar Laghari,Active,Yes,Punjab,Lahore,9,393
1000000000894,Adnan Sheikh,Active,Yes,Punjab,Lahore,9,394
1000000000895,Bilal Raza,Active,Yes,Punjab,Lahore,9,395
1000000000896,Babar Mahar,Active,Yes,Punjab,Lahore,9,396
1000000000897,Yasir Mengal,Active,Yes,Punjab,Lahore,9,397
1000000000898,Fatima Butt,Active,Yes,Punjab,Lahore,9,398
1000000000899,Fatima Malik,Active,Yes,Punjab,Lahore,9,399
1000000000900,Junaid Butt,Active,Yes,Punjab,Lahore,9,400
1000000000901,Arsalan Memon,Active,Yes,Punjab,Lahore,10,401
1000000000902,Adnan Ansari,Active,Yes,Punjab,Lahore,10,402
1000000000903,Ahmed Abbasi,Active,Yes,Punjab,Lahore,10,403
1000000000904,Maryam Khan,Active,Yes,Punjab,Lahore,10,404
1000000000905,Babar Ahmed,Active,Yes,Punjab,Lahore,10,405
1000000000906,Samina Raza,Active,Yes,Punjab,Lahore,10,406
1000000000907,Kamran Laghari,Active,Yes,Punjab,Lahore,10,407
1000000000908,Sana Ahmed,Active,Yes,Punjab,Lahore,10,408
1000000000909,Adnan Siddiqui,Active,Yes,Punjab,Lahore,10,409
1000000000910,Usman Bugti,Active,Yes,Punjab,Lahore,10,410
1000000000911,Hamza Mahar,Active,Yes,Punjab,Lahore,10,411
1000000000912,Kashif Sheikh,Active,Yes,Punjab,Lahore,10,412
1000000000913,Sidra Tareen,Active,Yes,Punjab,Lahore,10,413
1000000000914,Rashid Khattak,Active,Yes,Punjab,Lahore,10,414
1000000000915,Naveed Gul,Active,Yes,Punjab,Lahore,10,415
1000000000916,Asim Shah,Active,Yes,Punjab,Lahore,10,416
1000000000917,Hamza Qureshi,Active,Yes,Punjab,Lahore,10,417
1000000000918,Muhammad Rind,Active,Yes,Punjab,Lahore,10,418
1000000000919,Muhammad Shah,Active,Yes,Punjab,Lahore,10,419
1000000000920,Imran Baig,Active,Yes,Punjab,Lahore,10,420
1000000000921,Hira Mahar,Active,Yes,Punjab,Lahore,10,421
1000000000922,Maryam Bugti,Active,Yes,Punjab,Lahore,10,422
1000000000923,Ahmed Bugti,Active,Yes,Punjab,Lahore,10,423
1000000000924,Junaid Khan,Active,Yes,Punjab,Lahore,10,424
1000000000925,Iqra Butt,Active,Yes,Punjab,Lahore,10,425
1000000000926,Arsalan Bhatti,Active,Yes,Punjab,Lahore,10,426
1000000000927,Farhan Butt,Active,Yes,Punjab,Lahore,10,427
1000000000928,Sana Siddiqui,Active,Yes,Punjab,Lahore,10,428
1000000000929,Usman Mahar,Active,Yes,Punjab,Lahore,10,429
1000000000930,Babar Qureshi,Active,Yes,Punjab,Lahore,10,430
1000000000931,Bilal Mirza,Active,Yes,Punjab,Lahore,10,431
1000000000932,Ayesha Shah,Active,Yes,Punjab,Lahore,10,432
1000000000933,Usman Shah,Active,Yes,Punjab,Lahore,10,433
1000000000934,Naveed Ansari,Active,Yes,Punjab,Lahore,10,434
1000000000935,Ali Mahar,Active,Yes,Punjab,Lahore,10,435
1000000000936,Fatima Mengal,Active,Yes,Punjab,Lahore,10,436
1000000000937,Shahid Bugti,Active,Yes,Punjab,Lahore,10,437
1000000000938,Bilal Rind,Active,Yes,Punjab,Lahore,10,438
1000000000939,Ayesha Siddiqui,Active,Yes,Punjab,Lahore,10,439
1000000000940,Naveed Abbasi,Active,Yes,Punjab,Lahore,10,440
1000000000941,Kashif Chaudhry,Active,Yes,Punjab,Lahore,10,441
1000000000942,Adnan Raza,Active,Yes,Punjab,Lahore,10,442
1000000000943,Kamran Mirza,Active,Yes,Punjab,Lahore,10,443
1000000000944,Zainab Rind,Active,Yes,Punjab,Lahore,10,444
1000000000945,Zeeshan Sheikh,Active,Yes,Punjab,Lahore,10,445
1000000000946,Fatima Rind,Active,Yes,Punjab,Lahore,10,446
1000000000947,Imran Mengal,Active,Yes,Punjab,Lahore,10,447
1000000000948,Farhan Mirza,Active,Yes,Punjab,Lahore,10,448
1000000000949,Faisal Bhatti,Active,Yes,Punjab,Lahore,10,449
1000000000950,Sana Raza,Active,Yes,Punjab,Lahore,10,450
1000000000951,Asim Raza,Active,Yes,Punjab,Lahore,10,451
1000000000952,Kashif Chaudhry,Active,Yes,Punjab,Lahore,10,452
1000000000953,Farhan Tareen,Active,Yes,Punjab,Lahore,10,453
1000000000954,Hamza Malik,Active,Yes,Punjab,Lahore,10,454
1000000000955,Yasir Khan,Active,Yes,Punjab,Lahore,10,455
1000000000956,Babar Abbasi,Active,Yes,Punjab,Lahore,10,456
1000000000957,Yasir Siddiqui,Active,Yes,Punjab,Lahore,10,457
1000000000958,Yasir Laghari,Active,Yes,Punjab,Lahore,10,458
1000000000959,Ahmed Bhatti,Active,Yes,Punjab,Lahore,10,459
1000000000960,Saad Sheikh,Active,Yes,Punjab,Lahore,10,460
1000000000961,Muhammad Sheikh,Active,Yes,Punjab,Lahore,10,461
1000000000962,Yasir Rind,Active,Yes,Punjab,Lahore,10,462
1000000000963,Babar Khan,Active,Yes,Punjab,Lahore,10,463
1000000000964,Usman Laghari,Active,Yes,Punjab,Lahore,10,464
1000000000965,Sidra Khattak,Active,Yes,Punjab,Lahore,10,465
1000000000966,Tariq Siddiqui,Active,Yes,Punjab,Lahore,10,466
1000000000967,Saad Bhatti,Active,Yes,Punjab,Lahore,10,467
1000000000968,Ali Abbasi,Active,Yes,Punjab,Lahore,10,468
1000000000969,Junaid Jan,Active,Yes,Punjab,Lahore,10,469
1000000000970,Hamza Malik,Active,Yes,Punjab,Lahore,10,470
1000000000971,Arsalan Tareen,Active,Yes,Punjab,Lahore,10,471
1000000000972,Imran Ansari,Active,Yes,Punjab,Lahore,10,472
1000000000973,Sidra Raza,Active,Yes,Punjab,Lahore,10,473
1000000000974,Maryam Butt,Active,Yes,Punjab,Lahore,10,474
1000000000975,Farhan Qureshi,Active,Yes,Punjab,Lahore,10,475
1000000000976,Saad Mahar,Active,Yes,Punjab,Lahore,10,476
1000000000977,Zeeshan Mirza,Active,Yes,Punjab,Lahore,10,477
1000000000978,Hira Mengal,Active,Yes,Punjab,Lahore,10,478
1000000000979,Sidra Gul,Active,Yes,Punjab,Lahore,10,479
1000000000980,Sidra Sheikh,Active,Yes,Punjab,Lahore,10,480
1000000000981,Tariq Raza,Active,Yes,Punjab,Lahore,10,481
1000000000982,Asim Laghari,Active,Yes,Punjab,Lahore,10,482
1000000000983,Rashid Abbasi,Active,Yes,Punjab,Lahore,10,483
1000000000984,Zeeshan Siddiqui,Active,Yes,Punjab,Lahore,10,484
1000000000985,Samina Butt,Active,Yes,Punjab,Lahore,10,485
1000000000986,Maryam Sheikh,Active,Yes,Punjab,Lahore,10,486
1000000000987,Rashid Siddiqui,Active,Yes,Punjab,Lahore,10,487
1000000000988,Rashid Sheikh,Active,Yes,Punjab,Lahore,10,488
1000000000989,Rabia Chaudhry,Active,Yes,Punjab,Lahore,10,489
1000000000990,Saad Chaudhry,Active,Yes,Punjab,Lahore,10,490
1000000000991,Farhan Rind,Active,Yes,Punjab,Lahore,10,491
1000000000992,Rashid Malik,Active,Yes,Punjab,Lahore,10,492
1000000000993,Fatima Mirza,Active,Yes,Punjab,Lahore,10,493
1000000000994,Imran Bugti,Active,Yes,Punjab,Lahore,10,494
1000000000995,Zeeshan Bugti,Active,Yes,Punjab,Lahore,10,495
1000000000996,Naveed Malik,Active,Yes,Punjab,Lahore,10,496
1000000000997,Zubair Ahmed,Active,Yes,Punjab,Lahore,10,497
1000000000998,Saad Qureshi,Active,Yes,Punjab,Lahore,10,498
1000000000999,Junaid Shah,Active,Yes,Punjab,Lahore,10,499
1000000001000,Ali Siddiqui,Active,Yes,Punjab,Lahore,10,500
1000000001001,Imran Mirza,Active,Yes,Sindh,Karachi,11,1
1000000001002,Maryam Khan,Active,Yes,Sindh,Karachi,11,2
1000000001003,Kashif Shah,Active,Yes,Sindh,Karachi,11,3
1000000001004,Maryam Qureshi,Active,Yes,Sindh,Karachi,11,4
1000000001005,Ali Rind,Active,Yes,Sindh,Karachi,11,5
1000000001006,Kamran Malik,Active,Yes,Sindh,Karachi,11,6
1000000001007,Zeeshan Gul,Active,Yes,Sindh,Karachi,11,7
1000000001008,Arsalan Mengal,Active,Yes,Sindh,Karachi,11,8
1000000001009,Muhammad Qureshi,Active,Yes,Sindh,Karachi,11,9
1000000001010,Muhammad Mahar,Active,Yes,Sindh,Karachi,11,10
1000000001011,Asim Malik,Active,Yes,Sindh,Karachi,11,11
1000000001012,Imran Rind,Active,Yes,Sindh,Karachi,11,12
1000000001013,Maryam Tareen,Active,Yes,Sindh,Karachi,11,13
1000000001014,Zainab Chaudhry,Active,Yes,Sindh,Karachi,11,14
1000000001015,Bilal Rind,Active,Yes,Sindh,Karachi,11,15
1000000001016,Yasir Gul,Active,Yes,Sindh,Karachi,11,16
1000000001017,Usman Mirza,Active,Yes,Sindh,Karachi,11,17
1000000001018,Hamza Ahmed,Active,Yes,Sindh,Karachi,11,18
1000000001019,Bilal Ahmed,Active,Yes,Sindh,Karachi,11,19
1000000001020,Zainab Tareen,Active,Yes,Sindh,Karachi,11,20
1000000001021,Rabia Sheikh,Active,Yes,Sindh,Karachi,11,21
1000000001022,Usman Gul,Active,Yes,Sindh,Karachi,11,22
1000000001023,Ali Ansari,Active,Yes,Sindh,Karachi,11,23
1000000001024,Faisal Jan,Active,Yes,Sindh,Karachi,11,24
1000000001025,Naveed Khan,Active,Yes,Sindh,Karachi,11,25
1000000001026,Zubair Khattak,Active,Yes,Sindh,Karachi,11,26
1000000001027,Hira Bugti,Active,Yes,Sindh,Karachi,11,27
1000000001028,Hamza Memon,Active,Yes,Sindh,Karachi,11,28
1000000001029,Zainab Baig,Active,Yes,Sindh,Karachi,11,29
1000000001030,Waqas Mengal,Active,Yes,Sindh,Karachi,11,30
1000000001031,Zubair Siddiqui,Active,Yes,Sindh,Karachi,11,31
1000000001032,Faisal Bugti,Active,Yes,Sindh,Karachi,11,32
1000000001033,Rashid Chaudhry,Active,Yes,Sindh,Karachi,11,33
1000000001034,Zubair Siddiqui,Active,Yes,Sindh,Karachi,11,34
1000000001035,Hamza Khattak,Active,Yes,Sindh,Karachi,11,35
1000000001036,Babar Mengal,Active,Yes,Sindh,Karachi,11,36
1000000001037,Arsalan Ansari,Active,Yes,Sindh,Karachi,11,37
1000000001038,Sana Malik,Active,Yes,Sindh,Karachi,11,38
1000000001039,Muhammad Bhatti,Active,Yes,Sindh,Karachi,11,39
1000000001040,Farhan Baig,Active,Yes,Sindh,Karachi,11,40
1000000001041,Maryam Siddiqui,Active,Yes,Sindh,Karachi,11,41
1000000001042,Ayesha Khan,Active,Yes,Sindh,Karachi,11,42
1000000001043,Arsalan Mengal,Active,Yes,Sindh,Karachi,11,43
1000000001044,Saad Bugti,Active,Yes,Sindh,Karachi,11,44
1000000001045,Imran Tareen,Active,Yes,Sindh,Karachi,11,45
1000000001046,Shahid Khattak,Active,Yes,Sindh,Karachi,11,46
1000000001047,Fatima Baig,Active,Yes,Sindh,Karachi,11,47
1000000001048,Babar Abbasi,Active,Yes,Sindh,Karachi,11,48
1000000001049,Tariq Bugti,Active,Yes,Sindh,Karachi,11,49
1000000001050,Muhammad Raza,Active,Yes,Sindh,Karachi,11,50
1000000001051,Asim Rind,Active,Yes,Sindh,Karachi,11,51
1000000001052,Asim Ansari,Active,Yes,Sindh,Karachi,11,52
1000000001053,Kamran Mirza,Active,Yes,Sindh,Karachi,11,53
1000000001054,Zubair Bugti,Active,Yes,Sindh,Karachi,11,54
1000000001055,Yasir Khan,Active,Yes,Sindh,Karachi,11,55
1000000001056,Bilal Shah,Active,Yes,Sindh,Karachi,11,56
1000000001057,Naveed Khattak,Active,Yes,Sindh,Karachi,11,57
1000000001058,Kashif Raza,Active,Yes,Sindh,Karachi,11,58
1000000001059,Faisal Sheikh,Active,Yes,Sindh,Karachi,11,59
1000000001060,Ahmed Chaudhry,Active,Yes,Sindh,Karachi,11,60
1000000001061,Hira Chaudhry,Active,Yes,Sindh,Karachi,11,61
1000000001062,Fatima Tareen,Active,Yes,Sindh,Karachi,11,62
1000000001063,Zeeshan Mahar,Active,Yes,Sindh,Karachi,11,63
1000000001064,Waqas Sheikh,Active,Yes,Sindh,Karachi,11,64
1000000001065,Sidra Mahar,Active,Yes,Sindh,Karachi,11,65
1000000001066,Saad Malik,Active,Yes,Sindh,Karachi,11,66
1000000001067,Sana Butt,Active,Yes,Sindh,Karachi,11,67
1000000001068,Kashif Sheikh,Active,Yes,Sindh,Karachi,11,68
1000000001069,Naveed Khattak,Active,Yes,Sindh,Karachi,11,69
1000000001070,Maryam Siddiqui,Active,Yes,Sindh,Karachi,11,70
1000000001071,Rashid Tareen,Active,Yes,Sindh,Karachi,11,71
1000000001072,Farhan Mengal,Active,Yes,Sindh,Karachi,11,72
1000000001073,Muhammad Laghari,Active,Yes,Sindh,Karachi,11,73
1000000001074,Imran Baig,Active,Yes,Sindh,Karachi,11,74
1000000001075,Rashid Raza,Active,Yes,Sindh,Karachi,11,75
1000000001076,Naveed Laghari,Active,Yes,Sindh,Karachi,11,76
1000000001077,Ahmed Mengal,Active,Yes,Sindh,Karachi,11,77
1000000001078,Iqra Butt,Active,Yes,Sindh,Karachi,11,78
1000000001079,Sana Tareen,Active,Yes,Sindh,Karachi,11,79
1000000001080,Farhan Khan,Active,Yes,Sindh,Karachi,11,80
1000000001081,Ayesha Bugti,Active,Yes,Sindh,Karachi,11,81
1000000001082,Sana Shah,Active,Yes,Sindh,Karachi,11,82
1000000001083,Saad Siddiqui,Active,Yes,Sindh,Karachi,11,83
1000000001084,Adnan Memon,Active,Yes,Sindh,Karachi,11,84
1000000001085,Iqra Chaudhry,Active,Yes,Sindh,Karachi,11,85
1000000001086,Rashid Memon,Active,Yes,Sindh,Karachi,11,86
1000000001087,Maryam Khan,Active,Yes,Sindh,Karachi,11,87
1000000001088,Farhan Siddiqui,Active,Yes,Sindh,Karachi,11,88
1000000001089,Arsalan Siddiqui,Active,Yes,Sindh,Karachi,11,89
1000000001090,Bilal Khattak,Active,Yes,Sindh,Karachi,11,90
1000000001091,Naveed Bhatti,Active,Yes,Sindh,Karachi,11,91
1000000001092,Samina Khan,Active,Yes,Sindh,Karachi,11,92
1000000001093,Junaid Khan,Active,Yes,Sindh,Karachi,11,93
1000000001094,Hamza Abbasi,Active,Yes,Sindh,Karachi,11,94
1000000001095,Ayesha Siddiqui,Active,Yes,Sindh,Karachi,11,95
1000000001096,Hira Ansari,Active,Yes,Sindh,Karachi,11,96
1000000001097,Zeeshan Memon,Active,Yes,Sindh,Karachi,11,97
1000000001098,Iqra Ahmed,Active,Yes,Sindh,Karachi,11,98
1000000001099,Junaid Khattak,Active,Yes,Sindh,Karachi,11,99
1000000001100,Naveed Bhatti,Active,Yes,Sindh,Karachi,11,100
1000000001101,Saad Raza,Active,Yes,Sindh,Karachi,12,101
1000000001102,Fatima Baig,Active,Yes,Sindh,Karachi,12,102
1000000001103,Usman Bugti,Active,Yes,Sindh,Karachi,12,103
1000000001104,Zeeshan Siddiqui,Active,Yes,Sindh,Karachi,12,104
1000000001105,Hira Ahmed,Active,Yes,Sindh,Karachi,12,105
1000000001106,Imran Khattak,Active,Yes,Sindh,Karachi,12,106
1000000001107,Sana Khan,Active,Yes,Sindh,Karachi,12,107
1000000001108,Fatima Memon,Active,Yes,Sindh,Karachi,12,108
1000000001109,Babar Malik,Active,Yes,Sindh,Karachi,12,109
1000000001110,Kashif Baig,Active,Yes,Sindh,Karachi,12,110
1000000001111,Hira Abbasi,Active,Yes,Sindh,Karachi,12,111
1000000001112,Zainab Mahar,Active,Yes,Sindh,Karachi,12,112
1000000001113,Asim Bhatti,Active,Yes,Sindh,Karachi,12,113
1000000001114,Zainab Laghari,Active,Yes,Sindh,Karachi,12,114
1000000001115,Adnan Raza,Active,Yes,Sindh,Karachi,12,115
1000000001116,Ali Bhatti,Active,Yes,Sindh,Karachi,12,116
1000000001117,Bilal Mahar,Active,Yes,Sindh,Karachi,12,117
1000000001118,Tariq Tareen,Active,Yes,Sindh,Karachi,12,118
1000000001119,Babar Mahar,Active,Yes,Sindh,Karachi,12,119
1000000001120,Saad Qureshi,Active,Yes,Sindh,Karachi,12,120
1000000001121,Imran Khattak,Active,Yes,Sindh,Karachi,12,121
1000000001122,Bilal Bugti,Active,Yes,Sindh,Karachi,12,122
1000000001123,Faisal Khan,Active,Yes,Sindh,Karachi,12,123
1000000001124,Bilal Khattak,Active,Yes,Sindh,Karachi,12,124
1000000001125,Usman Tareen,Active,Yes,Sindh,Karachi,12,125
1000000001126,Usman Abbasi,Active,Yes,Sindh,Karachi,12,126
1000000001127,Asim Ansari,Active,Yes,Sindh,Karachi,12,127
1000000001128,Ali Gul,Active,Yes,Sindh,Karachi,12,128
1000000001129,Adnan Memon,Active,Yes,Sindh,Karachi,12,129
1000000001130,Rashid Raza,Active,Yes,Sindh,Karachi,12,130
1000000001131,Bilal Laghari,Active,Yes,Sindh,Karachi,12,131
1000000001132,Ali Rind,Active,Yes,Sindh,Karachi,12,132
1000000001133,Imran Qureshi,Active,Yes,Sindh,Karachi,12,133
1000000001134,Samina Ahmed,Active,Yes,Sindh,Karachi,12,134
1000000001135,Waqas Mirza,Active,Yes,Sindh,Karachi,12,135
1000000001136,Adnan Butt,Active,Yes,Sindh,Karachi,12,136
1000000001137,Hamza Chaudhry,Active,Yes,Sindh,Karachi,12,137
1000000001138,Tariq Malik,Active,Yes,Sindh,Karachi,12,138
1000000001139,Farhan Abbasi,Active,Yes,Sindh,Karachi,12,139
1000000001140,Hamza Shah,Active,Yes,Sindh,Karachi,12,140
1000000001141,Rashid Memon,Active,Yes,Sindh,Karachi,12,141
1000000001142,Hira Memon,Active,Yes,Sindh,Karachi,12,142
1000000001143,Sidra Sheikh,Active,Yes,Sindh,Karachi,12,143
1000000001144,Imran Shah,Active,Yes,Sindh,Karachi,12,144
1000000001145,Yasir Bugti,Active,Yes,Sindh,Karachi,12,145
1000000001146,Rabia Tareen,Active,Yes,Sindh,Karachi,12,146
1000000001147,Maryam Laghari,Active,Yes,Sindh,Karachi,12,147
1000000001148,Ahmed Siddiqui,Active,Yes,Sindh,Karachi,12,148
1000000001149,Imran Baig,Active,Yes,Sindh,Karachi,12,149
1000000001150,Arsalan Gul,Active,Yes,Sindh,Karachi,12,150
1000000001151,Ali Khan,Active,Yes,Sindh,Karachi,12,151
1000000001152,Imran Ansari,Active,Yes,Sindh,Karachi,12,152
1000000001153,Rabia Bugti,Active,Yes,Sindh,Karachi,12,153
1000000001154,Imran Raza,Active,Yes,Sindh,Karachi,12,154
1000000001155,Kamran Tareen,Active,Yes,Sindh,Karachi,12,155
1000000001156,Tariq Bhatti,Active,Yes,Sindh,Karachi,12,156
1000000001157,Hira Tareen,Active,Yes,Sindh,Karachi,12,157
1000000001158,Kamran Jan,Active,Yes,Sindh,Karachi,12,158
1000000001159,Bilal Baig,Active,Yes,Sindh,Karachi,12,159
1000000001160,Ayesha Mahar,Active,Yes,Sindh,Karachi,12,160
1000000001161,Hira Jan,Active,Yes,Sindh,Karachi,12,161
1000000001162,Faisal Chaudhry,Active,Yes,Sindh,Karachi,12,162
1000000001163,Samina Laghari,Active,Yes,Sindh,Karachi,12,163
1000000001164,Yasir Chaudhry,Active,Yes,Sindh,Karachi,12,164
1000000001165,Shahid Bhatti,Active,Yes,Sindh,Karachi,12,165
1000000001166,Tariq Malik,Active,Yes,Sindh,Karachi,12,166
1000000001167,Bilal Siddiqui,Active,Yes,Sindh,Karachi,12,167
1000000001168,Ayesha Baig,Active,Yes,Sindh,Karachi,12,168
1000000001169,Ayesha Bhatti,Active,Yes,Sindh,Karachi,12,169
1000000001170,Ayesha Rind,Active,Yes,Sindh,Karachi,12,170
1000000001171,Adnan Chaudhry,Active,Yes,Sindh,Karachi,12,171
1000000001172,Kashif Raza,Active,Yes,Sindh,Karachi,12,172
1000000001173,Sana Malik,Active,Yes,Sindh,Karachi,12,173
1000000001174,Maryam Mengal,Active,Yes,Sindh,Karachi,12,174
1000000001175,Sidra Sheikh,Active,Yes,Sindh,Karachi,12,175
1000000001176,Asim Raza,Active,Yes,Sindh,Karachi,12,176
1000000001177,Saad Sheikh,Active,Yes,Sindh,Karachi,12,177
1000000001178,Fatima Malik,Active,Yes,Sindh,Karachi,12,178
1000000001179,Asim Abbasi,Active,Yes,Sindh,Karachi,12,179
1000000001180,Fatima Shah,Active,Yes,Sindh,Karachi,12,180
1000000001181,Saad Malik,Active,Yes,Sindh,Karachi,12,181
1000000001182,Waqas Gul,Active,Yes,Sindh,Karachi,12,182
1000000001183,Hira Mahar,Active,Yes,Sindh,Karachi,12,183
1000000001184,Fatima Khattak,Active,Yes,Sindh,Karachi,12,184
1000000001185,Rashid Memon,Active,Yes,Sindh,Karachi,12,185
1000000001186,Ayesha Abbasi,Active,Yes,Sindh,Karachi,12,186
1000000001187,Imran Butt,Active,Yes,Sindh,Karachi,12,187
1000000001188,Zeeshan Rind,Active,Yes,Sindh,Karachi,12,188
1000000001189,Faisal Mirza,Active,Yes,Sindh,Karachi,12,189
1000000001190,Imran Mahar,Active,Yes,Sindh,Karachi,12,190
1000000001191,Ayesha Mahar,Active,Yes,Sindh,Karachi,12,191
1000000001192,Sana Sheikh,Active,Yes,Sindh,Karachi,12,192
1000000001193,Hamza Malik,Active,Yes,Sindh,Karachi,12,193
1000000001194,Ayesha Khattak,Active,Yes,Sindh,Karachi,12,194
1000000001195,Kamran Sheikh,Active,Yes,Sindh,Karachi,12,195
1000000001196,Kashif Malik,Active,Yes,Sindh,Karachi,12,196
1000000001197,Naveed Baig,Active,Yes,Sindh,Karachi,12,197
1000000001198,Rabia Bugti,Active,Yes,Sindh,Karachi,12,198
1000000001199,Bilal Mengal,Active,Yes,Sindh,Karachi,12,199
1000000001200,Faisal Laghari,Active,Yes,Sindh,Karachi,12,200
1000000001201,Fatima Baig,Active,Yes,Sindh,Karachi,13,201
1000000001202,Farhan Abbasi,Active,Yes,Sindh,Karachi,13,202
1000000001203,Faisal Ansari,Active,Yes,Sindh,Karachi,13,203
1000000001204,Rashid Khan,Active,Yes,Sindh,Karachi,13,204
1000000001205,Muhammad Memon,Active,Yes,Sindh,Karachi,13,205
1000000001206,Tariq Ansari,Active,Yes,Sindh,Karachi,13,206
1000000001207,Muhammad Memon,Active,Yes,Sindh,Karachi,13,207
1000000001208,Rashid Gul,Active,Yes,Sindh,Karachi,13,208
1000000001209,Ayesha Ansari,Active,Yes,Sindh,Karachi,13,209
1000000001210,Junaid Gul,Active,Yes,Sindh,Karachi,13,210
1000000001211,Muhammad Gul,Active,Yes,Sindh,Karachi,13,211
1000000001212,Hira Bugti,Active,Yes,Sindh,Karachi,13,212
1000000001213,Adnan Mahar,Active,Yes,Sindh,Karachi,13,213
1000000001214,Junaid Siddiqui,Active,Yes,Sindh,Karachi,13,214
1000000001215,Faisal Khan,Active,Yes,Sindh,Karachi,13,215
1000000001216,Sana Memon,Active,Yes,Sindh,Karachi,13,216
1000000001217,Hira Mirza,Active,Yes,Sindh,Karachi,13,217
1000000001218,Hira Mirza,Active,Yes,Sindh,Karachi,13,218
1000000001219,Fatima Mengal,Active,Yes,Sindh,Karachi,13,219
1000000001220,Maryam Khan,Active,Yes,Sindh,Karachi,13,220
1000000001221,Adnan Abbasi,Active,Yes,Sindh,Karachi,13,221
1000000001222,Muhammad Abbasi,Active,Yes,Sindh,Karachi,13,222
1000000001223,Imran Gul,Active,Yes,Sindh,Karachi,13,223
1000000001224,Imran Baig,Active,Yes,Sindh,Karachi,13,224
1000000001225,Asim Malik,Active,Yes,Sindh,Karachi,13,225
1000000001226,Tariq Abbasi,Active,Yes,Sindh,Karachi,13,226
1000000001227,Zubair Chaudhry,Active,Yes,Sindh,Karachi,13,227
1000000001228,Arsalan Khan,Active,Yes,Sindh,Karachi,13,228
1000000001229,Samina Chaudhry,Active,Yes,Sindh,Karachi,13,229
1000000001230,Hira Khan,Active,Yes,Sindh,Karachi,13,230
1000000001231,Zubair Mahar,Active,Yes,Sindh,Karachi,13,231
1000000001232,Samina Gul,Active,Yes,Sindh,Karachi,13,232
1000000001233,Faisal Qureshi,Active,Yes,Sindh,Karachi,13,233
1000000001234,Samina Bhatti,Active,Yes,Sindh,Karachi,13,234
1000000001235,Faisal Qureshi,Active,Yes,Sindh,Karachi,13,235
1000000001236,Shahid Khattak,Active,Yes,Sindh,Karachi,13,236
1000000001237,Ahmed Rind,Active,Yes,Sindh,Karachi,13,237
1000000001238,Hamza Bugti,Active,Yes,Sindh,Karachi,13,238
1000000001239,Samina Sheikh,Active,Yes,Sindh,Karachi,13,239
1000000001240,Junaid Shah,Active,Yes,Sindh,Karachi,13,240
1000000001241,Rashid Raza,Active,Yes,Sindh,Karachi,13,241
1000000001242,Kashif Memon,Active,Yes,Sindh,Karachi,13,242
1000000001243,Sidra Chaudhry,Active,Yes,Sindh,Karachi,13,243
1000000001244,Sana Laghari,Active,Yes,Sindh,Karachi,13,244
1000000001245,Asim Siddiqui,Active,Yes,Sindh,Karachi,13,245
1000000001246,Maryam Shah,Active,Yes,Sindh,Karachi,13,246
1000000001247,Farhan Baig,Active,Yes,Sindh,Karachi,13,247
1000000001248,Iqra Malik,Active,Yes,Sindh,Karachi,13,248
1000000001249,Asim Mahar,Active,Yes,Sindh,Karachi,13,249
1000000001250,Fatima Raza,Active,Yes,Sindh,Karachi,13,250
1000000001251,Hira Qureshi,Active,Yes,Sindh,Karachi,13,251
1000000001252,Hamza Butt,Active,Yes,Sindh,Karachi,13,252
1000000001253,Zainab Laghari,Active,Yes,Sindh,Karachi,13,253
1000000001254,Zeeshan Mirza,Active,Yes,Sindh,Karachi,13,254
1000000001255,Asim Chaudhry,Active,Yes,Sindh,Karachi,13,255
1000000001256,Farhan Malik,Active,Yes,Sindh,Karachi,13,256
1000000001257,Rashid Abbasi,Active,Yes,Sindh,Karachi,13,257
1000000001258,Bilal Malik,Active,Yes,Sindh,Karachi,13,258
1000000001259,Adnan Memon,Active,Yes,Sindh,Karachi,13,259
1000000001260,Zainab Siddiqui,Active,Yes,Sindh,Karachi,13,260
1000000001261,Zubair Ahmed,Active,Yes,Sindh,Karachi,13,261
1000000001262,Iqra Rind,Active,Yes,Sindh,Karachi,13,262
1000000001263,Babar Laghari,Active,Yes,Sindh,Karachi,13,263
1000000001264,Bilal Bhatti,Active,Yes,Sindh,Karachi,13,264
1000000001265,Usman Bhatti,Active,Yes,Sindh,Karachi,13,265
1000000001266,Muhammad Raza,Active,Yes,Sindh,Karachi,13,266
1000000001267,Babar Malik,Active,Yes,Sindh,Karachi,13,267
1000000001268,Iqra Butt,Active,Yes,Sindh,Karachi,13,268
1000000001269,Hamza Tareen,Active,Yes,Sindh,Karachi,13,269
1000000001270,Iqra Tareen,Active,Yes,Sindh,Karachi,13,270
1000000001271,Muhammad Siddiqui,Active,Yes,Sindh,Karachi,13,271
1000000001272,Adnan Laghari,Active,Yes,Sindh,Karachi,13,272
1000000001273,Muhammad Malik,Active,Yes,Sindh,Karachi,13,273
1000000001274,Junaid Mengal,Active,Yes,Sindh,Karachi,13,274
1000000001275,Imran Laghari,Active,Yes,Sindh,Karachi,13,275
1000000001276,Maryam Siddiqui,Active,Yes,Sindh,Karachi,13,276
1000000001277,Hamza Bhatti,Active,Yes,Sindh,Karachi,13,277
1000000001278,Fatima Baig,Active,Yes,Sindh,Karachi,13,278
1000000001279,Shahid Malik,Active,Yes,Sindh,Karachi,13,279
1000000001280,Arsalan Shah,Active,Yes,Sindh,Karachi,13,280
1000000001281,Kashif Bugti,Active,Yes,Sindh,Karachi,13,281
1000000001282,Fatima Malik,Active,Yes,Sindh,Karachi,13,282
1000000001283,Iqra Baig,Active,Yes,Sindh,Karachi,13,283
1000000001284,Muhammad Shah,Active,Yes,Sindh,Karachi,13,284
1000000001285,Faisal Laghari,Active,Yes,Sindh,Karachi,13,285
1000000001286,Asim Mahar,Active,Yes,Sindh,Karachi,13,286
1000000001287,Hamza Abbasi,Active,Yes,Sindh,Karachi,13,287
1000000001288,Hamza Siddiqui,Active,Yes,Sindh,Karachi,13,288
1000000001289,Ali Qureshi,Active,Yes,Sindh,Karachi,13,289
1000000001290,Bilal Jan,Active,Yes,Sindh,Karachi,13,290
1000000001291,Zeeshan Ahmed,Active,Yes,Sindh,Karachi,13,291
1000000001292,Rabia Mahar,Active,Yes,Sindh,Karachi,13,292
1000000001293,Adnan Memon,Active,Yes,Sindh,Karachi,13,293
1000000001294,Ahmed Tareen,Active,Yes,Sindh,Karachi,13,294
1000000001295,Asim Tareen,Active,Yes,Sindh,Karachi,13,295
1000000001296,Bilal Baig,Active,Yes,Sindh,Karachi,13,296
1000000001297,Iqra Abbasi,Active,Yes,Sindh,Karachi,13,297
1000000001298,Naveed Bugti,Active,Yes,Sindh,Karachi,13,298
1000000001299,Zainab Laghari,Active,Yes,Sindh,Karachi,13,299
1000000001300,Babar Rind,Active,Yes,Sindh,Karachi,13,300
1000000001301,Faisal Rind,Active,Yes,Sindh,Karachi,14,301
1000000001302,Yasir Mengal,Active,Yes,Sindh,Karachi,14,302
1000000001303,Kashif Ansari,Active,Yes,Sindh,Karachi,14,303
1000000001304,Tariq Baig,Active,Yes,Sindh,Karachi,14,304
1000000001305,Junaid Qureshi,Active,Yes,Sindh,Karachi,14,305
1000000001306,Sidra Ansari,Active,Yes,Sindh,Karachi,14,306
1000000001307,Iqra Abbasi,Active,Yes,Sindh,Karachi,14,307
1000000001308,Tariq Raza,Active,Yes,Sindh,Karachi,14,308
1000000001309,Junaid Mahar,Active,Yes,Sindh,Karachi,14,309
1000000001310,Zeeshan Mahar,Active,Yes,Sindh,Karachi,14,310
1000000001311,Faisal Chaudhry,Active,Yes,Sindh,Karachi,14,311
1000000001312,Iqra Abbasi,Active,Yes,Sindh,Karachi,14,312
1000000001313,Usman Mahar,Active,Yes,Sindh,Karachi,14,313
1000000001314,Shahid Butt,Active,Yes,Sindh,Karachi,14,314
1000000001315,Adnan Laghari,Active,Yes,Sindh,Karachi,14,315
1000000001316,Rabia Ahmed,Active,Yes,Sindh,Karachi,14,316
1000000001317,Asim Rind,Active,Yes,Sindh,Karachi,14,317
1000000001318,Arsalan Ahmed,Active,Yes,Sindh,Karachi,14,318
1000000001319,Kashif Raza,Active,Yes,Sindh,Karachi,14,319
1000000001320,Ali Butt,Active,Yes,Sindh,Karachi,14,320
1000000001321,Fatima Baig,Active,Yes,Sindh,Karachi,14,321
1000000001322,Muhammad Malik,Active,Yes,Sindh,Karachi,14,322
1000000001323,Iqra Sheikh,Active,Yes,Sindh,Karachi,14,323
1000000001324,Sana Ahmed,Active,Yes,Sindh,Karachi,14,324
1000000001325,Waqas Sheikh,Active,Yes,Sindh,Karachi,14,325
1000000001326,Ahmed Qureshi,Active,Yes,Sindh,Karachi,14,326
1000000001327,Kashif Bhatti,Active,Yes,Sindh,Karachi,14,327
1000000001328,Bilal Rind,Active,Yes,Sindh,Karachi,14,328
1000000001329,Fatima Ansari,Active,Yes,Sindh,Karachi,14,329
1000000001330,Maryam Ansari,Active,Yes,Sindh,Karachi,14,330
1000000001331,Bilal Khan,Active,Yes,Sindh,Karachi,14,331
1000000001332,Kashif Mahar,Active,Yes,Sindh,Karachi,14,332
1000000001333,Asim Raza,Active,Yes,Sindh,Karachi,14,333
1000000001334,Zeeshan Khan,Active,Yes,Sindh,Karachi,14,334
1000000001335,Zeeshan Khan,Active,Yes,Sindh,Karachi,14,335
1000000001336,Tariq Bhatti,Active,Yes,Sindh,Karachi,14,336
1000000001337,Junaid Rind,Active,Yes,Sindh,Karachi,14,337
1000000001338,Fatima Sheikh,Active,Yes,Sindh,Karachi,14,338
1000000001339,Yasir Shah,Active,Yes,Sindh,Karachi,14,339
1000000001340,Zubair Malik,Active,Yes,Sindh,Karachi,14,340
1000000001341,Arsalan Bhatti,Active,Yes,Sindh,Karachi,14,341
1000000001342,Sidra Chaudhry,Active,Yes,Sindh,Karachi,14,342
1000000001343,Hira Mengal,Active,Yes,Sindh,Karachi,14,343
1000000001344,Waqas Jan,Active,Yes,Sindh,Karachi,14,344
1000000001345,Tariq Memon,Active,Yes,Sindh,Karachi,14,345
1000000001346,Adnan Sheikh,Active,Yes,Sindh,Karachi,14,346
1000000001347,Maryam Mengal,Active,Yes,Sindh,Karachi,14,347
1000000001348,Saad Butt,Active,Yes,Sindh,Karachi,14,348
1000000001349,Iqra Gul,Active,Yes,Sindh,Karachi,14,349
1000000001350,Ayesha Gul,Active,Yes,Sindh,Karachi,14,350
1000000001351,Ahmed Raza,Active,Yes,Sindh,Karachi,14,351
1000000001352,Imran Ansari,Active,Yes,Sindh,Karachi,14,352
1000000001353,Naveed Mengal,Active,Yes,Sindh,Karachi,14,353
1000000001354,Saad Laghari,Active,Yes,Sindh,Karachi,14,354
1000000001355,Ali Chaudhry,Active,Yes,Sindh,Karachi,14,355
1000000001356,Ahmed Shah,Active,Yes,Sindh,Karachi,14,356
1000000001357,Zainab Butt,Active,Yes,Sindh,Karachi,14,357
1000000001358,Naveed Gul,Active,Yes,Sindh,Karachi,14,358
1000000001359,Sidra Chaudhry,Active,Yes,Sindh,Karachi,14,359
1000000001360,Shahid Jan,Active,Yes,Sindh,Karachi,14,360
1000000001361,Zainab Sheikh,Active,Yes,Sindh,Karachi,14,361
1000000001362,Zubair Shah,Active,Yes,Sindh,Karachi,14,362
1000000001363,Kashif Ahmed,Active,Yes,Sindh,Karachi,14,363
1000000001364,Rabia Ahmed,Active,Yes,Sindh,Karachi,14,364
1000000001365,Tariq Ansari,Active,Yes,Sindh,Karachi,14,365
1000000001366,Kamran Jan,Active,Yes,Sindh,Karachi,14,366
1000000001367,Arsalan Abbasi,Active,Yes,Sindh,Karachi,14,367
1000000001368,Rabia Bhatti,Active,Yes,Sindh,Karachi,14,368
1000000001369,Waqas Mahar,Active,Yes,Sindh,Karachi,14,369
1000000001370,Rabia Chaudhry,Active,Yes,Sindh,Karachi,14,370
1000000001371,Ayesha Ansari,Active,Yes,Sindh,Karachi,14,371
1000000001372,Waqas Qureshi,Active,Yes,Sindh,Karachi,14,372
1000000001373,Ayesha Mengal,Active,Yes,Sindh,Karachi,14,373
1000000001374,Samina Siddiqui,Active,Yes,Sindh,Karachi,14,374
1000000001375,Zubair Abbasi,Active,Yes,Sindh,Karachi,14,375
1000000001376,Rabia Memon,Active,Yes,Sindh,Karachi,14,376
1000000001377,Babar Tareen,Active,Yes,Sindh,Karachi,14,377
1000000001378,Imran Gul,Active,Yes,Sindh,Karachi,14,378
1000000001379,Rashid Shah,Active,Yes,Sindh,Karachi,14,379
1000000001380,Fatima Ahmed,Active,Yes,Sindh,Karachi,14,380
1000000001381,Rashid Rind,Active,Yes,Sindh,Karachi,14,381
1000000001382,Asim Siddiqui,Active,Yes,Sindh,Karachi,14,382
1000000001383,Faisal Qureshi,Active,Yes,Sindh,Karachi,14,383
1000000001384,Kamran Chaudhry,Active,Yes,Sindh,Karachi,14,384
1000000001385,Tariq Malik,Active,Yes,Sindh,Karachi,14,385
1000000001386,Muhammad Malik,Active,Yes,Sindh,Karachi,14,386
1000000001387,Muhammad Mengal,Active,Yes,Sindh,Karachi,14,387
1000000001388,Ayesha Ahmed,Active,Yes,Sindh,Karachi,14,388
1000000001389,Sana Bhatti,Active,Yes,Sindh,Karachi,14,389
1000000001390,Saad Qureshi,Active,Yes,Sindh,Karachi,14,390
1000000001391,Junaid Butt,Active,Yes,Sindh,Karachi,14,391
1000000001392,Usman Bhatti,Active,Yes,Sindh,Karachi,14,392
1000000001393,Tariq Bhatti,Active,Yes,Sindh,Karachi,14,393
1000000001394,Iqra Qureshi,Active,Yes,Sindh,Karachi,14,394
1000000001395,Ayesha Ansari,Active,Yes,Sindh,Karachi,14,395
1000000001396,Iqra Jan,Active,Yes,Sindh,Karachi,14,396
1000000001397,Arsalan Butt,Active,Yes,Sindh,Karachi,14,397
1000000001398,Faisal Malik,Active,Yes,Sindh,Karachi,14,398
1000000001399,Ahmed Bugti,Active,Yes,Sindh,Karachi,14,399
1000000001400,Waqas Ansari,Active,Yes,Sindh,Karachi,14,400
1000000001401,Babar Bugti,Active,Yes,Sindh,Karachi,15,401
1000000001402,Rabia Qureshi,Active,Yes,Sindh,Karachi,15,402
1000000001403,Zeeshan Tareen,Active,Yes,Sindh,Karachi,15,403
1000000001404,Arsalan Abbasi,Active,Yes,Sindh,Karachi,15,404
1000000001405,Farhan Abbasi,Active,Yes,Sindh,Karachi,15,405
1000000001406,Fatima Ahmed,Active,Yes,Sindh,Karachi,15,406
1000000001407,Hira Khan,Active,Yes,Sindh,Karachi,15,407
1000000001408,Zubair Jan,Active,Yes,Sindh,Karachi,15,408
1000000001409,Ahmed Chaudhry,Active,Yes,Sindh,Karachi,15,409
1000000001410,Bilal Raza,Active,Yes,Sindh,Karachi,15,410
1000000001411,Sana Abbasi,Active,Yes,Sindh,Karachi,15,411
1000000001412,Naveed Raza,Active,Yes,Sindh,Karachi,15,412
1000000001413,Zubair Sheikh,Active,Yes,Sindh,Karachi,15,413
1000000001414,Zubair Jan,Active,Yes,Sindh,Karachi,15,414
1000000001415,Shahid Ansari,Active,Yes,Sindh,Karachi,15,415
1000000001416,Kamran Sheikh,Active,Yes,Sindh,Karachi,15,416
1000000001417,Zeeshan Qureshi,Active,Yes,Sindh,Karachi,15,417
1000000001418,Zubair Sheikh,Active,Yes,Sindh,Karachi,15,418
1000000001419,Junaid Ahmed,Active,Yes,Sindh,Karachi,15,419
1000000001420,Ayesha Raza,Active,Yes,Sindh,Karachi,15,420
1000000001421,Ayesha Bugti,Active,Yes,Sindh,Karachi,15,421
1000000001422,Naveed Shah,Active,Yes,Sindh,Karachi,15,422
1000000001423,Kamran Gul,Active,Yes,Sindh,Karachi,15,423
1000000001424,Waqas Sheikh,Active,Yes,Sindh,Karachi,15,424
1000000001425,Ali Gul,Active,Yes,Sindh,Karachi,15,425
1000000001426,Junaid Ahmed,Active,Yes,Sindh,Karachi,15,426
1000000001427,Arsalan Malik,Active,Yes,Sindh,Karachi,15,427
1000000001428,Waqas Butt,Active,Yes,Sindh,Karachi,15,428
1000000001429,Hira Raza,Active,Yes,Sindh,Karachi,15,429
1000000001430,Bilal Jan,Active,Yes,Sindh,Karachi,15,430
1000000001431,Adnan Shah,Active,Yes,Sindh,Karachi,15,431
1000000001432,Muhammad Ahmed,Active,Yes,Sindh,Karachi,15,432
1000000001433,Zainab Baig,Active,Yes,Sindh,Karachi,15,433
1000000001434,Shahid Sheikh,Active,Yes,Sindh,Karachi,15,434
1000000001435,Hamza Chaudhry,Active,Yes,Sindh,Karachi,15,435
1000000001436,Samina Mirza,Active,Yes,Sindh,Karachi,15,436
1000000001437,Sana Shah,Active,Yes,Sindh,Karachi,15,437
1000000001438,Rabia Jan,Active,Yes,Sindh,Karachi,15,438
1000000001439,Bilal Raza,Active,Yes,Sindh,Karachi,15,439
1000000001440,Bilal Khattak,Active,Yes,Sindh,Karachi,15,440
1000000001441,Imran Mengal,Active,Yes,Sindh,Karachi,15,441
1000000001442,Ali Bhatti,Active,Yes,Sindh,Karachi,15,442
1000000001443,Saad Mengal,Active,Yes,Sindh,Karachi,15,443
1000000001444,Farhan Mirza,Active,Yes,Sindh,Karachi,15,444
1000000001445,Bilal Malik,Active,Yes,Sindh,Karachi,15,445
1000000001446,Kamran Jan,Active,Yes,Sindh,Karachi,15,446
1000000001447,Imran Khan,Active,Yes,Sindh,Karachi,15,447
1000000001448,Maryam Chaudhry,Active,Yes,Sindh,Karachi,15,448
1000000001449,Muhammad Siddiqui,Active,Yes,Sindh,Karachi,15,449
1000000001450,Fatima Rind,Active,Yes,Sindh,Karachi,15,450
1000000001451,Saad Tareen,Active,Yes,Sindh,Karachi,15,451
1000000001452,Kashif Mahar,Active,Yes,Sindh,Karachi,15,452
1000000001453,Kamran Butt,Active,Yes,Sindh,Karachi,15,453
1000000001454,Arsalan Mengal,Active,Yes,Sindh,Karachi,15,454
1000000001455,Sidra Rind,Active,Yes,Sindh,Karachi,15,455
1000000001456,Hamza Ansari,Active,Yes,Sindh,Karachi,15,456
1000000001457,Naveed Memon,Active,Yes,Sindh,Karachi,15,457
1000000001458,Usman Mahar,Active,Yes,Sindh,Karachi,15,458
1000000001459,Iqra Khan,Active,Yes,Sindh,Karachi,15,459
1000000001460,Ahmed Gul,Active,Yes,Sindh,Karachi,15,460
1000000001461,Tariq Shah,Active,Yes,Sindh,Karachi,15,461
1000000001462,Fatima Abbasi,Active,Yes,Sindh,Karachi,15,462
1000000001463,Usman Khan,Active,Yes,Sindh,Karachi,15,463
1000000001464,Rashid Ansari,Active,Yes,Sindh,Karachi,15,464
1000000001465,Yasir Jan,Active,Yes,Sindh,Karachi,15,465
1000000001466,Kashif Qureshi,Active,Yes,Sindh,Karachi,15,466
1000000001467,Bilal Khan,Active,Yes,Sindh,Karachi,15,467
1000000001468,Hira Malik,Active,Yes,Sindh,Karachi,15,468
1000000001469,Naveed Baig,Active,Yes,Sindh,Karachi,15,469
1000000001470,Ayesha Mirza,Active,Yes,Sindh,Karachi,15,470
1000000001471,Junaid Mahar,Active,Yes,Sindh,Karachi,15,471
1000000001472,Sana Mirza,Active,Yes,Sindh,Karachi,15,472
1000000001473,Zainab Jan,Active,Yes,Sindh,Karachi,15,473
1000000001474,Arsalan Shah,Active,Yes,Sindh,Karachi,15,474
1000000001475,Zeeshan Abbasi,Active,Yes,Sindh,Karachi,15,475
1000000001476,Zeeshan Bhatti,Active,Yes,Sindh,Karachi,15,476
1000000001477,Shahid Jan,Active,Yes,Sindh,Karachi,15,477
1000000001478,Naveed Baig,Active,Yes,Sindh,Karachi,15,478
1000000001479,Ali Gul,Active,Yes,Sindh,Karachi,15,479
1000000001480,Kamran Qureshi,Active,Yes,Sindh,Karachi,15,480
1000000001481,Ahmed Siddiqui,Active,Yes,Sindh,Karachi,15,481
1000000001482,Bilal Shah,Active,Yes,Sindh,Karachi,15,482
1000000001483,Muhammad Mengal,Active,Yes,Sindh,Karachi,15,483
1000000001484,Zubair Memon,Active,Yes,Sindh,Karachi,15,484
1000000001485,Rabia Jan,Active,Yes,Sindh,Karachi,15,485
1000000001486,Zeeshan Khattak,Active,Yes,Sindh,Karachi,15,486
1000000001487,Zainab Abbasi,Active,Yes,Sindh,Karachi,15,487
1000000001488,Kashif Laghari,Active,Yes,Sindh,Karachi,15,488
1000000001489,Adnan Abbasi,Active,Yes,Sindh,Karachi,15,489
1000000001490,Farhan Khan,Active,Yes,Sindh,Karachi,15,490
1000000001491,Sidra Laghari,Active,Yes,Sindh,Karachi,15,491
1000000001492,Samina Gul,Active,Yes,Sindh,Karachi,15,492
1000000001493,Zeeshan Mengal,Active,Yes,Sindh,Karachi,15,493
1000000001494,Shahid Qureshi,Active,Yes,Sindh,Karachi,15,494
1000000001495,Farhan Khattak,Active,Yes,Sindh,Karachi,15,495
1000000001496,Sana Abbasi,Active,Yes,Sindh,Karachi,15,496
1000000001497,Zeeshan Laghari,Active,Yes,Sindh,Karachi,15,497
1000000001498,Usman Butt,Active,Yes,Sindh,Karachi,15,498
1000000001499,Yasir Ansari,Active,Yes,Sindh,Karachi,15,499
1000000001500,Faisal Shah,Active,Yes,Sindh,Karachi,15,500
1000000001501,Naveed Siddiqui,Active,Yes,Khyber Pakhtunkhwa,Peshawar,16,1
1000000001502,Rashid Jan,Active,Yes,Khyber Pakhtunkhwa,Peshawar,16,2
1000000001503,Kashif Qureshi,Active,Yes,Khyber Pakhtunkhwa,Peshawar,16,3
1000000001504,Junaid Malik,Active,Yes,Khyber Pakhtunkhwa,Peshawar,16,4
1000000001505,Hamza Mahar,Active,Yes,Khyber Pakhtunkhwa,Peshawar,16,5
1000000001506,Waqas Laghari,Active,Yes,Khyber Pakhtunkhwa,Peshawar,16,6
1000000001507,Adnan Shah,Active,Yes,Khyber Pakhtunkhwa,Peshawar,16,7
1000000001508,Naveed Ahmed,Active,Yes,Khyber Pakhtunkhwa,Peshawar,16,8
1000000001509,Usman Raza,Active,Yes,Khyber Pakhtunkhwa,Peshawar,16,9
1000000001510,Rashid Bhatti,Active,Yes,Khyber Pakhtunkhwa,Peshawar,16,10
1000000001511,Zainab Malik,Active,Yes,Khyber Pakhtunkhwa,Peshawar,16,11
1000000001512,Yasir Memon,Active,Yes,Khyber Pakhtunkhwa,Peshawar,16,12
1000000001513,Kashif Malik,Active,Yes,Khyber Pakhtunkhwa,Peshawar,16,13
1000000001514,Samina Sheikh,Active,Yes,Khyber Pakhtunkhwa,Peshawar,16,14
1000000001515,Zubair Khan,Active,Yes,Khyber Pakhtunkhwa,Peshawar,16,15
1000000001516,Hamza Shah,Active,Yes,Khyber Pakhtunkhwa,Peshawar,16,16
1000000001517,Hira Tareen,Active,Yes,Khyber Pakhtunkhwa,Peshawar,16,17
1000000001518,Muhammad Rind,Active,Yes,Khyber Pakhtunkhwa,Peshawar,16,18
1000000001519,Adnan Mirza,Active,Yes,Khyber Pakhtunkhwa,Peshawar,16,19
1000000001520,Kamran Memon,Active,Yes,Khyber Pakhtunkhwa,Peshawar,16,20
1000000001521,Ayesha Bhatti,Active,Yes,Khyber Pakhtunkhwa,Peshawar,16,21
1000000001522,Samina Butt,Active,Yes,Khyber Pakhtunkhwa,Peshawar,16,22
1000000001523,Rabia Chaudhry,Active,Yes,Khyber Pakhtunkhwa,Peshawar,16,23
1000000001524,Maryam Ansari,Active,Yes,Khyber Pakhtunkhwa,Peshawar,16,24
1000000001525,Zainab Memon,Active,Yes,Khyber Pakhtunkhwa,Peshawar,16,25
1000000001526,Tariq Siddiqui,Active,Yes,Khyber Pakhtunkhwa,Peshawar,16,26
1000000001527,Ali Mahar,Active,Yes,Khyber Pakhtunkhwa,Peshawar,16,27
1000000001528,Hira Tareen,Active,Yes,Khyber Pakhtunkhwa,Peshawar,16,28
1000000001529,Kashif Chaudhry,Active,Yes,Khyber Pakhtunkhwa,Peshawar,16,29
1000000001530,Junaid Memon,Active,Yes,Khyber Pakhtunkhwa,Peshawar,16,30
1000000001531,Samina Khan,Active,Yes,Khyber Pakhtunkhwa,Peshawar,16,31
1000000001532,Shahid Abbasi,Active,Yes,Khyber Pakhtunkhwa,Peshawar,16,32
1000000001533,Iqra Siddiqui,Active,Yes,Khyber Pakhtunkhwa,Peshawar,16,33
1000000001534,Samina Abbasi,Active,Yes,Khyber Pakhtunkhwa,Peshawar,16,34
1000000001535,Adnan Malik,Active,Yes,Khyber Pakhtunkhwa,Peshawar,16,35
1000000001536,Sidra Raza,Active,Yes,Khyber Pakhtunkhwa,Peshawar,16,36
1000000001537,Zubair Laghari,Active,Yes,Khyber Pakhtunkhwa,Peshawar,16,37
1000000001538,Waqas Bhatti,Active,Yes,Khyber Pakhtunkhwa,Peshawar,16,38
1000000001539,Shahid Chaudhry,Active,Yes,Khyber Pakhtunkhwa,Peshawar,16,39
1000000001540,Waqas Jan,Active,Yes,Khyber Pakhtunkhwa,Peshawar,16,40
1000000001541,Saad Shah,Active,Yes,Khyber Pakhtunkhwa,Peshawar,16,41
1000000001542,Shahid Mirza,Active,Yes,Khyber Pakhtunkhwa,Peshawar,16,42
1000000001543,Hira Baig,Active,Yes,Khyber Pakhtunkhwa,Peshawar,16,43
1000000001544,Imran Butt,Active,Yes,Khyber Pakhtunkhwa,Peshawar,16,44
1000000001545,Zubair Baig,Active,Yes,Khyber Pakhtunkhwa,Peshawar,16,45
1000000001546,Naveed Gul,Active,Yes,Khyber Pakhtunkhwa,Peshawar,16,46
1000000001547,Zeeshan Mahar,Active,Yes,Khyber Pakhtunkhwa,Peshawar,16,47
1000000001548,Fatima Ansari,Active,Yes,Khyber Pakhtunkhwa,Peshawar,16,48
1000000001549,Iqra Laghari,Active,Yes,Khyber Pakhtunkhwa,Peshawar,16,49
1000000001550,Rashid Mahar,Active,Yes,Khyber Pakhtunkhwa,Peshawar,16,50
1000000001551,Usman Tareen,Active,Yes,Khyber Pakhtunkhwa,Peshawar,16,51
1000000001552,Sana Laghari,Active,Yes,Khyber Pakhtunkhwa,Peshawar,16,52
1000000001553,Sidra Bugti,Active,Yes,Khyber Pakhtunkhwa,Peshawar,16,53
1000000001554,Hamza Mirza,Active,Yes,Khyber Pakhtunkhwa,Peshawar,16,54
1000000001555,Kamran Ahmed,Active,Yes,Khyber Pakhtunkhwa,Peshawar,16,55
1000000001556,Junaid Abbasi,Active,Yes,Khyber Pakhtunkhwa,Peshawar,16,56
1000000001557,Junaid Ansari,Active,Yes,Khyber Pakhtunkhwa,Peshawar,16,57
1000000001558,Hamza Malik,Active,Yes,Khyber Pakhtunkhwa,Peshawar,16,58
1000000001559,Zeeshan Laghari,Active,Yes,Khyber Pakhtunkhwa,Peshawar,16,59
1000000001560,Hira Bugti,Active,Yes,Khyber Pakhtunkhwa,Peshawar,16,60
1000000001561,Asim Sheikh,Active,Yes,Khyber Pakhtunkhwa,Peshawar,16,61
1000000001562,Asim Abbasi,Active,Yes,Khyber Pakhtunkhwa,Peshawar,16,62
1000000001563,Usman Tareen,Active,Yes,Khyber Pakhtunkhwa,Peshawar,16,63
1000000001564,Rabia Mengal,Active,Yes,Khyber Pakhtunkhwa,Peshawar,16,64
1000000001565,Zainab Chaudhry,Active,Yes,Khyber Pakhtunkhwa,Peshawar,16,65
1000000001566,Shahid Gul,Active,Yes,Khyber Pakhtunkhwa,Peshawar,16,66
1000000001567,Kashif Khan,Active,Yes,Khyber Pakhtunkhwa,Peshawar,16,67
1000000001568,Tariq Mengal,Active,Yes,Khyber Pakhtunkhwa,Peshawar,16,68
1000000001569,Kashif Raza,Active,Yes,Khyber Pakhtunkhwa,Peshawar,16,69
1000000001570,Hira Ahmed,Active,Yes,Khyber Pakhtunkhwa,Peshawar,16,70
1000000001571,Asim Sheikh,Active,Yes,Khyber Pakhtunkhwa,Peshawar,16,71
1000000001572,Asim Gul,Active,Yes,Khyber Pakhtunkhwa,Peshawar,16,72
1000000001573,Farhan Ansari,Active,Yes,Khyber Pakhtunkhwa,Peshawar,16,73
1000000001574,Sidra Baig,Active,Yes,Khyber Pakhtunkhwa,Peshawar,16,74
1000000001575,Kamran Mahar,Active,Yes,Khyber Pakhtunkhwa,Peshawar,16,75
1000000001576,Rabia Bhatti,Active,Yes,Khyber Pakhtunkhwa,Peshawar,16,76
1000000001577,Zubair Chaudhry,Active,Yes,Khyber Pakhtunkhwa,Peshawar,16,77
1000000001578,Iqra Bhatti,Active,Yes,Khyber Pakhtunkhwa,Peshawar,16,78
1000000001579,Zeeshan Raza,Active,Yes,Khyber Pakhtunkhwa,Peshawar,16,79
1000000001580,Zeeshan Malik,Active,Yes,Khyber Pakhtunkhwa,Peshawar,16,80
1000000001581,Babar Bhatti,Active,Yes,Khyber Pakhtunkhwa,Peshawar,16,81
1000000001582,Imran Ansari,Active,Yes,Khyber Pakhtunkhwa,Peshawar,16,82
1000000001583,Waqas Tareen,Active,Yes,Khyber Pakhtunkhwa,Peshawar,16,83
1000000001584,Shahid Khattak,Active,Yes,Khyber Pakhtunkhwa,Peshawar,16,84
1000000001585,Sana Khattak,Active,Yes,Khyber Pakhtunkhwa,Peshawar,16,85
1000000001586,Farhan Abbasi,Active,Yes,Khyber Pakhtunkhwa,Peshawar,16,86
1000000001587,Farhan Ansari,Active,Yes,Khyber Pakhtunkhwa,Peshawar,16,87
1000000001588,Zainab Memon,Active,Yes,Khyber Pakhtunkhwa,Peshawar,16,88
1000000001589,Samina Mirza,Active,Yes,Khyber Pakhtunkhwa,Peshawar,16,89
1000000001590,Fatima Tareen,Active,Yes,Khyber Pakhtunkhwa,Peshawar,16,90
1000000001591,Zainab Khan,Active,Yes,Khyber Pakhtunkhwa,Peshawar,16,91
1000000001592,Adnan Qureshi,Active,Yes,Khyber Pakhtunkhwa,Peshawar,16,92
1000000001593,Junaid Jan,Active,Yes,Khyber Pakhtunkhwa,Peshawar,16,93
1000000001594,Sidra Shah,Active,Yes,Khyber Pakhtunkhwa,Peshawar,16,94
1000000001595,Junaid Malik,Active,Yes,Khyber Pakhtunkhwa,Peshawar,16,95
1000000001596,Asim Raza,Active,Yes,Khyber Pakhtunkhwa,Peshawar,16,96
1000000001597,Zeeshan Baig,Active,Yes,Khyber Pakhtunkhwa,Peshawar,16,97
1000000001598,Zainab Memon,Active,Yes,Khyber Pakhtunkhwa,Peshawar,16,98
1000000001599,Ali Tareen,Active,Yes,Khyber Pakhtunkhwa,Peshawar,16,99
1000000001600,Hamza Ahmed,Active,Yes,Khyber Pakhtunkhwa,Peshawar,16,100
1000000001601,Naveed Mahar,Active,Yes,Khyber Pakhtunkhwa,Peshawar,17,101
1000000001602,Iqra Khattak,Active,Yes,Khyber Pakhtunkhwa,Peshawar,17,102
1000000001603,Kashif Memon,Active,Yes,Khyber Pakhtunkhwa,Peshawar,17,103
1000000001604,Saad Rind,Active,Yes,Khyber Pakhtunkhwa,Peshawar,17,104
1000000001605,Babar Abbasi,Active,Yes,Khyber Pakhtunkhwa,Peshawar,17,105
1000000001606,Sidra Ahmed,Active,Yes,Khyber Pakhtunkhwa,Peshawar,17,106
1000000001607,Maryam Khan,Active,Yes,Khyber Pakhtunkhwa,Peshawar,17,107
1000000001608,Tariq Shah,Active,Yes,Khyber Pakhtunkhwa,Peshawar,17,108
1000000001609,Yasir Malik,Active,Yes,Khyber Pakhtunkhwa,Peshawar,17,109
1000000001610,Kashif Butt,Active,Yes,Khyber Pakhtunkhwa,Peshawar,17,110
1000000001611,Zeeshan Bugti,Active,Yes,Khyber Pakhtunkhwa,Peshawar,17,111
1000000001612,Faisal Sheikh,Active,Yes,Khyber Pakhtunkhwa,Peshawar,17,112
1000000001613,Tariq Abbasi,Active,Yes,Khyber Pakhtunkhwa,Peshawar,17,113
1000000001614,Tariq Siddiqui,Active,Yes,Khyber Pakhtunkhwa,Peshawar,17,114
1000000001615,Arsalan Baig,Active,Yes,Khyber Pakhtunkhwa,Peshawar,17,115
1000000001616,Tariq Khan,Active,Yes,Khyber Pakhtunkhwa,Peshawar,17,116
1000000001617,Shahid Khattak,Active,Yes,Khyber Pakhtunkhwa,Peshawar,17,117
1000000001618,Adnan Sheikh,Active,Yes,Khyber Pakhtunkhwa,Peshawar,17,118
1000000001619,Arsalan Rind,Active,Yes,Khyber Pakhtunkhwa,Peshawar,17,119
1000000001620,Ayesha Rind,Active,Yes,Khyber Pakhtunkhwa,Peshawar,17,120
1000000001621,Zeeshan Memon,Active,Yes,Khyber Pakhtunkhwa,Peshawar,17,121
1000000001622,Bilal Mahar,Active,Yes,Khyber Pakhtunkhwa,Peshawar,17,122
1000000001623,Imran Khan,Active,Yes,Khyber Pakhtunkhwa,Peshawar,17,123
1000000001624,Asim Rind,Active,Yes,Khyber Pakhtunkhwa,Peshawar,17,124
1000000001625,Farhan Khan,Active,Yes,Khyber Pakhtunkhwa,Peshawar,17,125
1000000001626,Samina Qureshi,Active,Yes,Khyber Pakhtunkhwa,Peshawar,17,126
1000000001627,Kamran Mahar,Active,Yes,Khyber Pakhtunkhwa,Peshawar,17,127
1000000001628,Ahmed Jan,Active,Yes,Khyber Pakhtunkhwa,Peshawar,17,128
1000000001629,Fatima Rind,Active,Yes,Khyber Pakhtunkhwa,Peshawar,17,129
1000000001630,Yasir Abbasi,Active,Yes,Khyber Pakhtunkhwa,Peshawar,17,130
1000000001631,Saad Memon,Active,Yes,Khyber Pakhtunkhwa,Peshawar,17,131
1000000001632,Asim Khattak,Active,Yes,Khyber Pakhtunkhwa,Peshawar,17,132
1000000001633,Junaid Memon,Active,Yes,Khyber Pakhtunkhwa,Peshawar,17,133
1000000001634,Farhan Malik,Active,Yes,Khyber Pakhtunkhwa,Peshawar,17,134
1000000001635,Faisal Shah,Active,Yes,Khyber Pakhtunkhwa,Peshawar,17,135
1000000001636,Yasir Sheikh,Active,Yes,Khyber Pakhtunkhwa,Peshawar,17,136
1000000001637,Rashid Gul,Active,Yes,Khyber Pakhtunkhwa,Peshawar,17,137
1000000001638,Ali Khattak,Active,Yes,Khyber Pakhtunkhwa,Peshawar,17,138
1000000001639,Sana Ahmed,Active,Yes,Khyber Pakhtunkhwa,Peshawar,17,139
1000000001640,Shahid Bugti,Active,Yes,Khyber Pakhtunkhwa,Peshawar,17,140
1000000001641,Muhammad Shah,Active,Yes,Khyber Pakhtunkhwa,Peshawar,17,141
1000000001642,Sana Mirza,Active,Yes,Khyber Pakhtunkhwa,Peshawar,17,142
1000000001643,Imran Mirza,Active,Yes,Khyber Pakhtunkhwa,Peshawar,17,143
1000000001644,Zeeshan Rind,Active,Yes,Khyber Pakhtunkhwa,Peshawar,17,144
1000000001645,Kamran Ahmed,Active,Yes,Khyber Pakhtunkhwa,Peshawar,17,145
1000000001646,Faisal Mahar,Active,Yes,Khyber Pakhtunkhwa,Peshawar,17,146
1000000001647,Yasir Siddiqui,Active,Yes,Khyber Pakhtunkhwa,Peshawar,17,147
1000000001648,Iqra Laghari,Active,Yes,Khyber Pakhtunkhwa,Peshawar,17,148
1000000001649,Asim Chaudhry,Active,Yes,Khyber Pakhtunkhwa,Peshawar,17,149
1000000001650,Waqas Bhatti,Active,Yes,Khyber Pakhtunkhwa,Peshawar,17,150
1000000001651,Asim Malik,Active,Yes,Khyber Pakhtunkhwa,Peshawar,17,151
1000000001652,Naveed Mirza,Active,Yes,Khyber Pakhtunkhwa,Peshawar,17,152
1000000001653,Usman Chaudhry,Active,Yes,Khyber Pakhtunkhwa,Peshawar,17,153
1000000001654,Kamran Qureshi,Active,Yes,Khyber Pakhtunkhwa,Peshawar,17,154
1000000001655,Waqas Khattak,Active,Yes,Khyber Pakhtunkhwa,Peshawar,17,155
1000000001656,Hira Baig,Active,Yes,Khyber Pakhtunkhwa,Peshawar,17,156
1000000001657,Samina Gul,Active,Yes,Khyber Pakhtunkhwa,Peshawar,17,157
1000000001658,Ayesha Mengal,Active,Yes,Khyber Pakhtunkhwa,Peshawar,17,158
1000000001659,Ali Abbasi,Active,Yes,Khyber Pakhtunkhwa,Peshawar,17,159
1000000001660,Saad Sheikh,Active,Yes,Khyber Pakhtunkhwa,Peshawar,17,160
1000000001661,Fatima Siddiqui,Active,Yes,Khyber Pakhtunkhwa,Peshawar,17,161
1000000001662,Zubair Chaudhry,Active,Yes,Khyber Pakhtunkhwa,Peshawar,17,162
1000000001663,Maryam Baig,Active,Yes,Khyber Pakhtunkhwa,Peshawar,17,163
1000000001664,Imran Bhatti,Active,Yes,Khyber Pakhtunkhwa,Peshawar,17,164
1000000001665,Farhan Bugti,Active,Yes,Khyber Pakhtunkhwa,Peshawar,17,165
1000000001666,Sana Mahar,Active,Yes,Khyber Pakhtunkhwa,Peshawar,17,166
1000000001667,Ayesha Memon,Active,Yes,Khyber Pakhtunkhwa,Peshawar,17,167
1000000001668,Iqra Rind,Active,Yes,Khyber Pakhtunkhwa,Peshawar,17,168
1000000001669,Fatima Ahmed,Active,Yes,Khyber Pakhtunkhwa,Peshawar,17,169
1000000001670,Zubair Tareen,Active,Yes,Khyber Pakhtunkhwa,Peshawar,17,170
1000000001671,Ali Malik,Active,Yes,Khyber Pakhtunkhwa,Peshawar,17,171
1000000001672,Iqra Memon,Active,Yes,Khyber Pakhtunkhwa,Peshawar,17,172
1000000001673,Iqra Qureshi,Active,Yes,Khyber Pakhtunkhwa,Peshawar,17,173
1000000001674,Asim Abbasi,Active,Yes,Khyber Pakhtunkhwa,Peshawar,17,174
1000000001675,Shahid Raza,Active,Yes,Khyber Pakhtunkhwa,Peshawar,17,175
1000000001676,Usman Chaudhry,Active,Yes,Khyber Pakhtunkhwa,Peshawar,17,176
1000000001677,Fatima Shah,Active,Yes,Khyber Pakhtunkhwa,Peshawar,17,177
1000000001678,Rashid Ansari,Active,Yes,Khyber Pakhtunkhwa,Peshawar,17,178
1000000001679,Saad Shah,Active,Yes,Khyber Pakhtunkhwa,Peshawar,17,179
1000000001680,Sana Siddiqui,Active,Yes,Khyber Pakhtunkhwa,Peshawar,17,180
1000000001681,Yasir Memon,Active,Yes,Khyber Pakhtunkhwa,Peshawar,17,181
1000000001682,Tariq Chaudhry,Active,Yes,Khyber Pakhtunkhwa,Peshawar,17,182
1000000001683,Kamran Qureshi,Active,Yes,Khyber Pakhtunkhwa,Peshawar,17,183
1000000001684,Junaid Khan,Active,Yes,Khyber Pakhtunkhwa,Peshawar,17,184
1000000001685,Waqas Baig,Active,Yes,Khyber Pakhtunkhwa,Peshawar,17,185
1000000001686,Zainab Shah,Active,Yes,Khyber Pakhtunkhwa,Peshawar,17,186
1000000001687,Hamza Gul,Active,Yes,Khyber Pakhtunkhwa,Peshawar,17,187
1000000001688,Usman Abbasi,Active,Yes,Khyber Pakhtunkhwa,Peshawar,17,188
1000000001689,Hamza Khattak,Active,Yes,Khyber Pakhtunkhwa,Peshawar,17,189
1000000001690,Kamran Gul,Active,Yes,Khyber Pakhtunkhwa,Peshawar,17,190
1000000001691,Zainab Jan,Active,Yes,Khyber Pakhtunkhwa,Peshawar,17,191
1000000001692,Adnan Laghari,Active,Yes,Khyber Pakhtunkhwa,Peshawar,17,192
1000000001693,Hira Ahmed,Active,Yes,Khyber Pakhtunkhwa,Peshawar,17,193
1000000001694,Ayesha Siddiqui,Active,Yes,Khyber Pakhtunkhwa,Peshawar,17,194
1000000001695,Bilal Mirza,Active,Yes,Khyber Pakhtunkhwa,Peshawar,17,195
1000000001696,Maryam Butt,Active,Yes,Khyber Pakhtunkhwa,Peshawar,17,196
1000000001697,Sana Bugti,Active,Yes,Khyber Pakhtunkhwa,Peshawar,17,197
1000000001698,Usman Memon,Active,Yes,Khyber Pakhtunkhwa,Peshawar,17,198
1000000001699,Maryam Chaudhry,Active,Yes,Khyber Pakhtunkhwa,Peshawar,17,199
1000000001700,Junaid Mahar,Active,Yes,Khyber Pakhtunkhwa,Peshawar,17,200
1000000001701,Maryam Jan,Active,Yes,Khyber Pakhtunkhwa,Peshawar,18,201
1000000001702,Ayesha Bugti,Active,Yes,Khyber Pakhtunkhwa,Peshawar,18,202
1000000001703,Asim Qureshi,Active,Yes,Khyber Pakhtunkhwa,Peshawar,18,203
1000000001704,Zubair Abbasi,Active,Yes,Khyber Pakhtunkhwa,Peshawar,18,204
1000000001705,Zubair Rind,Active,Yes,Khyber Pakhtunkhwa,Peshawar,18,205
1000000001706,Iqra Bugti,Active,Yes,Khyber Pakhtunkhwa,Peshawar,18,206
1000000001707,Junaid Mirza,Active,Yes,Khyber Pakhtunkhwa,Peshawar,18,207
1000000001708,Usman Abbasi,Active,Yes,Khyber Pakhtunkhwa,Peshawar,18,208
1000000001709,Tariq Malik,Active,Yes,Khyber Pakhtunkhwa,Peshawar,18,209
1000000001710,Sana Mengal,Active,Yes,Khyber Pakhtunkhwa,Peshawar,18,210
1000000001711,Imran Shah,Active,Yes,Khyber Pakhtunkhwa,Peshawar,18,211
1000000001712,Usman Ansari,Active,Yes,Khyber Pakhtunkhwa,Peshawar,18,212
1000000001713,Adnan Memon,Active,Yes,Khyber Pakhtunkhwa,Peshawar,18,213
1000000001714,Shahid Qureshi,Active,Yes,Khyber Pakhtunkhwa,Peshawar,18,214
1000000001715,Hira Laghari,Active,Yes,Khyber Pakhtunkhwa,Peshawar,18,215
1000000001716,Sidra Bhatti,Active,Yes,Khyber Pakhtunkhwa,Peshawar,18,216
1000000001717,Imran Bhatti,Active,Yes,Khyber Pakhtunkhwa,Peshawar,18,217
1000000001718,Asim Bugti,Active,Yes,Khyber Pakhtunkhwa,Peshawar,18,218
1000000001719,Ali Raza,Active,Yes,Khyber Pakhtunkhwa,Peshawar,18,219
1000000001720,Saad Shah,Active,Yes,Khyber Pakhtunkhwa,Peshawar,18,220
1000000001721,Waqas Raza,Active,Yes,Khyber Pakhtunkhwa,Peshawar,18,221
1000000001722,Kashif Gul,Active,Yes,Khyber Pakhtunkhwa,Peshawar,18,222
1000000001723,Sidra Jan,Active,Yes,Khyber Pakhtunkhwa,Peshawar,18,223
1000000001724,Zeeshan Chaudhry,Active,Yes,Khyber Pakhtunkhwa,Peshawar,18,224
1000000001725,Ahmed Bhatti,Active,Yes,Khyber Pakhtunkhwa,Peshawar,18,225
1000000001726,Shahid Memon,Active,Yes,Khyber Pakhtunkhwa,Peshawar,18,226
1000000001727,Bilal Laghari,Active,Yes,Khyber Pakhtunkhwa,Peshawar,18,227
1000000001728,Ayesha Rind,Active,Yes,Khyber Pakhtunkhwa,Peshawar,18,228
1000000001729,Tariq Abbasi,Active,Yes,Khyber Pakhtunkhwa,Peshawar,18,229
1000000001730,Zainab Shah,Active,Yes,Khyber Pakhtunkhwa,Peshawar,18,230
1000000001731,Ayesha Gul,Active,Yes,Khyber Pakhtunkhwa,Peshawar,18,231
1000000001732,Zubair Bugti,Active,Yes,Khyber Pakhtunkhwa,Peshawar,18,232
1000000001733,Usman Mengal,Active,Yes,Khyber Pakhtunkhwa,Peshawar,18,233
1000000001734,Zeeshan Malik,Active,Yes,Khyber Pakhtunkhwa,Peshawar,18,234
1000000001735,Shahid Bhatti,Active,Yes,Khyber Pakhtunkhwa,Peshawar,18,235
1000000001736,Zeeshan Butt,Active,Yes,Khyber Pakhtunkhwa,Peshawar,18,236
1000000001737,Bilal Raza,Active,Yes,Khyber Pakhtunkhwa,Peshawar,18,237
1000000001738,Farhan Siddiqui,Active,Yes,Khyber Pakhtunkhwa,Peshawar,18,238
1000000001739,Zainab Butt,Active,Yes,Khyber Pakhtunkhwa,Peshawar,18,239
1000000001740,Iqra Jan,Active,Yes,Khyber Pakhtunkhwa,Peshawar,18,240
1000000001741,Yasir Siddiqui,Active,Yes,Khyber Pakhtunkhwa,Peshawar,18,241
1000000001742,Sidra Chaudhry,Active,Yes,Khyber Pakhtunkhwa,Peshawar,18,242
1000000001743,Tariq Malik,Active,Yes,Khyber Pakhtunkhwa,Peshawar,18,243
1000000001744,Ali Bugti,Active,Yes,Khyber Pakhtunkhwa,Peshawar,18,244
1000000001745,Arsalan Laghari,Active,Yes,Khyber Pakhtunkhwa,Peshawar,18,245
1000000001746,Shahid Tareen,Active,Yes,Khyber Pakhtunkhwa,Peshawar,18,246
1000000001747,Sana Laghari,Active,Yes,Khyber Pakhtunkhwa,Peshawar,18,247
1000000001748,Waqas Mengal,Active,Yes,Khyber Pakhtunkhwa,Peshawar,18,248
1000000001749,Naveed Mengal,Active,Yes,Khyber Pakhtunkhwa,Peshawar,18,249
1000000001750,Rabia Chaudhry,Active,Yes,Khyber Pakhtunkhwa,Peshawar,18,250
1000000001751,Shahid Mahar,Active,Yes,Khyber Pakhtunkhwa,Peshawar,18,251
1000000001752,Zainab Ansari,Active,Yes,Khyber Pakhtunkhwa,Peshawar,18,252
1000000001753,Fatima Malik,Active,Yes,Khyber Pakhtunkhwa,Peshawar,18,253
1000000001754,Zubair Ahmed,Active,Yes,Khyber Pakhtunkhwa,Peshawar,18,254
1000000001755,Zeeshan Mahar,Active,Yes,Khyber Pakhtunkhwa,Peshawar,18,255
1000000001756,Imran Sheikh,Active,Yes,Khyber Pakhtunkhwa,Peshawar,18,256
1000000001757,Asim Ansari,Active,Yes,Khyber Pakhtunkhwa,Peshawar,18,257
1000000001758,Zeeshan Siddiqui,Active,Yes,Khyber Pakhtunkhwa,Peshawar,18,258
1000000001759,Saad Laghari,Active,Yes,Khyber Pakhtunkhwa,Peshawar,18,259
1000000001760,Bilal Malik,Active,Yes,Khyber Pakhtunkhwa,Peshawar,18,260
1000000001761,Usman Raza,Active,Yes,Khyber Pakhtunkhwa,Peshawar,18,261
1000000001762,Farhan Qureshi,Active,Yes,Khyber Pakhtunkhwa,Peshawar,18,262
1000000001763,Fatima Ansari,Active,Yes,Khyber Pakhtunkhwa,Peshawar,18,263
1000000001764,Ali Tareen,Active,Yes,Khyber Pakhtunkhwa,Peshawar,18,264
1000000001765,Junaid Ansari,Active,Yes,Khyber Pakhtunkhwa,Peshawar,18,265
1000000001766,Zubair Rind,Active,Yes,Khyber Pakhtunkhwa,Peshawar,18,266
1000000001767,Kamran Laghari,Active,Yes,Khyber Pakhtunkhwa,Peshawar,18,267
1000000001768,Asim Mengal,Active,Yes,Khyber Pakhtunkhwa,Peshawar,18,268
1000000001769,Imran Raza,Active,Yes,Khyber Pakhtunkhwa,Peshawar,18,269
1000000001770,Zubair Chaudhry,Active,Yes,Khyber Pakhtunkhwa,Peshawar,18,270
1000000001771,Sidra Ansari,Active,Yes,Khyber Pakhtunkhwa,Peshawar,18,271
1000000001772,Imran Mahar,Active,Yes,Khyber Pakhtunkhwa,Peshawar,18,272
1000000001773,Hamza Chaudhry,Active,Yes,Khyber Pakhtunkhwa,Peshawar,18,273
1000000001774,Samina Laghari,Active,Yes,Khyber Pakhtunkhwa,Peshawar,18,274
1000000001775,Tariq Qureshi,Active,Yes,Khyber Pakhtunkhwa,Peshawar,18,275
1000000001776,Kamran Jan,Active,Yes,Khyber Pakhtunkhwa,Peshawar,18,276
1000000001777,Bilal Khattak,Active,Yes,Khyber Pakhtunkhwa,Peshawar,18,277
1000000001778,Hira Siddiqui,Active,Yes,Khyber Pakhtunkhwa,Peshawar,18,278
1000000001779,Adnan Butt,Active,Yes,Khyber Pakhtunkhwa,Peshawar,18,279
1000000001780,Iqra Memon,Active,Yes,Khyber Pakhtunkhwa,Peshawar,18,280
1000000001781,Hira Khattak,Active,Yes,Khyber Pakhtunkhwa,Peshawar,18,281
1000000001782,Zeeshan Baig,Active,Yes,Khyber Pakhtunkhwa,Peshawar,18,282
1000000001783,Faisal Bugti,Active,Yes,Khyber Pakhtunkhwa,Peshawar,18,283
1000000001784,Adnan Memon,Active,Yes,Khyber Pakhtunkhwa,Peshawar,18,284
1000000001785,Muhammad Memon,Active,Yes,Khyber Pakhtunkhwa,Peshawar,18,285
1000000001786,Zeeshan Abbasi,Active,Yes,Khyber Pakhtunkhwa,Peshawar,18,286
1000000001787,Ahmed Bhatti,Active,Yes,Khyber Pakhtunkhwa,Peshawar,18,287
1000000001788,Muhammad Butt,Active,Yes,Khyber Pakhtunkhwa,Peshawar,18,288
1000000001789,Shahid Jan,Active,Yes,Khyber Pakhtunkhwa,Peshawar,18,289
1000000001790,Tariq Khan,Active,Yes,Khyber Pakhtunkhwa,Peshawar,18,290
1000000001791,Faisal Chaudhry,Active,Yes,Khyber Pakhtunkhwa,Peshawar,18,291
1000000001792,Yasir Ahmed,Active,Yes,Khyber Pakhtunkhwa,Peshawar,18,292
1000000001793,Imran Shah,Active,Yes,Khyber Pakhtunkhwa,Peshawar,18,293
1000000001794,Kamran Memon,Active,Yes,Khyber Pakhtunkhwa,Peshawar,18,294
1000000001795,Farhan Baig,Active,Yes,Khyber Pakhtunkhwa,Peshawar,18,295
1000000001796,Rabia Bugti,Active,Yes,Khyber Pakhtunkhwa,Peshawar,18,296
1000000001797,Rabia Sheikh,Active,Yes,Khyber Pakhtunkhwa,Peshawar,18,297
1000000001798,Kamran Gul,Active,Yes,Khyber Pakhtunkhwa,Peshawar,18,298
1000000001799,Farhan Gul,Active,Yes,Khyber Pakhtunkhwa,Peshawar,18,299
1000000001800,Usman Rind,Active,Yes,Khyber Pakhtunkhwa,Peshawar,18,300
1000000001801,Yasir Baig,Active,Yes,Khyber Pakhtunkhwa,Peshawar,19,301
1000000001802,Waqas Jan,Active,Yes,Khyber Pakhtunkhwa,Peshawar,19,302
1000000001803,Farhan Jan,Active,Yes,Khyber Pakhtunkhwa,Peshawar,19,303
1000000001804,Zeeshan Baig,Active,Yes,Khyber Pakhtunkhwa,Peshawar,19,304
1000000001805,Farhan Bugti,Active,Yes,Khyber Pakhtunkhwa,Peshawar,19,305
1000000001806,Kashif Baig,Active,Yes,Khyber Pakhtunkhwa,Peshawar,19,306
1000000001807,Fatima Laghari,Active,Yes,Khyber Pakhtunkhwa,Peshawar,19,307
1000000001808,Zainab Sheikh,Active,Yes,Khyber Pakhtunkhwa,Peshawar,19,308
1000000001809,Ayesha Chaudhry,Active,Yes,Khyber Pakhtunkhwa,Peshawar,19,309
1000000001810,Ali Siddiqui,Active,Yes,Khyber Pakhtunkhwa,Peshawar,19,310
1000000001811,Bilal Bhatti,Active,Yes,Khyber Pakhtunkhwa,Peshawar,19,311
1000000001812,Maryam Chaudhry,Active,Yes,Khyber Pakhtunkhwa,Peshawar,19,312
1000000001813,Sana Bugti,Active,Yes,Khyber Pakhtunkhwa,Peshawar,19,313
1000000001814,Asim Siddiqui,Active,Yes,Khyber Pakhtunkhwa,Peshawar,19,314
1000000001815,Bilal Rind,Active,Yes,Khyber Pakhtunkhwa,Peshawar,19,315
1000000001816,Zeeshan Khan,Active,Yes,Khyber Pakhtunkhwa,Peshawar,19,316
1000000001817,Saad Butt,Active,Yes,Khyber Pakhtunkhwa,Peshawar,19,317
1000000001818,Yasir Ansari,Active,Yes,Khyber Pakhtunkhwa,Peshawar,19,318
1000000001819,Saad Khan,Active,Yes,Khyber Pakhtunkhwa,Peshawar,19,319
1000000001820,Arsalan Sheikh,Active,Yes,Khyber Pakhtunkhwa,Peshawar,19,320
1000000001821,Tariq Malik,Active,Yes,Khyber Pakhtunkhwa,Peshawar,19,321
1000000001822,Zeeshan Rind,Active,Yes,Khyber Pakhtunkhwa,Peshawar,19,322
1000000001823,Imran Jan,Active,Yes,Khyber Pakhtunkhwa,Peshawar,19,323
1000000001824,Imran Jan,Active,Yes,Khyber Pakhtunkhwa,Peshawar,19,324
1000000001825,Usman Jan,Active,Yes,Khyber Pakhtunkhwa,Peshawar,19,325
1000000001826,Ali Shah,Active,Yes,Khyber Pakhtunkhwa,Peshawar,19,326
1000000001827,Shahid Rind,Active,Yes,Khyber Pakhtunkhwa,Peshawar,19,327
1000000001828,Zubair Malik,Active,Yes,Khyber Pakhtunkhwa,Peshawar,19,328
1000000001829,Junaid Memon,Active,Yes,Khyber Pakhtunkhwa,Peshawar,19,329
1000000001830,Maryam Bhatti,Active,Yes,Khyber Pakhtunkhwa,Peshawar,19,330
1000000001831,Hamza Ahmed,Active,Yes,Khyber Pakhtunkhwa,Peshawar,19,331
1000000001832,Fatima Qureshi,Active,Yes,Khyber Pakhtunkhwa,Peshawar,19,332
1000000001833,Naveed Mirza,Active,Yes,Khyber Pakhtunkhwa,Peshawar,19,333
1000000001834,Rabia Butt,Active,Yes,Khyber Pakhtunkhwa,Peshawar,19,334
1000000001835,Iqra Ansari,Active,Yes,Khyber Pakhtunkhwa,Peshawar,19,335
1000000001836,Kamran Sheikh,Active,Yes,Khyber Pakhtunkhwa,Peshawar,19,336
1000000001837,Waqas Bugti,Active,Yes,Khyber Pakhtunkhwa,Peshawar,19,337
1000000001838,Samina Tareen,Active,Yes,Khyber Pakhtunkhwa,Peshawar,19,338
1000000001839,Waqas Abbasi,Active,Yes,Khyber Pakhtunkhwa,Peshawar,19,339
1000000001840,Ayesha Memon,Active,Yes,Khyber Pakhtunkhwa,Peshawar,19,340
1000000001841,Zubair Raza,Active,Yes,Khyber Pakhtunkhwa,Peshawar,19,341
1000000001842,Waqas Chaudhry,Active,Yes,Khyber Pakhtunkhwa,Peshawar,19,342
1000000001843,Kashif Ahmed,Active,Yes,Khyber Pakhtunkhwa,Peshawar,19,343
1000000001844,Adnan Bhatti,Active,Yes,Khyber Pakhtunkhwa,Peshawar,19,344
1000000001845,Hamza Sheikh,Active,Yes,Khyber Pakhtunkhwa,Peshawar,19,345
1000000001846,Samina Abbasi,Active,Yes,Khyber Pakhtunkhwa,Peshawar,19,346
1000000001847,Tariq Mahar,Active,Yes,Khyber Pakhtunkhwa,Peshawar,19,347
1000000001848,Sidra Ahmed,Active,Yes,Khyber Pakhtunkhwa,Peshawar,19,348
1000000001849,Fatima Sheikh,Active,Yes,Khyber Pakhtunkhwa,Peshawar,19,349
1000000001850,Ali Tareen,Active,Yes,Khyber Pakhtunkhwa,Peshawar,19,350
1000000001851,Usman Bugti,Active,Yes,Khyber Pakhtunkhwa,Peshawar,19,351
1000000001852,Junaid Jan,Active,Yes,Khyber Pakhtunkhwa,Peshawar,19,352
1000000001853,Iqra Shah,Active,Yes,Khyber Pakhtunkhwa,Peshawar,19,353
1000000001854,Bilal Gul,Active,Yes,Khyber Pakhtunkhwa,Peshawar,19,354
1000000001855,Faisal Ansari,Active,Yes,Khyber Pakhtunkhwa,Peshawar,19,355
1000000001856,Yasir Laghari,Active,Yes,Khyber Pakhtunkhwa,Peshawar,19,356
1000000001857,Hamza Gul,Active,Yes,Khyber Pakhtunkhwa,Peshawar,19,357
1000000001858,Naveed Memon,Active,Yes,Khyber Pakhtunkhwa,Peshawar,19,358
1000000001859,Hira Khan,Active,Yes,Khyber Pakhtunkhwa,Peshawar,19,359
1000000001860,Zeeshan Ansari,Active,Yes,Khyber Pakhtunkhwa,Peshawar,19,360
1000000001861,Sidra Ahmed,Active,Yes,Khyber Pakhtunkhwa,Peshawar,19,361
1000000001862,Zainab Gul,Active,Yes,Khyber Pakhtunkhwa,Peshawar,19,362
1000000001863,Muhammad Memon,Active,Yes,Khyber Pakhtunkhwa,Peshawar,19,363
1000000001864,Farhan Bhatti,Active,Yes,Khyber Pakhtunkhwa,Peshawar,19,364
1000000001865,Kamran Mahar,Active,Yes,Khyber Pakhtunkhwa,Peshawar,19,365
1000000001866,Ahmed Siddiqui,Active,Yes,Khyber Pakhtunkhwa,Peshawar,19,366
1000000001867,Adnan Khattak,Active,Yes,Khyber Pakhtunkhwa,Peshawar,19,367
1000000001868,Tariq Jan,Active,Yes,Khyber Pakhtunkhwa,Peshawar,19,368
1000000001869,Ayesha Khan,Active,Yes,Khyber Pakhtunkhwa,Peshawar,19,369
1000000001870,Babar Laghari,Active,Yes,Khyber Pakhtunkhwa,Peshawar,19,370
1000000001871,Hira Khattak,Active,Yes,Khyber Pakhtunkhwa,Peshawar,19,371
1000000001872,Fatima Chaudhry,Active,Yes,Khyber Pakhtunkhwa,Peshawar,19,372
1000000001873,Farhan Malik,Active,Yes,Khyber Pakhtunkhwa,Peshawar,19,373
1000000001874,Faisal Mahar,Active,Yes,Khyber Pakhtunkhwa,Peshawar,19,374
1000000001875,Muhammad Butt,Active,Yes,Khyber Pakhtunkhwa,Peshawar,19,375
1000000001876,Sidra Mahar,Active,Yes,Khyber Pakhtunkhwa,Peshawar,19,376
1000000001877,Bilal Raza,Active,Yes,Khyber Pakhtunkhwa,Peshawar,19,377
1000000001878,Arsalan Khattak,Active,Yes,Khyber Pakhtunkhwa,Peshawar,19,378
1000000001879,Ali Ahmed,Active,Yes,Khyber Pakhtunkhwa,Peshawar,19,379
1000000001880,Hamza Abbasi,Active,Yes,Khyber Pakhtunkhwa,Peshawar,19,380
1000000001881,Iqra Bhatti,Active,Yes,Khyber Pakhtunkhwa,Peshawar,19,381
1000000001882,Iqra Qureshi,Active,Yes,Khyber Pakhtunkhwa,Peshawar,19,382
1000000001883,Rashid Mengal,Active,Yes,Khyber Pakhtunkhwa,Peshawar,19,383
1000000001884,Samina Sheikh,Active,Yes,Khyber Pakhtunkhwa,Peshawar,19,384
1000000001885,Ali Bugti,Active,Yes,Khyber Pakhtunkhwa,Peshawar,19,385
1000000001886,Ayesha Laghari,Active,Yes,Khyber Pakhtunkhwa,Peshawar,19,386
1000000001887,Usman Khattak,Active,Yes,Khyber Pakhtunkhwa,Peshawar,19,387
1000000001888,Adnan Qureshi,Active,Yes,Khyber Pakhtunkhwa,Peshawar,19,388
1000000001889,Usman Rind,Active,Yes,Khyber Pakhtunkhwa,Peshawar,19,389
1000000001890,Waqas Jan,Active,Yes,Khyber Pakhtunkhwa,Peshawar,19,390
1000000001891,Arsalan Raza,Active,Yes,Khyber Pakhtunkhwa,Peshawar,19,391
1000000001892,Imran Tareen,Active,Yes,Khyber Pakhtunkhwa,Peshawar,19,392
1000000001893,Hira Laghari,Active,Yes,Khyber Pakhtunkhwa,Peshawar,19,393
1000000001894,Kamran Baig,Active,Yes,Khyber Pakhtunkhwa,Peshawar,19,394
1000000001895,Iqra Mengal,Active,Yes,Khyber Pakhtunkhwa,Peshawar,19,395
1000000001896,Ali Malik,Active,Yes,Khyber Pakhtunkhwa,Peshawar,19,396
1000000001897,Iqra Siddiqui,Active,Yes,Khyber Pakhtunkhwa,Peshawar,19,397
1000000001898,Bilal Gul,Active,Yes,Khyber Pakhtunkhwa,Peshawar,19,398
1000000001899,Samina Ansari,Active,Yes,Khyber Pakhtunkhwa,Peshawar,19,399
1000000001900,Usman Bhatti,Active,Yes,Khyber Pakhtunkhwa,Peshawar,19,400
1000000001901,Zainab Qureshi,Active,Yes,Khyber Pakhtunkhwa,Peshawar,20,401
1000000001902,Imran Laghari,Active,Yes,Khyber Pakhtunkhwa,Peshawar,20,402
1000000001903,Iqra Khattak,Active,Yes,Khyber Pakhtunkhwa,Peshawar,20,403
1000000001904,Fatima Raza,Active,Yes,Khyber Pakhtunkhwa,Peshawar,20,404
1000000001905,Ayesha Khattak,Active,Yes,Khyber Pakhtunkhwa,Peshawar,20,405
1000000001906,Arsalan Chaudhry,Active,Yes,Khyber Pakhtunkhwa,Peshawar,20,406
1000000001907,Usman Laghari,Active,Yes,Khyber Pakhtunkhwa,Peshawar,20,407
1000000001908,Naveed Gul,Active,Yes,Khyber Pakhtunkhwa,Peshawar,20,408
1000000001909,Junaid Rind,Active,Yes,Khyber Pakhtunkhwa,Peshawar,20,409
1000000001910,Maryam Sheikh,Active,Yes,Khyber Pakhtunkhwa,Peshawar,20,410
1000000001911,Babar Bugti,Active,Yes,Khyber Pakhtunkhwa,Peshawar,20,411
1000000001912,Farhan Ansari,Active,Yes,Khyber Pakhtunkhwa,Peshawar,20,412
1000000001913,Hira Shah,Active,Yes,Khyber Pakhtunkhwa,Peshawar,20,413
1000000001914,Farhan Rind,Active,Yes,Khyber Pakhtunkhwa,Peshawar,20,414
1000000001915,Rabia Ahmed,Active,Yes,Khyber Pakhtunkhwa,Peshawar,20,415
1000000001916,Maryam Memon,Active,Yes,Khyber Pakhtunkhwa,Peshawar,20,416
1000000001917,Ali Ansari,Active,Yes,Khyber Pakhtunkhwa,Peshawar,20,417
1000000001918,Kashif Mengal,Active,Yes,Khyber Pakhtunkhwa,Peshawar,20,418
1000000001919,Shahid Baig,Active,Yes,Khyber Pakhtunkhwa,Peshawar,20,419
1000000001920,Muhammad Baig,Active,Yes,Khyber Pakhtunkhwa,Peshawar,20,420
1000000001921,Sidra Tareen,Active,Yes,Khyber Pakhtunkhwa,Peshawar,20,421
1000000001922,Hamza Shah,Active,Yes,Khyber Pakhtunkhwa,Peshawar,20,422
1000000001923,Farhan Butt,Active,Yes,Khyber Pakhtunkhwa,Peshawar,20,423
1000000001924,Ali Chaudhry,Active,Yes,Khyber Pakhtunkhwa,Peshawar,20,424
1000000001925,Hira Laghari,Active,Yes,Khyber Pakhtunkhwa,Peshawar,20,425
1000000001926,Hamza Jan,Active,Yes,Khyber Pakhtunkhwa,Peshawar,20,426
1000000001927,Babar Butt,Active,Yes,Khyber Pakhtunkhwa,Peshawar,20,427
1000000001928,Ali Tareen,Active,Yes,Khyber Pakhtunkhwa,Peshawar,20,428
1000000001929,Fatima Mengal,Active,Yes,Khyber Pakhtunkhwa,Peshawar,20,429
1000000001930,Kashif Khan,Active,Yes,Khyber Pakhtunkhwa,Peshawar,20,430
1000000001931,Asim Ansari,Active,Yes,Khyber Pakhtunkhwa,Peshawar,20,431
1000000001932,Ali Bhatti,Active,Yes,Khyber Pakhtunkhwa,Peshawar,20,432
1000000001933,Kashif Mahar,Active,Yes,Khyber Pakhtunkhwa,Peshawar,20,433
1000000001934,Yasir Abbasi,Active,Yes,Khyber Pakhtunkhwa,Peshawar,20,434
1000000001935,Zeeshan Qureshi,Active,Yes,Khyber Pakhtunkhwa,Peshawar,20,435
1000000001936,Waqas Tareen,Active,Yes,Khyber Pakhtunkhwa,Peshawar,20,436
1000000001937,Usman Ahmed,Active,Yes,Khyber Pakhtunkhwa,Peshawar,20,437
1000000001938,Zeeshan Ahmed,Active,Yes,Khyber Pakhtunkhwa,Peshawar,20,438
1000000001939,Zainab Ansari,Active,Yes,Khyber Pakhtunkhwa,Peshawar,20,439
1000000001940,Kamran Ansari,Active,Yes,Khyber Pakhtunkhwa,Peshawar,20,440
1000000001941,Rashid Tareen,Active,Yes,Khyber Pakhtunkhwa,Peshawar,20,441
1000000001942,Ayesha Shah,Active,Yes,Khyber Pakhtunkhwa,Peshawar,20,442
1000000001943,Sana Mahar,Active,Yes,Khyber Pakhtunkhwa,Peshawar,20,443
1000000001944,Usman Siddiqui,Active,Yes,Khyber Pakhtunkhwa,Peshawar,20,444
1000000001945,Asim Laghari,Active,Yes,Khyber Pakhtunkhwa,Peshawar,20,445
1000000001946,Ahmed Khan,Active,Yes,Khyber Pakhtunkhwa,Peshawar,20,446
1000000001947,Iqra Sheikh,Active,Yes,Khyber Pakhtunkhwa,Peshawar,20,447
1000000001948,Adnan Chaudhry,Active,Yes,Khyber Pakhtunkhwa,Peshawar,20,448
1000000001949,Rabia Ahmed,Active,Yes,Khyber Pakhtunkhwa,Peshawar,20,449
1000000001950,Ali Gul,Active,Yes,Khyber Pakhtunkhwa,Peshawar,20,450
1000000001951,Usman Siddiqui,Active,Yes,Khyber Pakhtunkhwa,Peshawar,20,451
1000000001952,Yasir Gul,Active,Yes,Khyber Pakhtunkhwa,Peshawar,20,452
1000000001953,Zubair Ansari,Active,Yes,Khyber Pakhtunkhwa,Peshawar,20,453
1000000001954,Usman Jan,Active,Yes,Khyber Pakhtunkhwa,Peshawar,20,454
1000000001955,Rabia Baig,Active,Yes,Khyber Pakhtunkhwa,Peshawar,20,455
1000000001956,Maryam Shah,Active,Yes,Khyber Pakhtunkhwa,Peshawar,20,456
1000000001957,Yasir Jan,Active,Yes,Khyber Pakhtunkhwa,Peshawar,20,457
1000000001958,Rabia Chaudhry,Active,Yes,Khyber Pakhtunkhwa,Peshawar,20,458
1000000001959,Faisal Qureshi,Active,Yes,Khyber Pakhtunkhwa,Peshawar,20,459
1000000001960,Shahid Bhatti,Active,Yes,Khyber Pakhtunkhwa,Peshawar,20,460
1000000001961,Farhan Butt,Active,Yes,Khyber Pakhtunkhwa,Peshawar,20,461
1000000001962,Bilal Raza,Active,Yes,Khyber Pakhtunkhwa,Peshawar,20,462
1000000001963,Usman Laghari,Active,Yes,Khyber Pakhtunkhwa,Peshawar,20,463
1000000001964,Adnan Ansari,Active,Yes,Khyber Pakhtunkhwa,Peshawar,20,464
1000000001965,Junaid Mahar,Active,Yes,Khyber Pakhtunkhwa,Peshawar,20,465
1000000001966,Kamran Sheikh,Active,Yes,Khyber Pakhtunkhwa,Peshawar,20,466
1000000001967,Farhan Ahmed,Active,Yes,Khyber Pakhtunkhwa,Peshawar,20,467
1000000001968,Ayesha Laghari,Active,Yes,Khyber Pakhtunkhwa,Peshawar,20,468
1000000001969,Saad Memon,Active,Yes,Khyber Pakhtunkhwa,Peshawar,20,469
1000000001970,Zubair Khan,Active,Yes,Khyber Pakhtunkhwa,Peshawar,20,470
1000000001971,Naveed Mahar,Active,Yes,Khyber Pakhtunkhwa,Peshawar,20,471
1000000001972,Fatima Mirza,Active,Yes,Khyber Pakhtunkhwa,Peshawar,20,472
1000000001973,Usman Ansari,Active,Yes,Khyber Pakhtunkhwa,Peshawar,20,473
1000000001974,Ahmed Shah,Active,Yes,Khyber Pakhtunkhwa,Peshawar,20,474
1000000001975,Fatima Malik,Active,Yes,Khyber Pakhtunkhwa,Peshawar,20,475
1000000001976,Faisal Shah,Active,Yes,Khyber Pakhtunkhwa,Peshawar,20,476
1000000001977,Shahid Jan,Active,Yes,Khyber Pakhtunkhwa,Peshawar,20,477
1000000001978,Shahid Mengal,Active,Yes,Khyber Pakhtunkhwa,Peshawar,20,478
1000000001979,Saad Khattak,Active,Yes,Khyber Pakhtunkhwa,Peshawar,20,479
1000000001980,Hira Khan,Active,Yes,Khyber Pakhtunkhwa,Peshawar,20,480
1000000001981,Yasir Mirza,Active,Yes,Khyber Pakhtunkhwa,Peshawar,20,481
1000000001982,Yasir Chaudhry,Active,Yes,Khyber Pakhtunkhwa,Peshawar,20,482
1000000001983,Rashid Malik,Active,Yes,Khyber Pakhtunkhwa,Peshawar,20,483
1000000001984,Hira Abbasi,Active,Yes,Khyber Pakhtunkhwa,Peshawar,20,484
1000000001985,Rashid Bugti,Active,Yes,Khyber Pakhtunkhwa,Peshawar,20,485
1000000001986,Waqas Ahmed,Active,Yes,Khyber Pakhtunkhwa,Peshawar,20,486
1000000001987,Tariq Siddiqui,Active,Yes,Khyber Pakhtunkhwa,Peshawar,20,487
1000000001988,Naveed Bugti,Active,Yes,Khyber Pakhtunkhwa,Peshawar,20,488
1000000001989,Sana Jan,Active,Yes,Khyber Pakhtunkhwa,Peshawar,20,489
1000000001990,Ahmed Malik,Active,Yes,Khyber Pakhtunkhwa,Peshawar,20,490
1000000001991,Rashid Shah,Active,Yes,Khyber Pakhtunkhwa,Peshawar,20,491
1000000001992,Kamran Malik,Active,Yes,Khyber Pakhtunkhwa,Peshawar,20,492
1000000001993,Bilal Siddiqui,Active,Yes,Khyber Pakhtunkhwa,Peshawar,20,493
1000000001994,Tariq Raza,Active,Yes,Khyber Pakhtunkhwa,Peshawar,20,494
1000000001995,Zubair Gul,Active,Yes,Khyber Pakhtunkhwa,Peshawar,20,495
1000000001996,Zeeshan Bhatti,Active,Yes,Khyber Pakhtunkhwa,Peshawar,20,496
1000000001997,Adnan Sheikh,Active,Yes,Khyber Pakhtunkhwa,Peshawar,20,497
1000000001998,Zainab Ansari,Active,Yes,Khyber Pakhtunkhwa,Peshawar,20,498
1000000001999,Farhan Butt,Active,Yes,Khyber Pakhtunkhwa,Peshawar,20,499
1000000002000,Ayesha Mahar,Active,Yes,Khyber Pakhtunkhwa,Peshawar,20,500
1000000002001,Yasir Mengal,Active,Yes,Islamabad Capital Territory,Islamabad,21,1
1000000002002,Rabia Mirza,Active,Yes,Islamabad Capital Territory,Islamabad,21,2
1000000002003,Maryam Mirza,Active,Yes,Islamabad Capital Territory,Islamabad,21,3
1000000002004,Ayesha Khattak,Active,Yes,Islamabad Capital Territory,Islamabad,21,4
1000000002005,Naveed Butt,Active,Yes,Islamabad Capital Territory,Islamabad,21,5
1000000002006,Faisal Memon,Active,Yes,Islamabad Capital Territory,Islamabad,21,6
1000000002007,Farhan Mengal,Active,Yes,Islamabad Capital Territory,Islamabad,21,7
1000000002008,Usman Abbasi,Active,Yes,Islamabad Capital Territory,Islamabad,21,8
1000000002009,Fatima Memon,Active,Yes,Islamabad Capital Territory,Islamabad,21,9
1000000002010,Iqra Ahmed,Active,Yes,Islamabad Capital Territory,Islamabad,21,10
1000000002011,Sidra Qureshi,Active,Yes,Islamabad Capital Territory,Islamabad,21,11
1000000002012,Yasir Qureshi,Active,Yes,Islamabad Capital Territory,Islamabad,21,12
1000000002013,Bilal Memon,Active,Yes,Islamabad Capital Territory,Islamabad,21,13
1000000002014,Tariq Mahar,Active,Yes,Islamabad Capital Territory,Islamabad,21,14
1000000002015,Fatima Jan,Active,Yes,Islamabad Capital Territory,Islamabad,21,15
1000000002016,Zubair Tareen,Active,Yes,Islamabad Capital Territory,Islamabad,21,16
1000000002017,Waqas Bhatti,Active,Yes,Islamabad Capital Territory,Islamabad,21,17
1000000002018,Kamran Tareen,Active,Yes,Islamabad Capital Territory,Islamabad,21,18
1000000002019,Samina Malik,Active,Yes,Islamabad Capital Territory,Islamabad,21,19
1000000002020,Bilal Memon,Active,Yes,Islamabad Capital Territory,Islamabad,21,20
1000000002021,Ali Gul,Active,Yes,Islamabad Capital Territory,Islamabad,21,21
1000000002022,Sana Mengal,Active,Yes,Islamabad Capital Territory,Islamabad,21,22
1000000002023,Kamran Memon,Active,Yes,Islamabad Capital Territory,Islamabad,21,23
1000000002024,Sana Mahar,Active,Yes,Islamabad Capital Territory,Islamabad,21,24
1000000002025,Samina Chaudhry,Active,Yes,Islamabad Capital Territory,Islamabad,21,25
1000000002026,Imran Baig,Active,Yes,Islamabad Capital Territory,Islamabad,21,26
1000000002027,Asim Memon,Active,Yes,Islamabad Capital Territory,Islamabad,21,27
1000000002028,Iqra Mirza,Active,Yes,Islamabad Capital Territory,Islamabad,21,28
1000000002029,Saad Khattak,Active,Yes,Islamabad Capital Territory,Islamabad,21,29
1000000002030,Maryam Bugti,Active,Yes,Islamabad Capital Territory,Islamabad,21,30
1000000002031,Zeeshan Malik,Active,Yes,Islamabad Capital Territory,Islamabad,21,31
1000000002032,Tariq Jan,Active,Yes,Islamabad Capital Territory,Islamabad,21,32
1000000002033,Babar Ansari,Active,Yes,Islamabad Capital Territory,Islamabad,21,33
1000000002034,Shahid Jan,Active,Yes,Islamabad Capital Territory,Islamabad,21,34
1000000002035,Hira Butt,Active,Yes,Islamabad Capital Territory,Islamabad,21,35
1000000002036,Zubair Khan,Active,Yes,Islamabad Capital Territory,Islamabad,21,36
1000000002037,Adnan Raza,Active,Yes,Islamabad Capital Territory,Islamabad,21,37
1000000002038,Hira Sheikh,Active,Yes,Islamabad Capital Territory,Islamabad,21,38
1000000002039,Sidra Siddiqui,Active,Yes,Islamabad Capital Territory,Islamabad,21,39
1000000002040,Usman Tareen,Active,Yes,Islamabad Capital Territory,Islamabad,21,40
1000000002041,Sana Jan,Active,Yes,Islamabad Capital Territory,Islamabad,21,41
1000000002042,Fatima Khan,Active,Yes,Islamabad Capital Territory,Islamabad,21,42
1000000002043,Fatima Laghari,Active,Yes,Islamabad Capital Territory,Islamabad,21,43
1000000002044,Maryam Khan,Active,Yes,Islamabad Capital Territory,Islamabad,21,44
1000000002045,Zeeshan Raza,Active,Yes,Islamabad Capital Territory,Islamabad,21,45
1000000002046,Faisal Laghari,Active,Yes,Islamabad Capital Territory,Islamabad,21,46
1000000002047,Ahmed Butt,Active,Yes,Islamabad Capital Territory,Islamabad,21,47
1000000002048,Babar Ansari,Active,Yes,Islamabad Capital Territory,Islamabad,21,48
1000000002049,Sana Laghari,Active,Yes,Islamabad Capital Territory,Islamabad,21,49
1000000002050,Adnan Tareen,Active,Yes,Islamabad Capital Territory,Islamabad,21,50
1000000002051,Shahid Tareen,Active,Yes,Islamabad Capital Territory,Islamabad,21,51
1000000002052,Ayesha Malik,Active,Yes,Islamabad Capital Territory,Islamabad,21,52
1000000002053,Zainab Ansari,Active,Yes,Islamabad Capital Territory,Islamabad,21,53
1000000002054,Imran Mirza,Active,Yes,Islamabad Capital Territory,Islamabad,21,54
1000000002055,Samina Mengal,Active,Yes,Islamabad Capital Territory,Islamabad,21,55
1000000002056,Imran Bugti,Active,Yes,Islamabad Capital Territory,Islamabad,21,56
1000000002057,Iqra Bugti,Active,Yes,Islamabad Capital Territory,Islamabad,21,57
1000000002058,Shahid Siddiqui,Active,Yes,Islamabad Capital Territory,Islamabad,21,58
1000000002059,Hamza Mengal,Active,Yes,Islamabad Capital Territory,Islamabad,21,59
1000000002060,Zainab Qureshi,Active,Yes,Islamabad Capital Territory,Islamabad,21,60
1000000002061,Babar Siddiqui,Active,Yes,Islamabad Capital Territory,Islamabad,21,61
1000000002062,Babar Rind,Active,Yes,Islamabad Capital Territory,Islamabad,21,62
1000000002063,Farhan Khattak,Active,Yes,Islamabad Capital Territory,Islamabad,21,63
1000000002064,Muhammad Tareen,Active,Yes,Islamabad Capital Territory,Islamabad,21,64
1000000002065,Iqra Bugti,Active,Yes,Islamabad Capital Territory,Islamabad,21,65
1000000002066,Sidra Laghari,Active,Yes,Islamabad Capital Territory,Islamabad,21,66
1000000002067,Tariq Laghari,Active,Yes,Islamabad Capital Territory,Islamabad,21,67
1000000002068,Sidra Mengal,Active,Yes,Islamabad Capital Territory,Islamabad,21,68
1000000002069,Naveed Ahmed,Active,Yes,Islamabad Capital Territory,Islamabad,21,69
1000000002070,Farhan Mirza,Active,Yes,Islamabad Capital Territory,Islamabad,21,70
1000000002071,Ahmed Siddiqui,Active,Yes,Islamabad Capital Territory,Islamabad,21,71
1000000002072,Shahid Siddiqui,Active,Yes,Islamabad Capital Territory,Islamabad,21,72
1000000002073,Ayesha Mahar,Active,Yes,Islamabad Capital Territory,Islamabad,21,73
1000000002074,Zainab Khan,Active,Yes,Islamabad Capital Territory,Islamabad,21,74
1000000002075,Naveed Siddiqui,Active,Yes,Islamabad Capital Territory,Islamabad,21,75
1000000002076,Waqas Mengal,Active,Yes,Islamabad Capital Territory,Islamabad,21,76
1000000002077,Samina Sheikh,Active,Yes,Islamabad Capital Territory,Islamabad,21,77
1000000002078,Kashif Shah,Active,Yes,Islamabad Capital Territory,Islamabad,21,78
1000000002079,Imran Abbasi,Active,Yes,Islamabad Capital Territory,Islamabad,21,79
1000000002080,Kashif Raza,Active,Yes,Islamabad Capital Territory,Islamabad,21,80
1000000002081,Kashif Bugti,Active,Yes,Islamabad Capital Territory,Islamabad,21,81
1000000002082,Arsalan Gul,Active,Yes,Islamabad Capital Territory,Islamabad,21,82
1000000002083,Muhammad Mengal,Active,Yes,Islamabad Capital Territory,Islamabad,21,83
1000000002084,Imran Shah,Active,Yes,Islamabad Capital Territory,Islamabad,21,84
1000000002085,Muhammad Baig,Active,Yes,Islamabad Capital Territory,Islamabad,21,85
1000000002086,Faisal Mirza,Active,Yes,Islamabad Capital Territory,Islamabad,21,86
1000000002087,Imran Butt,Active,Yes,Islamabad Capital Territory,Islamabad,21,87
1000000002088,Iqra Butt,Active,Yes,Islamabad Capital Territory,Islamabad,21,88
1000000002089,Sidra Mirza,Active,Yes,Islamabad Capital Territory,Islamabad,21,89
1000000002090,Saad Butt,Active,Yes,Islamabad Capital Territory,Islamabad,21,90
1000000002091,Asim Mahar,Active,Yes,Islamabad Capital Territory,Islamabad,21,91
1000000002092,Farhan Sheikh,Active,Yes,Islamabad Capital Territory,Islamabad,21,92
1000000002093,Bilal Memon,Active,Yes,Islamabad Capital Territory,Islamabad,21,93
1000000002094,Zainab Jan,Active,Yes,Islamabad Capital Territory,Islamabad,21,94
1000000002095,Zubair Mirza,Active,Yes,Islamabad Capital Territory,Islamabad,21,95
1000000002096,Sana Malik,Active,Yes,Islamabad Capital Territory,Islamabad,21,96
1000000002097,Muhammad Siddiqui,Active,Yes,Islamabad Capital Territory,Islamabad,21,97
1000000002098,Rabia Malik,Active,Yes,Islamabad Capital Territory,Islamabad,21,98
1000000002099,Rabia Gul,Active,Yes,Islamabad Capital Territory,Islamabad,21,99
1000000002100,Naveed Mahar,Active,Yes,Islamabad Capital Territory,Islamabad,21,100
1000000002101,Fatima Ahmed,Active,Yes,Islamabad Capital Territory,Islamabad,22,101
1000000002102,Saad Mirza,Active,Yes,Islamabad Capital Territory,Islamabad,22,102
1000000002103,Ali Ansari,Active,Yes,Islamabad Capital Territory,Islamabad,22,103
1000000002104,Yasir Mengal,Active,Yes,Islamabad Capital Territory,Islamabad,22,104
1000000002105,Ayesha Raza,Active,Yes,Islamabad Capital Territory,Islamabad,22,105
1000000002106,Yasir Butt,Active,Yes,Islamabad Capital Territory,Islamabad,22,106
1000000002107,Zeeshan Butt,Active,Yes,Islamabad Capital Territory,Islamabad,22,107
1000000002108,Muhammad Raza,Active,Yes,Islamabad Capital Territory,Islamabad,22,108
1000000002109,Farhan Siddiqui,Active,Yes,Islamabad Capital Territory,Islamabad,22,109
1000000002110,Bilal Ansari,Active,Yes,Islamabad Capital Territory,Islamabad,22,110
1000000002111,Ahmed Bhatti,Active,Yes,Islamabad Capital Territory,Islamabad,22,111
1000000002112,Shahid Sheikh,Active,Yes,Islamabad Capital Territory,Islamabad,22,112
1000000002113,Rabia Gul,Active,Yes,Islamabad Capital Territory,Islamabad,22,113
1000000002114,Babar Butt,Active,Yes,Islamabad Capital Territory,Islamabad,22,114
1000000002115,Iqra Laghari,Active,Yes,Islamabad Capital Territory,Islamabad,22,115
1000000002116,Imran Khattak,Active,Yes,Islamabad Capital Territory,Islamabad,22,116
1000000002117,Imran Laghari,Active,Yes,Islamabad Capital Territory,Islamabad,22,117
1000000002118,Sana Ahmed,Active,Yes,Islamabad Capital Territory,Islamabad,22,118
1000000002119,Saad Abbasi,Active,Yes,Islamabad Capital Territory,Islamabad,22,119
1000000002120,Shahid Laghari,Active,Yes,Islamabad Capital Territory,Islamabad,22,120
1000000002121,Asim Ansari,Active,Yes,Islamabad Capital Territory,Islamabad,22,121
1000000002122,Hamza Bugti,Active,Yes,Islamabad Capital Territory,Islamabad,22,122
1000000002123,Arsalan Qureshi,Active,Yes,Islamabad Capital Territory,Islamabad,22,123
1000000002124,Zubair Bhatti,Active,Yes,Islamabad Capital Territory,Islamabad,22,124
1000000002125,Yasir Raza,Active,Yes,Islamabad Capital Territory,Islamabad,22,125
1000000002126,Sana Mahar,Active,Yes,Islamabad Capital Territory,Islamabad,22,126
1000000002127,Kashif Jan,Active,Yes,Islamabad Capital Territory,Islamabad,22,127
1000000002128,Zainab Chaudhry,Active,Yes,Islamabad Capital Territory,Islamabad,22,128
1000000002129,Maryam Abbasi,Active,Yes,Islamabad Capital Territory,Islamabad,22,129
1000000002130,Waqas Rind,Active,Yes,Islamabad Capital Territory,Islamabad,22,130
1000000002131,Adnan Chaudhry,Active,Yes,Islamabad Capital Territory,Islamabad,22,131
1000000002132,Hira Mahar,Active,Yes,Islamabad Capital Territory,Islamabad,22,132
1000000002133,Junaid Laghari,Active,Yes,Islamabad Capital Territory,Islamabad,22,133
1000000002134,Faisal Bhatti,Active,Yes,Islamabad Capital Territory,Islamabad,22,134
1000000002135,Zeeshan Memon,Active,Yes,Islamabad Capital Territory,Islamabad,22,135
1000000002136,Kamran Abbasi,Active,Yes,Islamabad Capital Territory,Islamabad,22,136
1000000002137,Ahmed Butt,Active,Yes,Islamabad Capital Territory,Islamabad,22,137
1000000002138,Arsalan Khattak,Active,Yes,Islamabad Capital Territory,Islamabad,22,138
1000000002139,Usman Siddiqui,Active,Yes,Islamabad Capital Territory,Islamabad,22,139
1000000002140,Arsalan Chaudhry,Active,Yes,Islamabad Capital Territory,Islamabad,22,140
1000000002141,Hamza Butt,Active,Yes,Islamabad Capital Territory,Islamabad,22,141
1000000002142,Ayesha Shah,Active,Yes,Islamabad Capital Territory,Islamabad,22,142
1000000002143,Fatima Mirza,Active,Yes,Islamabad Capital Territory,Islamabad,22,143
1000000002144,Usman Bugti,Active,Yes,Islamabad Capital Territory,Islamabad,22,144
1000000002145,Rashid Mahar,Active,Yes,Islamabad Capital Territory,Islamabad,22,145
1000000002146,Sana Tareen,Active,Yes,Islamabad Capital Territory,Islamabad,22,146
1000000002147,Kamran Mirza,Active,Yes,Islamabad Capital Territory,Islamabad,22,147
1000000002148,Junaid Tareen,Active,Yes,Islamabad Capital Territory,Islamabad,22,148
1000000002149,Iqra Tareen,Active,Yes,Islamabad Capital Territory,Islamabad,22,149
1000000002150,Arsalan Chaudhry,Active,Yes,Islamabad Capital Territory,Islamabad,22,150
1000000002151,Yasir Qureshi,Active,Yes,Islamabad Capital Territory,Islamabad,22,151
1000000002152,Bilal Mengal,Active,Yes,Islamabad Capital Territory,Islamabad,22,152
1000000002153,Sana Siddiqui,Active,Yes,Islamabad Capital Territory,Islamabad,22,153
1000000002154,Hamza Ahmed,Active,Yes,Islamabad Capital Territory,Islamabad,22,154
1000000002155,Rabia Butt,Active,Yes,Islamabad Capital Territory,Islamabad,22,155
1000000002156,Waqas Jan,Active,Yes,Islamabad Capital Territory,Islamabad,22,156
1000000002157,Hamza Laghari,Active,Yes,Islamabad Capital Territory,Islamabad,22,157
1000000002158,Farhan Baig,Active,Yes,Islamabad Capital Territory,Islamabad,22,158
1000000002159,Fatima Chaudhry,Active,Yes,Islamabad Capital Territory,Islamabad,22,159
1000000002160,Kamran Laghari,Active,Yes,Islamabad Capital Territory,Islamabad,22,160
1000000002161,Sidra Memon,Active,Yes,Islamabad Capital Territory,Islamabad,22,161
1000000002162,Zainab Baig,Active,Yes,Islamabad Capital Territory,Islamabad,22,162
1000000002163,Rashid Shah,Active,Yes,Islamabad Capital Territory,Islamabad,22,163
1000000002164,Usman Memon,Active,Yes,Islamabad Capital Territory,Islamabad,22,164
1000000002165,Rashid Abbasi,Active,Yes,Islamabad Capital Territory,Islamabad,22,165
1000000002166,Kamran Tareen,Active,Yes,Islamabad Capital Territory,Islamabad,22,166
1000000002167,Zainab Gul,Active,Yes,Islamabad Capital Territory,Islamabad,22,167
1000000002168,Yasir Qureshi,Active,Yes,Islamabad Capital Territory,Islamabad,22,168
1000000002169,Shahid Rind,Active,Yes,Islamabad Capital Territory,Islamabad,22,169
1000000002170,Sidra Mirza,Active,Yes,Islamabad Capital Territory,Islamabad,22,170
1000000002171,Usman Raza,Active,Yes,Islamabad Capital Territory,Islamabad,22,171
1000000002172,Samina Gul,Active,Yes,Islamabad Capital Territory,Islamabad,22,172
1000000002173,Hamza Mahar,Active,Yes,Islamabad Capital Territory,Islamabad,22,173
1000000002174,Maryam Gul,Active,Yes,Islamabad Capital Territory,Islamabad,22,174
1000000002175,Babar Mirza,Active,Yes,Islamabad Capital Territory,Islamabad,22,175
1000000002176,Muhammad Mengal,Active,Yes,Islamabad Capital Territory,Islamabad,22,176
1000000002177,Ali Shah,Active,Yes,Islamabad Capital Territory,Islamabad,22,177
1000000002178,Usman Mengal,Active,Yes,Islamabad Capital Territory,Islamabad,22,178
1000000002179,Ali Gul,Active,Yes,Islamabad Capital Territory,Islamabad,22,179
1000000002180,Muhammad Qureshi,Active,Yes,Islamabad Capital Territory,Islamabad,22,180
1000000002181,Rashid Siddiqui,Active,Yes,Islamabad Capital Territory,Islamabad,22,181
1000000002182,Zeeshan Jan,Active,Yes,Islamabad Capital Territory,Islamabad,22,182
1000000002183,Iqra Raza,Active,Yes,Islamabad Capital Territory,Islamabad,22,183
1000000002184,Zubair Bugti,Active,Yes,Islamabad Capital Territory,Islamabad,22,184
1000000002185,Saad Mirza,Active,Yes,Islamabad Capital Territory,Islamabad,22,185
1000000002186,Waqas Raza,Active,Yes,Islamabad Capital Territory,Islamabad,22,186
1000000002187,Rabia Mahar,Active,Yes,Islamabad Capital Territory,Islamabad,22,187
1000000002188,Rashid Qureshi,Active,Yes,Islamabad Capital Territory,Islamabad,22,188
1000000002189,Ahmed Shah,Active,Yes,Islamabad Capital Territory,Islamabad,22,189
1000000002190,Zubair Ahmed,Active,Yes,Islamabad Capital Territory,Islamabad,22,190
1000000002191,Kamran Gul,Active,Yes,Islamabad Capital Territory,Islamabad,22,191
1000000002192,Tariq Jan,Active,Yes,Islamabad Capital Territory,Islamabad,22,192
1000000002193,Iqra Butt,Active,Yes,Islamabad Capital Territory,Islamabad,22,193
1000000002194,Sidra Rind,Active,Yes,Islamabad Capital Territory,Islamabad,22,194
1000000002195,Shahid Bugti,Active,Yes,Islamabad Capital Territory,Islamabad,22,195
1000000002196,Waqas Khan,Active,Yes,Islamabad Capital Territory,Islamabad,22,196
1000000002197,Zeeshan Shah,Active,Yes,Islamabad Capital Territory,Islamabad,22,197
1000000002198,Bilal Sheikh,Active,Yes,Islamabad Capital Territory,Islamabad,22,198
1000000002199,Tariq Memon,Active,Yes,Islamabad Capital Territory,Islamabad,22,199
1000000002200,Faisal Siddiqui,Active,Yes,Islamabad Capital Territory,Islamabad,22,200
1000000002201,Muhammad Tareen,Active,Yes,Islamabad Capital Territory,Islamabad,23,201
1000000002202,Waqas Ansari,Active,Yes,Islamabad Capital Territory,Islamabad,23,202
1000000002203,Faisal Rind,Active,Yes,Islamabad Capital Territory,Islamabad,23,203
1000000002204,Fatima Chaudhry,Active,Yes,Islamabad Capital Territory,Islamabad,23,204
1000000002205,Ali Shah,Active,Yes,Islamabad Capital Territory,Islamabad,23,205
1000000002206,Sana Chaudhry,Active,Yes,Islamabad Capital Territory,Islamabad,23,206
1000000002207,Junaid Abbasi,Active,Yes,Islamabad Capital Territory,Islamabad,23,207
1000000002208,Samina Sheikh,Active,Yes,Islamabad Capital Territory,Islamabad,23,208
1000000002209,Maryam Mirza,Active,Yes,Islamabad Capital Territory,Islamabad,23,209
1000000002210,Kamran Butt,Active,Yes,Islamabad Capital Territory,Islamabad,23,210
1000000002211,Ahmed Ahmed,Active,Yes,Islamabad Capital Territory,Islamabad,23,211
1000000002212,Babar Baig,Active,Yes,Islamabad Capital Territory,Islamabad,23,212
1000000002213,Iqra Abbasi,Active,Yes,Islamabad Capital Territory,Islamabad,23,213
1000000002214,Tariq Jan,Active,Yes,Islamabad Capital Territory,Islamabad,23,214
1000000002215,Hamza Siddiqui,Active,Yes,Islamabad Capital Territory,Islamabad,23,215
1000000002216,Hira Jan,Active,Yes,Islamabad Capital Territory,Islamabad,23,216
1000000002217,Junaid Siddiqui,Active,Yes,Islamabad Capital Territory,Islamabad,23,217
1000000002218,Rabia Raza,Active,Yes,Islamabad Capital Territory,Islamabad,23,218
1000000002219,Ahmed Qureshi,Active,Yes,Islamabad Capital Territory,Islamabad,23,219
1000000002220,Usman Jan,Active,Yes,Islamabad Capital Territory,Islamabad,23,220
1000000002221,Kashif Malik,Active,Yes,Islamabad Capital Territory,Islamabad,23,221
1000000002222,Ayesha Khan,Active,Yes,Islamabad Capital Territory,Islamabad,23,222
1000000002223,Kamran Laghari,Active,Yes,Islamabad Capital Territory,Islamabad,23,223
1000000002224,Samina Abbasi,Active,Yes,Islamabad Capital Territory,Islamabad,23,224
1000000002225,Zubair Khan,Active,Yes,Islamabad Capital Territory,Islamabad,23,225
1000000002226,Maryam Khattak,Active,Yes,Islamabad Capital Territory,Islamabad,23,226
1000000002227,Adnan Ansari,Active,Yes,Islamabad Capital Territory,Islamabad,23,227
1000000002228,Ayesha Sheikh,Active,Yes,Islamabad Capital Territory,Islamabad,23,228
1000000002229,Shahid Mirza,Active,Yes,Islamabad Capital Territory,Islamabad,23,229
1000000002230,Ayesha Butt,Active,Yes,Islamabad Capital Territory,Islamabad,23,230
1000000002231,Zeeshan Abbasi,Active,Yes,Islamabad Capital Territory,Islamabad,23,231
1000000002232,Maryam Butt,Active,Yes,Islamabad Capital Territory,Islamabad,23,232
1000000002233,Tariq Jan,Active,Yes,Islamabad Capital Territory,Islamabad,23,233
1000000002234,Faisal Tareen,Active,Yes,Islamabad Capital Territory,Islamabad,23,234
1000000002235,Kashif Chaudhry,Active,Yes,Islamabad Capital Territory,Islamabad,23,235
1000000002236,Kashif Abbasi,Active,Yes,Islamabad Capital Territory,Islamabad,23,236
1000000002237,Usman Siddiqui,Active,Yes,Islamabad Capital Territory,Islamabad,23,237
1000000002238,Waqas Raza,Active,Yes,Islamabad Capital Territory,Islamabad,23,238
1000000002239,Ayesha Baig,Active,Yes,Islamabad Capital Territory,Islamabad,23,239
1000000002240,Sana Ahmed,Active,Yes,Islamabad Capital Territory,Islamabad,23,240
1000000002241,Naveed Khan,Active,Yes,Islamabad Capital Territory,Islamabad,23,241
1000000002242,Faisal Qureshi,Active,Yes,Islamabad Capital Territory,Islamabad,23,242
1000000002243,Zubair Shah,Active,Yes,Islamabad Capital Territory,Islamabad,23,243
1000000002244,Hira Sheikh,Active,Yes,Islamabad Capital Territory,Islamabad,23,244
1000000002245,Rashid Baig,Active,Yes,Islamabad Capital Territory,Islamabad,23,245
1000000002246,Yasir Khan,Active,Yes,Islamabad Capital Territory,Islamabad,23,246
1000000002247,Ahmed Malik,Active,Yes,Islamabad Capital Territory,Islamabad,23,247
1000000002248,Zeeshan Qureshi,Active,Yes,Islamabad Capital Territory,Islamabad,23,248
1000000002249,Kamran Khan,Active,Yes,Islamabad Capital Territory,Islamabad,23,249
1000000002250,Zainab Mengal,Active,Yes,Islamabad Capital Territory,Islamabad,23,250
1000000002251,Kashif Qureshi,Active,Yes,Islamabad Capital Territory,Islamabad,23,251
1000000002252,Farhan Jan,Active,Yes,Islamabad Capital Territory,Islamabad,23,252
1000000002253,Muhammad Baig,Active,Yes,Islamabad Capital Territory,Islamabad,23,253
1000000002254,Adnan Rind,Active,Yes,Islamabad Capital Territory,Islamabad,23,254
1000000002255,Waqas Memon,Active,Yes,Islamabad Capital Territory,Islamabad,23,255
1000000002256,Fatima Qureshi,Active,Yes,Islamabad Capital Territory,Islamabad,23,256
1000000002257,Hamza Mahar,Active,Yes,Islamabad Capital Territory,Islamabad,23,257
1000000002258,Farhan Mirza,Active,Yes,Islamabad Capital Territory,Islamabad,23,258
1000000002259,Zeeshan Mahar,Active,Yes,Islamabad Capital Territory,Islamabad,23,259
1000000002260,Hamza Khan,Active,Yes,Islamabad Capital Territory,Islamabad,23,260
1000000002261,Faisal Jan,Active,Yes,Islamabad Capital Territory,Islamabad,23,261
1000000002262,Tariq Butt,Active,Yes,Islamabad Capital Territory,Islamabad,23,262
1000000002263,Tariq Khan,Active,Yes,Islamabad Capital Territory,Islamabad,23,263
1000000002264,Kashif Raza,Active,Yes,Islamabad Capital Territory,Islamabad,23,264
1000000002265,Arsalan Siddiqui,Active,Yes,Islamabad Capital Territory,Islamabad,23,265
1000000002266,Zainab Laghari,Active,Yes,Islamabad Capital Territory,Islamabad,23,266
1000000002267,Fatima Mirza,Active,Yes,Islamabad Capital Territory,Islamabad,23,267
1000000002268,Sana Siddiqui,Active,Yes,Islamabad Capital Territory,Islamabad,23,268
1000000002269,Adnan Sheikh,Active,Yes,Islamabad Capital Territory,Islamabad,23,269
1000000002270,Samina Butt,Active,Yes,Islamabad Capital Territory,Islamabad,23,270
1000000002271,Zainab Khan,Active,Yes,Islamabad Capital Territory,Islamabad,23,271
1000000002272,Zubair Qureshi,Active,Yes,Islamabad Capital Territory,Islamabad,23,272
1000000002273,Adnan Khan,Active,Yes,Islamabad Capital Territory,Islamabad,23,273
1000000002274,Saad Sheikh,Active,Yes,Islamabad Capital Territory,Islamabad,23,274
1000000002275,Rashid Jan,Active,Yes,Islamabad Capital Territory,Islamabad,23,275
1000000002276,Junaid Abbasi,Active,Yes,Islamabad Capital Territory,Islamabad,23,276
1000000002277,Ahmed Qureshi,Active,Yes,Islamabad Capital Territory,Islamabad,23,277
1000000002278,Naveed Ansari,Active,Yes,Islamabad Capital Territory,Islamabad,23,278
1000000002279,Kamran Bhatti,Active,Yes,Islamabad Capital Territory,Islamabad,23,279
1000000002280,Tariq Rind,Active,Yes,Islamabad Capital Territory,Islamabad,23,280
1000000002281,Iqra Jan,Active,Yes,Islamabad Capital Territory,Islamabad,23,281
1000000002282,Ali Ahmed,Active,Yes,Islamabad Capital Territory,Islamabad,23,282
1000000002283,Shahid Memon,Active,Yes,Islamabad Capital Territory,Islamabad,23,283
1000000002284,Naveed Rind,Active,Yes,Islamabad Capital Territory,Islamabad,23,284
1000000002285,Babar Rind,Active,Yes,Islamabad Capital Territory,Islamabad,23,285
1000000002286,Zainab Rind,Active,Yes,Islamabad Capital Territory,Islamabad,23,286
1000000002287,Fatima Bugti,Active,Yes,Islamabad Capital Territory,Islamabad,23,287
1000000002288,Ayesha Memon,Active,Yes,Islamabad Capital Territory,Islamabad,23,288
1000000002289,Tariq Mahar,Active,Yes,Islamabad Capital Territory,Islamabad,23,289
1000000002290,Bilal Ahmed,Active,Yes,Islamabad Capital Territory,Islamabad,23,290
1000000002291,Imran Khattak,Active,Yes,Islamabad Capital Territory,Islamabad,23,291
1000000002292,Ali Chaudhry,Active,Yes,Islamabad Capital Territory,Islamabad,23,292
1000000002293,Imran Memon,Active,Yes,Islamabad Capital Territory,Islamabad,23,293
1000000002294,Bilal Khan,Active,Yes,Islamabad Capital Territory,Islamabad,23,294
1000000002295,Farhan Ahmed,Active,Yes,Islamabad Capital Territory,Islamabad,23,295
1000000002296,Babar Khan,Active,Yes,Islamabad Capital Territory,Islamabad,23,296
1000000002297,Kamran Chaudhry,Active,Yes,Islamabad Capital Territory,Islamabad,23,297
1000000002298,Rashid Khattak,Active,Yes,Islamabad Capital Territory,Islamabad,23,298
1000000002299,Samina Laghari,Active,Yes,Islamabad Capital Territory,Islamabad,23,299
1000000002300,Waqas Mengal,Active,Yes,Islamabad Capital Territory,Islamabad,23,300
1000000002301,Samina Khattak,Active,Yes,Islamabad Capital Territory,Islamabad,24,301
1000000002302,Muhammad Sheikh,Active,Yes,Islamabad Capital Territory,Islamabad,24,302
1000000002303,Sana Sheikh,Active,Yes,Islamabad Capital Territory,Islamabad,24,303
1000000002304,Iqra Bugti,Active,Yes,Islamabad Capital Territory,Islamabad,24,304
1000000002305,Yasir Sheikh,Active,Yes,Islamabad Capital Territory,Islamabad,24,305
1000000002306,Kamran Khattak,Active,Yes,Islamabad Capital Territory,Islamabad,24,306
1000000002307,Fatima Raza,Active,Yes,Islamabad Capital Territory,Islamabad,24,307
1000000002308,Kashif Shah,Active,Yes,Islamabad Capital Territory,Islamabad,24,308
1000000002309,Hamza Butt,Active,Yes,Islamabad Capital Territory,Islamabad,24,309
1000000002310,Hamza Butt,Active,Yes,Islamabad Capital Territory,Islamabad,24,310
1000000002311,Sidra Jan,Active,Yes,Islamabad Capital Territory,Islamabad,24,311
1000000002312,Shahid Butt,Active,Yes,Islamabad Capital Territory,Islamabad,24,312
1000000002313,Junaid Sheikh,Active,Yes,Islamabad Capital Territory,Islamabad,24,313
1000000002314,Babar Mengal,Active,Yes,Islamabad Capital Territory,Islamabad,24,314
1000000002315,Arsalan Malik,Active,Yes,Islamabad Capital Territory,Islamabad,24,315
1000000002316,Junaid Ahmed,Active,Yes,Islamabad Capital Territory,Islamabad,24,316
1000000002317,Muhammad Bhatti,Active,Yes,Islamabad Capital Territory,Islamabad,24,317
1000000002318,Sana Gul,Active,Yes,Islamabad Capital Territory,Islamabad,24,318
1000000002319,Ali Jan,Active,Yes,Islamabad Capital Territory,Islamabad,24,319
1000000002320,Kamran Memon,Active,Yes,Islamabad Capital Territory,Islamabad,24,320
1000000002321,Saad Malik,Active,Yes,Islamabad Capital Territory,Islamabad,24,321
1000000002322,Farhan Ansari,Active,Yes,Islamabad Capital Territory,Islamabad,24,322
1000000002323,Samina Raza,Active,Yes,Islamabad Capital Territory,Islamabad,24,323
1000000002324,Ali Butt,Active,Yes,Islamabad Capital Territory,Islamabad,24,324
1000000002325,Farhan Raza,Active,Yes,Islamabad Capital Territory,Islamabad,24,325
1000000002326,Muhammad Ansari,Active,Yes,Islamabad Capital Territory,Islamabad,24,326
1000000002327,Zainab Khattak,Active,Yes,Islamabad Capital Territory,Islamabad,24,327
1000000002328,Ahmed Chaudhry,Active,Yes,Islamabad Capital Territory,Islamabad,24,328
1000000002329,Hamza Tareen,Active,Yes,Islamabad Capital Territory,Islamabad,24,329
1000000002330,Sidra Shah,Active,Yes,Islamabad Capital Territory,Islamabad,24,330
1000000002331,Iqra Ahmed,Active,Yes,Islamabad Capital Territory,Islamabad,24,331
1000000002332,Adnan Mirza,Active,Yes,Islamabad Capital Territory,Islamabad,24,332
1000000002333,Saad Rind,Active,Yes,Islamabad Capital Territory,Islamabad,24,333
1000000002334,Hira Chaudhry,Active,Yes,Islamabad Capital Territory,Islamabad,24,334
1000000002335,Asim Laghari,Active,Yes,Islamabad Capital Territory,Islamabad,24,335
1000000002336,Adnan Mirza,Active,Yes,Islamabad Capital Territory,Islamabad,24,336
1000000002337,Iqra Raza,Active,Yes,Islamabad Capital Territory,Islamabad,24,337
1000000002338,Tariq Khattak,Active,Yes,Islamabad Capital Territory,Islamabad,24,338
1000000002339,Usman Tareen,Active,Yes,Islamabad Capital Territory,Islamabad,24,339
1000000002340,Yasir Ahmed,Active,Yes,Islamabad Capital Territory,Islamabad,24,340
1000000002341,Waqas Tareen,Active,Yes,Islamabad Capital Territory,Islamabad,24,341
1000000002342,Tariq Mirza,Active,Yes,Islamabad Capital Territory,Islamabad,24,342
1000000002343,Shahid Mirza,Active,Yes,Islamabad Capital Territory,Islamabad,24,343
1000000002344,Tariq Ahmed,Active,Yes,Islamabad Capital Territory,Islamabad,24,344
1000000002345,Sana Ansari,Active,Yes,Islamabad Capital Territory,Islamabad,24,345
1000000002346,Ali Butt,Active,Yes,Islamabad Capital Territory,Islamabad,24,346
1000000002347,Farhan Mengal,Active,Yes,Islamabad Capital Territory,Islamabad,24,347
1000000002348,Sana Khattak,Active,Yes,Islamabad Capital Territory,Islamabad,24,348
1000000002349,Faisal Jan,Active,Yes,Islamabad Capital Territory,Islamabad,24,349
1000000002350,Faisal Shah,Active,Yes,Islamabad Capital Territory,Islamabad,24,350
1000000002351,Kashif Mahar,Active,Yes,Islamabad Capital Territory,Islamabad,24,351
1000000002352,Hira Shah,Active,Yes,Islamabad Capital Territory,Islamabad,24,352
1000000002353,Hira Khan,Active,Yes,Islamabad Capital Territory,Islamabad,24,353
1000000002354,Fatima Raza,Active,Yes,Islamabad Capital Territory,Islamabad,24,354
1000000002355,Zeeshan Mirza,Active,Yes,Islamabad Capital Territory,Islamabad,24,355
1000000002356,Rashid Abbasi,Active,Yes,Islamabad Capital Territory,Islamabad,24,356
1000000002357,Zeeshan Sheikh,Active,Yes,Islamabad Capital Territory,Islamabad,24,357
1000000002358,Sidra Bugti,Active,Yes,Islamabad Capital Territory,Islamabad,24,358
1000000002359,Yasir Sheikh,Active,Yes,Islamabad Capital Territory,Islamabad,24,359
1000000002360,Yasir Mengal,Active,Yes,Islamabad Capital Territory,Islamabad,24,360
1000000002361,Muhammad Sheikh,Active,Yes,Islamabad Capital Territory,Islamabad,24,361
1000000002362,Sana Khattak,Active,Yes,Islamabad Capital Territory,Islamabad,24,362
1000000002363,Faisal Sheikh,Active,Yes,Islamabad Capital Territory,Islamabad,24,363
1000000002364,Hamza Shah,Active,Yes,Islamabad Capital Territory,Islamabad,24,364
1000000002365,Ahmed Malik,Active,Yes,Islamabad Capital Territory,Islamabad,24,365
1000000002366,Bilal Bhatti,Active,Yes,Islamabad Capital Territory,Islamabad,24,366
1000000002367,Arsalan Laghari,Active,Yes,Islamabad Capital Territory,Islamabad,24,367
1000000002368,Ayesha Khattak,Active,Yes,Islamabad Capital Territory,Islamabad,24,368
1000000002369,Arsalan Baig,Active,Yes,Islamabad Capital Territory,Islamabad,24,369
1000000002370,Asim Abbasi,Active,Yes,Islamabad Capital Territory,Islamabad,24,370
1000000002371,Farhan Ahmed,Active,Yes,Islamabad Capital Territory,Islamabad,24,371
1000000002372,Usman Shah,Active,Yes,Islamabad Capital Territory,Islamabad,24,372
1000000002373,Samina Khan,Active,Yes,Islamabad Capital Territory,Islamabad,24,373
1000000002374,Ali Malik,Active,Yes,Islamabad Capital Territory,Islamabad,24,374
1000000002375,Zainab Abbasi,Active,Yes,Islamabad Capital Territory,Islamabad,24,375
1000000002376,Tariq Ansari,Active,Yes,Islamabad Capital Territory,Islamabad,24,376
1000000002377,Tariq Baig,Active,Yes,Islamabad Capital Territory,Islamabad,24,377
1000000002378,Iqra Gul,Active,Yes,Islamabad Capital Territory,Islamabad,24,378
1000000002379,Hamza Bugti,Active,Yes,Islamabad Capital Territory,Islamabad,24,379
1000000002380,Ahmed Ahmed,Active,Yes,Islamabad Capital Territory,Islamabad,24,380
1000000002381,Sidra Khan,Active,Yes,Islamabad Capital Territory,Islamabad,24,381
1000000002382,Junaid Laghari,Active,Yes,Islamabad Capital Territory,Islamabad,24,382
1000000002383,Bilal Gul,Active,Yes,Islamabad Capital Territory,Islamabad,24,383
1000000002384,Zubair Mirza,Active,Yes,Islamabad Capital Territory,Islamabad,24,384
1000000002385,Imran Butt,Active,Yes,Islamabad Capital Territory,Islamabad,24,385
1000000002386,Rabia Memon,Active,Yes,Islamabad Capital Territory,Islamabad,24,386
1000000002387,Kamran Raza,Active,Yes,Islamabad Capital Territory,Islamabad,24,387
1000000002388,Sana Rind,Active,Yes,Islamabad Capital Territory,Islamabad,24,388
1000000002389,Hamza Gul,Active,Yes,Islamabad Capital Territory,Islamabad,24,389
1000000002390,Asim Bhatti,Active,Yes,Islamabad Capital Territory,Islamabad,24,390
1000000002391,Tariq Mirza,Active,Yes,Islamabad Capital Territory,Islamabad,24,391
1000000002392,Sidra Shah,Active,Yes,Islamabad Capital Territory,Islamabad,24,392
1000000002393,Asim Khattak,Active,Yes,Islamabad Capital Territory,Islamabad,24,393
1000000002394,Rashid Khan,Active,Yes,Islamabad Capital Territory,Islamabad,24,394
1000000002395,Asim Ansari,Active,Yes,Islamabad Capital Territory,Islamabad,24,395
1000000002396,Zeeshan Qureshi,Active,Yes,Islamabad Capital Territory,Islamabad,24,396
1000000002397,Bilal Siddiqui,Active,Yes,Islamabad Capital Territory,Islamabad,24,397
1000000002398,Shahid Butt,Active,Yes,Islamabad Capital Territory,Islamabad,24,398
1000000002399,Zeeshan Abbasi,Active,Yes,Islamabad Capital Territory,Islamabad,24,399
1000000002400,Saad Raza,Active,Yes,Islamabad Capital Territory,Islamabad,24,400
1000000002401,Ayesha Khan,Active,Yes,Islamabad Capital Territory,Islamabad,25,401
1000000002402,Farhan Butt,Active,Yes,Islamabad Capital Territory,Islamabad,25,402
1000000002403,Muhammad Siddiqui,Active,Yes,Islamabad Capital Territory,Islamabad,25,403
1000000002404,Iqra Memon,Active,Yes,Islamabad Capital Territory,Islamabad,25,404
1000000002405,Kashif Bhatti,Active,Yes,Islamabad Capital Territory,Islamabad,25,405
1000000002406,Junaid Bugti,Active,Yes,Islamabad Capital Territory,Islamabad,25,406
1000000002407,Kamran Mirza,Active,Yes,Islamabad Capital Territory,Islamabad,25,407
1000000002408,Farhan Mahar,Active,Yes,Islamabad Capital Territory,Islamabad,25,408
1000000002409,Shahid Khattak,Active,Yes,Islamabad Capital Territory,Islamabad,25,409
1000000002410,Adnan Bhatti,Active,Yes,Islamabad Capital Territory,Islamabad,25,410
1000000002411,Arsalan Gul,Active,Yes,Islamabad Capital Territory,Islamabad,25,411
1000000002412,Junaid Mengal,Active,Yes,Islamabad Capital Territory,Islamabad,25,412
1000000002413,Faisal Memon,Active,Yes,Islamabad Capital Territory,Islamabad,25,413
1000000002414,Farhan Khattak,Active,Yes,Islamabad Capital Territory,Islamabad,25,414
1000000002415,Maryam Baig,Active,Yes,Islamabad Capital Territory,Islamabad,25,415
1000000002416,Arsalan Abbasi,Active,Yes,Islamabad Capital Territory,Islamabad,25,416
1000000002417,Ahmed Mirza,Active,Yes,Islamabad Capital Territory,Islamabad,25,417
1000000002418,Fatima Ahmed,Active,Yes,Islamabad Capital Territory,Islamabad,25,418
1000000002419,Rashid Siddiqui,Active,Yes,Islamabad Capital Territory,Islamabad,25,419
1000000002420,Junaid Laghari,Active,Yes,Islamabad Capital Territory,Islamabad,25,420
1000000002421,Hira Raza,Active,Yes,Islamabad Capital Territory,Islamabad,25,421
1000000002422,Ayesha Ahmed,Active,Yes,Islamabad Capital Territory,Islamabad,25,422
1000000002423,Fatima Sheikh,Active,Yes,Islamabad Capital Territory,Islamabad,25,423
1000000002424,Naveed Khan,Active,Yes,Islamabad Capital Territory,Islamabad,25,424
1000000002425,Bilal Chaudhry,Active,Yes,Islamabad Capital Territory,Islamabad,25,425
1000000002426,Ali Baig,Active,Yes,Islamabad Capital Territory,Islamabad,25,426
1000000002427,Farhan Laghari,Active,Yes,Islamabad Capital Territory,Islamabad,25,427
1000000002428,Hira Gul,Active,Yes,Islamabad Capital Territory,Islamabad,25,428
1000000002429,Maryam Mahar,Active,Yes,Islamabad Capital Territory,Islamabad,25,429
1000000002430,Junaid Ansari,Active,Yes,Islamabad Capital Territory,Islamabad,25,430
1000000002431,Arsalan Chaudhry,Active,Yes,Islamabad Capital Territory,Islamabad,25,431
1000000002432,Adnan Qureshi,Active,Yes,Islamabad Capital Territory,Islamabad,25,432
1000000002433,Muhammad Khattak,Active,Yes,Islamabad Capital Territory,Islamabad,25,433
1000000002434,Sana Ahmed,Active,Yes,Islamabad Capital Territory,Islamabad,25,434
1000000002435,Junaid Baig,Active,Yes,Islamabad Capital Territory,Islamabad,25,435
1000000002436,Muhammad Khattak,Active,Yes,Islamabad Capital Territory,Islamabad,25,436
1000000002437,Zeeshan Mengal,Active,Yes,Islamabad Capital Territory,Islamabad,25,437
1000000002438,Farhan Ansari,Active,Yes,Islamabad Capital Territory,Islamabad,25,438
1000000002439,Sana Butt,Active,Yes,Islamabad Capital Territory,Islamabad,25,439
1000000002440,Samina Bugti,Active,Yes,Islamabad Capital Territory,Islamabad,25,440
1000000002441,Saad Mahar,Active,Yes,Islamabad Capital Territory,Islamabad,25,441
1000000002442,Muhammad Shah,Active,Yes,Islamabad Capital Territory,Islamabad,25,442
1000000002443,Adnan Ansari,Active,Yes,Islamabad Capital Territory,Islamabad,25,443
1000000002444,Zubair Ahmed,Active,Yes,Islamabad Capital Territory,Islamabad,25,444
1000000002445,Adnan Memon,Active,Yes,Islamabad Capital Territory,Islamabad,25,445
1000000002446,Rashid Bugti,Active,Yes,Islamabad Capital Territory,Islamabad,25,446
1000000002447,Yasir Mahar,Active,Yes,Islamabad Capital Territory,Islamabad,25,447
1000000002448,Sana Abbasi,Active,Yes,Islamabad Capital Territory,Islamabad,25,448
1000000002449,Zainab Khattak,Active,Yes,Islamabad Capital Territory,Islamabad,25,449
1000000002450,Kashif Baig,Active,Yes,Islamabad Capital Territory,Islamabad,25,450
1000000002451,Hamza Chaudhry,Active,Yes,Islamabad Capital Territory,Islamabad,25,451
1000000002452,Zainab Laghari,Active,Yes,Islamabad Capital Territory,Islamabad,25,452
1000000002453,Kamran Bhatti,Active,Yes,Islamabad Capital Territory,Islamabad,25,453
1000000002454,Ayesha Siddiqui,Active,Yes,Islamabad Capital Territory,Islamabad,25,454
1000000002455,Yasir Ansari,Active,Yes,Islamabad Capital Territory,Islamabad,25,455
1000000002456,Imran Qureshi,Active,Yes,Islamabad Capital Territory,Islamabad,25,456
1000000002457,Sidra Chaudhry,Active,Yes,Islamabad Capital Territory,Islamabad,25,457
1000000002458,Babar Abbasi,Active,Yes,Islamabad Capital Territory,Islamabad,25,458
1000000002459,Ahmed Laghari,Active,Yes,Islamabad Capital Territory,Islamabad,25,459
1000000002460,Saad Khattak,Active,Yes,Islamabad Capital Territory,Islamabad,25,460
1000000002461,Rashid Mengal,Active,Yes,Islamabad Capital Territory,Islamabad,25,461
1000000002462,Usman Ahmed,Active,Yes,Islamabad Capital Territory,Islamabad,25,462
1000000002463,Sidra Jan,Active,Yes,Islamabad Capital Territory,Islamabad,25,463
1000000002464,Bilal Ansari,Active,Yes,Islamabad Capital Territory,Islamabad,25,464
1000000002465,Hira Khan,Active,Yes,Islamabad Capital Territory,Islamabad,25,465
1000000002466,Imran Rind,Active,Yes,Islamabad Capital Territory,Islamabad,25,466
1000000002467,Zubair Khan,Active,Yes,Islamabad Capital Territory,Islamabad,25,467
1000000002468,Zainab Abbasi,Active,Yes,Islamabad Capital Territory,Islamabad,25,468
1000000002469,Samina Khattak,Active,Yes,Islamabad Capital Territory,Islamabad,25,469
1000000002470,Zeeshan Mirza,Active,Yes,Islamabad Capital Territory,Islamabad,25,470
1000000002471,Iqra Siddiqui,Active,Yes,Islamabad Capital Territory,Islamabad,25,471
1000000002472,Usman Mengal,Active,Yes,Islamabad Capital Territory,Islamabad,25,472
1000000002473,Faisal Memon,Active,Yes,Islamabad Capital Territory,Islamabad,25,473
1000000002474,Junaid Shah,Active,Yes,Islamabad Capital Territory,Islamabad,25,474
1000000002475,Saad Laghari,Active,Yes,Islamabad Capital Territory,Islamabad,25,475
1000000002476,Saad Shah,Active,Yes,Islamabad Capital Territory,Islamabad,25,476
1000000002477,Bilal Gul,Active,Yes,Islamabad Capital Territory,Islamabad,25,477
1000000002478,Ayesha Shah,Active,Yes,Islamabad Capital Territory,Islamabad,25,478
1000000002479,Sana Baig,Active,Yes,Islamabad Capital Territory,Islamabad,25,479
1000000002480,Shahid Sheikh,Active,Yes,Islamabad Capital Territory,Islamabad,25,480
1000000002481,Ahmed Shah,Active,Yes,Islamabad Capital Territory,Islamabad,25,481
1000000002482,Kamran Shah,Active,Yes,Islamabad Capital Territory,Islamabad,25,482
1000000002483,Farhan Bugti,Active,Yes,Islamabad Capital Territory,Islamabad,25,483
1000000002484,Muhammad Shah,Active,Yes,Islamabad Capital Territory,Islamabad,25,484
1000000002485,Iqra Abbasi,Active,Yes,Islamabad Capital Territory,Islamabad,25,485
1000000002486,Fatima Malik,Active,Yes,Islamabad Capital Territory,Islamabad,25,486
1000000002487,Rashid Malik,Active,Yes,Islamabad Capital Territory,Islamabad,25,487
1000000002488,Maryam Shah,Active,Yes,Islamabad Capital Territory,Islamabad,25,488
1000000002489,Sidra Baig,Active,Yes,Islamabad Capital Territory,Islamabad,25,489
1000000002490,Waqas Chaudhry,Active,Yes,Islamabad Capital Territory,Islamabad,25,490
1000000002491,Iqra Ahmed,Active,Yes,Islamabad Capital Territory,Islamabad,25,491
1000000002492,Imran Mengal,Active,Yes,Islamabad Capital Territory,Islamabad,25,492
1000000002493,Imran Rind,Active,Yes,Islamabad Capital Territory,Islamabad,25,493
1000000002494,Maryam Memon,Active,Yes,Islamabad Capital Territory,Islamabad,25,494
1000000002495,Junaid Jan,Active,Yes,Islamabad Capital Territory,Islamabad,25,495
1000000002496,Ali Butt,Active,Yes,Islamabad Capital Territory,Islamabad,25,496
1000000002497,Imran Bugti,Active,Yes,Islamabad Capital Territory,Islamabad,25,497
1000000002498,Yasir Chaudhry,Active,Yes,Islamabad Capital Territory,Islamabad,25,498
1000000002499,Maryam Qureshi,Active,Yes,Islamabad Capital Territory,Islamabad,25,499
1000000002500,Adnan Laghari,Active,Yes,Islamabad Capital Territory,Islamabad,25,500